ConstCode,Const,onep16-49,onep16-49p,onep50-99,onep50-99p,othermixed16-49,othermixed16-49p,othermixed50-99,othermixed50-99p,singlefam0-15,singlefam0-15p,singlefam16-49,singlefam16-49p,singlefam50-99,singlefam50-99p
E14001063,Aldershot,3733,3.20%,8372,7.30%,9021,7.80%,5172,4.50%,19486,16.90%,40183,34.90%,26967,23.40%
E14001064,Aldridge-Brownhills,2066,2.20%,9029,9.70%,3902,4.20%,2875,3.10%,15145,16.30%,29785,32.00%,28881,31.00%
E14001065,Altrincham and Sale West,2634,2.70%,8642,8.60%,3563,3.50%,2428,2.40%,20252,20.20%,34321,34.20%,27173,27.10%
E14001066,Amber Valley,3298,3.60%,9186,10.30%,2866,3.20%,1985,2.20%,14391,16.10%,29070,32.50%,27843,31.10%
E14001067,Arundel and South Downs,1645,1.70%,10383,10.90%,3226,3.50%,3094,3.20%,14183,14.90%,25653,26.90%,36363,38.10%
E14001068,Ashfield,3157,3.40%,8838,9.40%,3722,3.90%,2337,2.50%,16323,17.30%,31346,33.30%,27146,28.80%
E14001069,Ashford,3014,2.80%,7744,7.30%,6635,6.20%,4050,3.80%,19964,18.80%,36360,34.30%,26350,24.80%
E14001070,Ashton-under-Lyne,4109,4.20%,9554,9.60%,5667,5.80%,2926,2.90%,18320,18.40%,33419,33.60%,23203,23.30%
E14001071,Aylesbury,3882,3.60%,8303,7.60%,6552,6.00%,3296,3.00%,20514,18.90%,37956,35.00%,26184,24.10%
E14001072,Banbury,3340,3.30%,8653,8.60%,6422,6.50%,2982,3.00%,17143,17.10%,32305,32.10%,27874,27.80%
E14001073,Barking,3986,3.00%,6285,4.70%,18924,14.20%,6550,4.90%,28379,21.30%,45101,33.80%,17241,12.90%
E14001074,Barnsley North,4244,4.10%,9899,9.50%,4164,3.90%,2273,2.20%,17910,17.30%,35132,33.80%,28720,27.70%
E14001075,Barnsley South,4456,4.30%,10424,10.00%,4358,4.20%,2185,2.10%,18233,17.50%,34905,33.50%,28165,27.00%
E14001076,Barrow and Furness,4458,4.60%,11336,11.80%,2704,2.70%,1909,2.00%,15179,15.70%,29727,30.80%,30185,31.30%
E14001077,Basildon and Billericay,3231,3.00%,8728,8.10%,5828,5.40%,3265,3.00%,21378,19.80%,37499,34.80%,25692,23.80%
E14001078,Basingstoke,4352,3.90%,8270,7.60%,7183,6.50%,3366,3.10%,19381,17.70%,39112,35.70%,26072,23.80%
E14001079,Bassetlaw,3515,3.50%,10477,10.20%,3564,3.50%,2377,2.30%,17106,16.70%,32694,32.00%,31342,30.60%
E14001080,Bath,4131,4.30%,9292,9.60%,15056,15.60%,2258,2.30%,14006,14.50%,27546,28.50%,23246,24.10%
E14001081,Battersea,7702,7.10%,7296,6.70%,23482,21.70%,3263,3.00%,15302,14.10%,36076,33.30%,13432,12.40%
E14001082,Beaconsfield,2219,2.30%,8687,9.10%,5222,5.40%,3964,4.10%,16334,17.10%,29407,30.70%,28191,29.50%
E14001083,Beckenham and Penge,5095,4.80%,9767,9.20%,6590,6.20%,3361,3.20%,18479,17.30%,37511,35.20%,24171,22.70%
E14001084,Bedford,4948,4.60%,9403,8.70%,9521,8.80%,3897,3.60%,18643,17.30%,35502,32.90%,23309,21.60%
E14001085,Bermondsey and Old Southwark,9416,9.10%,7757,7.50%,22122,21.30%,3311,3.20%,13084,12.60%,34137,32.90%,11961,11.50%
E14001086,Bethnal Green and Stepney,8781,7.30%,5864,4.90%,28678,23.70%,4384,3.60%,18571,15.40%,39171,32.40%,10506,8.70%
E14001087,Beverley and Holderness,2271,2.60%,9746,11.10%,2222,2.60%,2187,2.50%,12679,14.40%,25239,28.70%,32683,37.20%
E14001088,Bexhill and Battle,1752,1.90%,11176,12.80%,3612,4.20%,3673,4.20%,11687,13.40%,21606,24.70%,32653,37.30%
E14001089,Bexleyheath and Crayford,2170,2.10%,7312,7.40%,6787,6.90%,3978,4.00%,17802,18.10%,33544,34.10%,24213,24.60%
E14001090,Bicester and Woodstock,2774,2.80%,7689,7.70%,5890,5.90%,3184,3.20%,17248,17.30%,33976,34.10%,27639,27.70%
E14001091,Birkenhead,5714,5.50%,12399,11.90%,4207,4.00%,2947,2.80%,18903,18.10%,33848,32.40%,24986,23.90%
E14001092,Birmingham Edgbaston,5664,5.50%,9627,9.40%,10914,10.70%,3877,3.80%,18307,17.80%,32782,31.90%,19008,18.50%
E14001093,Birmingham Erdington,5108,4.20%,11524,9.60%,10332,8.60%,4771,4.00%,23357,19.40%,39036,32.40%,22787,18.90%
E14001094,Birmingham Hall Green and Moseley,4118,3.50%,7094,6.10%,15805,13.60%,6820,5.90%,21375,18.40%,36788,31.70%,17930,15.40%
E14001095,Birmingham Hodge Hill and Solihull North,3234,2.60%,8547,7.00%,10985,9.10%,4829,4.00%,26925,22.10%,41264,34.00%,21006,17.30%
E14001096,Birmingham Ladywood,12047,8.60%,7781,5.50%,21767,15.40%,5704,4.00%,28441,20.10%,46359,32.90%,12707,9.00%
E14001097,Birmingham Northfield,4270,4.00%,10638,9.90%,5708,5.40%,2970,2.80%,21586,20.20%,36179,33.80%,23535,22.00%
E14001098,Birmingham Perry Barr,3696,3.00%,7003,5.80%,17540,14.60%,7490,6.20%,22159,18.40%,37713,31.30%,17736,14.70%
E14001099,Birmingham Selly Oak,4293,4.10%,8711,8.40%,17797,17.10%,3167,3.00%,17317,16.60%,30996,29.80%,19736,19.00%
E14001100,Birmingham Yardley,3222,2.90%,7818,6.90%,12277,10.80%,5143,4.60%,22663,20.10%,37070,32.90%,19512,17.30%
E14001101,Bishop Auckland,3772,4.10%,11056,12.10%,2463,2.70%,1986,2.20%,14569,16.00%,26646,29.30%,29716,32.60%
E14001102,Blackburn,3627,3.30%,8098,7.30%,9345,8.40%,4456,4.00%,23222,20.90%,38440,34.50%,19952,17.90%
E14001103,Blackley and Middleton South,4553,4.10%,9666,8.80%,8629,7.80%,3849,3.50%,23308,21.20%,36323,33.10%,19944,18.10%
E14001104,Blackpool North and Fleetwood,3025,3.30%,12162,12.90%,3383,3.60%,2695,2.90%,13958,14.90%,26983,28.70%,30578,32.60%
E14001105,Blackpool South,5682,5.40%,13316,12.50%,6486,6.10%,4242,4.00%,17730,16.60%,32180,30.10%,25016,23.40%
E14001106,Blaydon and Consett,3710,4.00%,10011,11.00%,2451,2.70%,1728,1.90%,14993,16.50%,29608,32.60%,27454,30.20%
E14001107,Blyth and Ashington,4954,4.90%,11273,11.20%,2535,2.50%,1937,1.90%,17353,17.30%,32364,32.20%,29110,28.90%
E14001108,Bognor Regis and Littlehampton,2888,2.70%,12594,12.00%,6154,5.90%,4022,3.80%,15340,14.70%,29322,28.10%,32707,31.30%
E14001109,Bolsover,3354,3.30%,9944,10.00%,3533,3.50%,2426,2.40%,16195,16.30%,32871,33.20%,29850,30.00%
E14001110,Bolton North East,4470,3.90%,10853,9.60%,6287,5.60%,3265,2.90%,21252,18.80%,37230,32.90%,27400,24.20%
E14001111,Bolton South and Walkden,4734,3.90%,9741,8.00%,9249,7.50%,3983,3.30%,25849,21.10%,41807,34.20%,22743,18.60%
E14001112,Bolton West,3128,3.20%,8909,9.10%,4200,4.30%,2640,2.70%,17002,17.40%,32177,32.90%,27877,28.50%
E14001113,Bootle,4806,4.80%,11278,11.20%,4791,4.80%,3174,3.20%,17306,17.20%,33466,33.20%,24249,24.10%
E14001114,Boston and Skegness,3126,2.70%,11634,10.10%,7533,6.50%,4707,4.10%,17057,14.80%,32388,28.20%,36003,31.30%
E14001115,Bournemouth East,5048,4.90%,10870,10.40%,9742,9.30%,3953,3.80%,17062,16.30%,33018,31.50%,23472,22.40%
E14001116,Bournemouth West,4885,4.80%,10213,10.10%,13765,13.60%,3817,3.80%,14253,14.10%,30038,29.70%,22576,22.30%
E14001117,Bracknell,3631,3.60%,7376,7.40%,6227,6.30%,3211,3.20%,18306,18.40%,35914,36.00%,23404,23.50%
E14001118,Bradford East,4018,3.40%,7703,6.50%,11040,9.30%,4632,3.90%,26327,22.20%,41181,34.70%,18684,15.80%
E14001119,Bradford South,4120,3.80%,9183,8.50%,6473,5.90%,3285,3.00%,23012,21.20%,37221,34.30%,22567,20.80%
E14001120,Bradford West,5392,4.60%,6465,5.50%,15605,13.20%,6242,5.30%,23416,19.80%,38293,32.40%,15664,13.30%
E14001121,Braintree,2713,2.60%,8780,8.50%,4132,4.00%,3021,2.90%,17803,17.30%,34063,33.00%,31341,30.40%
E14001122,Brent East,5400,4.00%,9119,6.80%,22238,16.60%,8383,6.30%,21666,16.20%,40550,30.30%,21164,15.80%
E14001123,Brent West,3088,2.30%,5587,4.30%,30081,23.00%,11596,8.90%,16122,12.40%,35146,26.90%,20721,15.90%
E14001124,Brentford and Isleworth,4562,3.60%,7507,5.90%,18506,14.40%,7423,5.80%,21711,16.90%,42567,33.20%,21384,16.70%
E14001125,Brentwood and Ongar,2891,3.00%,8694,8.90%,3976,4.10%,3040,3.10%,16722,17.20%,32408,33.30%,28415,29.20%
E14001126,Bridgwater,3142,3.20%,9668,9.90%,5180,5.30%,3252,3.30%,16035,16.40%,29987,30.60%,29313,29.90%
E14001127,Bridlington and The Wolds,2530,2.80%,11295,12.50%,2786,3.10%,2689,3.00%,12891,14.20%,23911,26.40%,33582,37.00%
E14001128,Brigg and Immingham,2229,2.50%,9127,10.20%,2754,3.00%,2101,2.30%,13927,15.50%,27259,30.30%,31413,35.00%
E14001129,Brighton Kemptown and Peacehaven,4018,4.20%,10073,10.80%,12545,13.50%,3703,4.00%,12693,13.70%,26634,28.60%,21959,23.60%
E14001130,Brighton Pavilion,6182,6.30%,8621,8.80%,17554,17.90%,2911,3.00%,13287,13.60%,29898,30.40%,18505,18.90%
E14001131,Bristol Central,7408,8.60%,5736,6.70%,25377,29.50%,1762,2.10%,8816,10.30%,25029,29.10%,10951,12.80%
E14001132,Bristol East,5712,5.30%,8368,7.70%,12919,11.90%,3261,3.00%,18992,17.50%,37715,34.90%,19228,17.80%
E14001133,Bristol North East,3775,3.90%,8081,8.30%,11220,11.60%,3030,3.10%,16844,17.30%,32728,33.60%,19848,20.40%
E14001134,Bristol North West,2992,2.80%,8732,8.30%,12520,11.90%,3014,2.90%,19468,18.50%,34054,32.30%,23052,21.90%
E14001135,Bristol South,4498,4.40%,7924,7.60%,11588,11.20%,3006,2.90%,18470,17.80%,36798,35.40%,19717,19.00%
E14001136,Broadland and Fakenham,2206,2.40%,9115,9.90%,2779,3.00%,2502,2.70%,14033,15.20%,27641,29.90%,33074,35.80%
E14001137,Bromley and Biggin Hill,2725,2.80%,7729,8.00%,5632,5.80%,3290,3.40%,17720,18.30%,33415,34.40%,24844,25.60%
E14001138,Bromsgrove,2422,2.60%,8870,9.10%,3060,3.10%,2528,2.60%,16749,17.20%,30972,32.00%,31463,32.40%
E14001139,Broxbourne,3220,3.00%,8803,8.20%,6272,5.80%,3634,3.40%,19111,17.80%,36704,34.20%,27741,25.80%
E14001140,Broxtowe,3393,3.70%,9242,10.00%,5700,6.10%,1991,2.10%,14591,15.70%,29255,31.60%,27501,29.70%
E14001141,Buckingham and Bletchley,2802,2.60%,7365,7.10%,6219,5.90%,3227,3.10%,19959,19.10%,35373,33.90%,27338,26.20%
E14001142,Burnley,4258,3.90%,10360,9.50%,7635,7.00%,3502,3.20%,20079,18.50%,34426,31.70%,25497,23.50%
E14001143,Burton and Uttoxeter,4033,3.70%,9480,8.60%,6671,6.10%,3069,2.80%,19401,17.50%,36744,33.30%,29078,26.30%
E14001144,Bury North,3594,3.60%,9666,9.50%,5165,5.10%,2760,2.70%,17916,17.50%,33105,32.50%,27905,27.30%
E14001145,Bury South,4040,3.90%,9277,8.80%,5651,5.40%,3031,2.90%,21923,20.70%,36278,34.20%,23652,22.40%
E14001146,Bury St Edmunds and Stowmarket,4172,4.20%,10011,10.00%,3713,3.70%,2469,2.50%,16012,16.00%,31666,31.70%,31030,31.00%
E14001147,Calder Valley,3910,3.90%,10978,11.20%,3169,3.20%,2255,2.30%,16283,16.60%,30637,31.20%,29937,30.40%
E14001148,Camborne and Redruth,2885,2.90%,10187,10.50%,4978,5.10%,3746,3.90%,16058,16.50%,29163,30.00%,28689,29.50%
E14001149,Cambridge,6664,6.30%,7944,7.50%,19536,18.60%,3429,3.30%,15290,14.50%,32856,31.20%,17812,16.90%
E14001150,Cannock Chase,3570,3.60%,8995,9.00%,3638,3.70%,2506,2.50%,16798,16.80%,34275,34.30%,29013,29.00%
E14001151,Canterbury,3256,3.30%,9228,9.30%,13344,13.50%,3321,3.40%,14348,14.50%,27228,27.50%,26592,26.90%
E14001152,Carlisle,5239,5.20%,11668,11.50%,3576,3.50%,1965,1.90%,16557,16.30%,31929,31.40%,29682,29.20%
E14001153,Carshalton and Wallington,3115,2.90%,7427,7.10%,6897,6.60%,4117,3.90%,20187,19.30%,37429,35.80%,23142,22.10%
E14001154,Castle Point,1753,1.90%,8634,9.50%,3912,4.30%,3221,3.50%,14015,15.40%,28261,31.10%,29809,32.70%
E14001155,Central Devon,2067,2.30%,9841,10.60%,3710,4.00%,3582,3.90%,14217,15.40%,25808,27.90%,32134,34.70%
E14001156,Central Suffolk and North Ipswich,2129,2.30%,8396,9.00%,3405,3.70%,2562,2.80%,15289,16.50%,29140,31.40%,30879,33.20%
E14001157,Chatham and Aylesford,3136,3.00%,8273,7.90%,6050,5.70%,3410,3.20%,20334,19.30%,37126,35.20%,24879,23.60%
E14001158,Cheadle,2044,2.10%,8802,9.30%,3786,4.10%,2772,2.90%,16731,17.60%,30538,32.20%,28735,30.30%
E14001159,Chelmsford,4429,4.10%,8930,8.40%,5976,5.60%,2378,2.20%,19123,18.00%,37967,35.90%,25970,24.50%
E14001160,Chelsea and Fulham,9405,8.00%,11204,9.40%,21482,18.20%,4776,4.00%,15444,13.00%,35386,29.90%,18710,15.80%
E14001161,Cheltenham,5640,5.80%,10384,10.70%,7072,7.20%,2104,2.20%,15518,16.00%,30968,31.90%,24572,25.30%
E14001162,Chesham and Amersham,1954,1.90%,8020,8.20%,4287,4.40%,2991,3.00%,18329,18.70%,31041,31.60%,30100,30.60%
E14001163,Chester North and Neston,4148,4.60%,10141,11.20%,6696,7.40%,2156,2.40%,13464,14.80%,27734,30.50%,25587,28.20%
E14001164,Chester South and Eddisbury,2130,2.30%,8270,8.90%,2670,2.90%,2357,2.50%,15160,16.40%,28083,30.30%,33167,35.80%
E14001165,Chesterfield,4711,5.10%,10829,11.70%,2882,3.10%,1755,1.90%,14898,16.10%,29207,31.60%,27293,29.50%
E14001166,Chichester,2487,2.50%,11914,11.80%,6189,6.10%,3512,3.50%,14769,14.70%,27719,27.50%,32860,32.60%
E14001167,Chingford and Woodford Green,3009,2.70%,8252,7.50%,10163,9.10%,5033,4.60%,18757,17.00%,36669,33.20%,25307,22.90%
E14001168,Chippenham,2979,3.10%,8584,9.10%,3387,3.60%,2309,2.40%,16087,17.00%,31811,33.50%,28658,30.20%
E14001169,Chipping Barnet,3176,2.80%,8283,7.40%,8614,7.70%,5024,4.50%,20022,17.90%,37070,33.10%,27214,24.30%
E14001170,Chorley,3717,3.70%,9388,9.40%,3165,3.20%,2208,2.20%,17853,17.80%,33965,33.90%,28847,28.80%
E14001171,Christchurch,1531,1.80%,10862,12.50%,3277,3.80%,3191,3.70%,11415,13.10%,21797,25.10%,34009,39.10%
E14001172,Cities of London and Westminster,14378,12.40%,12940,11.10%,18979,16.30%,4824,4.10%,11551,9.90%,32378,27.90%,19434,16.70%
E14001173,City of Durham,4370,4.80%,9378,10.30%,9051,9.90%,1736,1.90%,13677,15.00%,26285,28.80%,25940,28.40%
E14001174,Clacton,2495,2.60%,13527,13.90%,4097,4.20%,3997,4.10%,13136,13.50%,23933,24.60%,34159,35.20%
E14001175,Clapham and Brixton Hill,6787,6.50%,6835,6.60%,27954,27.00%,4357,4.20%,12630,12.20%,31097,30.00%,12112,11.70%
E14001176,Colchester,5282,4.80%,8868,7.90%,8989,8.10%,2905,2.60%,21341,19.10%,39717,35.60%,22916,20.50%
E14001177,Colne Valley,3386,3.70%,9072,9.80%,2789,3.00%,1908,2.10%,15945,17.30%,30313,32.80%,27993,30.30%
E14001178,Congleton,2818,3.10%,8906,10.00%,2212,2.50%,1799,2.00%,14658,16.40%,28003,31.40%,30046,33.70%
E14001179,Corby and East Northamptonshire,2929,2.60%,8859,7.70%,7894,6.80%,3762,3.30%,20632,17.90%,38233,33.20%,30538,26.50%
E14001180,Coventry East,4501,3.80%,9450,8.00%,10659,9.10%,4154,3.50%,23666,20.10%,39638,33.60%,22274,18.90%
E14001181,Coventry North West,4386,4.10%,9401,8.80%,9177,8.60%,3378,3.20%,18661,17.50%,35330,33.20%,23943,22.50%
E14001182,Coventry South,4920,4.50%,8106,7.50%,16338,15.10%,3765,3.50%,17853,16.50%,33024,30.50%,21716,20.00%
E14001183,Cramlington and Killingworth,3977,4.20%,10331,10.80%,2155,2.20%,1474,1.50%,16073,16.70%,32914,34.20%,28376,29.50%
E14001184,Crawley,3537,3.10%,7973,6.80%,12094,10.20%,4839,4.10%,22003,18.70%,40999,34.70%,23577,20.00%
E14001185,Crewe and Nantwich,4579,4.20%,10229,9.40%,6141,5.70%,2571,2.40%,18389,17.00%,35997,33.30%,29001,26.80%
E14001186,Croydon East,3042,2.80%,8407,7.70%,9244,8.40%,5107,4.70%,19427,17.70%,36795,33.60%,24448,22.30%
E14001187,Croydon South,3217,3.30%,6928,7.00%,6786,6.70%,4184,4.20%,17745,17.80%,33902,34.00%,24633,24.70%
E14001188,Croydon West,6842,5.60%,8088,6.70%,15322,12.60%,6500,5.40%,22229,18.30%,40540,33.40%,17427,14.40%
E14001189,Dagenham and Rainham,2756,2.30%,7813,6.60%,13236,11.10%,5298,4.50%,23141,19.50%,39337,33.10%,22097,18.60%
E14001190,Darlington,4877,5.00%,10647,11.00%,3532,3.60%,1978,2.00%,16796,17.40%,31262,32.40%,26310,27.30%
E14001191,Dartford,4042,3.70%,6934,6.40%,6717,6.20%,3265,3.00%,22197,20.50%,40348,37.30%,22284,20.60%
E14001192,Daventry,2654,2.60%,8520,8.20%,4460,4.30%,2919,2.80%,17164,16.60%,33187,32.20%,32996,31.90%
E14001193,Derby North,4792,4.70%,9119,9.10%,8968,9.00%,2929,2.90%,16990,16.90%,32612,32.40%,23256,23.20%
E14001194,Derby South,4862,4.10%,9176,7.80%,11909,10.20%,4650,4.00%,21997,18.80%,38529,32.90%,21325,18.20%
E14001195,Derbyshire Dales,2412,2.70%,9488,10.80%,2266,2.60%,2108,2.40%,12868,14.60%,25013,28.40%,33043,37.50%
E14001196,Dewsbury and Batley,3516,3.40%,7012,6.80%,8319,8.10%,3926,3.80%,20627,20.00%,36520,35.40%,19752,19.20%
E14001197,Didcot and Wantage,3366,3.20%,8169,7.70%,4894,4.60%,2928,2.80%,19834,18.80%,37498,35.60%,27608,26.20%
E14001198,Doncaster Central,5308,4.80%,11161,10.10%,6900,6.20%,3018,2.70%,18839,17.10%,35597,32.20%,27703,25.10%
E14001199,Doncaster East and the Isle of Axholme,2418,2.60%,8400,9.20%,3332,3.70%,2410,2.60%,15099,16.60%,28786,31.70%,29340,32.20%
E14001200,Doncaster North,3480,3.50%,9491,9.90%,3585,3.70%,2263,2.40%,16978,17.60%,31495,32.70%,27581,28.70%
E14001201,Dorking and Horley,2187,2.30%,8835,9.60%,4195,4.50%,2995,3.20%,15389,16.70%,28729,31.20%,28715,31.10%
E14001202,Dover and Deal,2924,2.90%,11102,11.00%,4810,4.80%,3582,3.50%,16322,16.10%,30479,30.20%,30283,30.00%
E14001203,Droitwich and Evesham,2690,2.70%,9486,9.40%,4308,4.30%,2778,2.80%,15985,15.90%,31081,30.90%,33178,33.00%
E14001204,Dudley,3536,3.50%,8914,8.90%,5057,5.00%,2832,2.80%,18689,18.60%,34213,34.10%,25059,25.00%
E14001205,Dulwich and West Norwood,5322,5.00%,7908,7.40%,16015,15.00%,4751,4.50%,17700,16.60%,35322,33.20%,16969,15.90%
E14001206,Dunstable and Leighton Buzzard,3405,3.10%,8451,7.90%,5933,5.60%,2969,2.80%,20121,18.70%,38207,35.50%,26496,24.70%
E14001207,Ealing Central and Acton,7811,6.10%,9750,7.60%,19735,15.40%,5395,4.20%,20019,15.60%,42305,32.90%,20857,16.20%
E14001208,Ealing North,3482,2.80%,7412,5.80%,17575,13.80%,7848,6.20%,21666,17.00%,40700,31.90%,23683,18.60%
E14001209,Ealing Southall,3129,2.50%,6307,5.10%,21646,17.50%,9687,7.80%,18521,15.00%,36762,29.60%,20965,16.90%
E14001210,Earley and Woodley,2633,2.50%,6485,6.40%,7691,7.70%,3552,3.50%,19505,19.20%,36015,35.50%,23532,23.20%
E14001211,Easington,4119,4.50%,10287,11.20%,2776,3.00%,1842,2.00%,15671,17.00%,29950,32.50%,26307,28.60%
E14001212,East Grinstead and Uckfield,2180,2.30%,8361,8.90%,3908,4.20%,3158,3.30%,15877,16.80%,29072,30.80%,30624,32.50%
E14001213,East Ham,2419,1.80%,4349,3.30%,27949,21.40%,9272,7.10%,22387,17.10%,39296,30.00%,15497,11.90%
E14001214,East Hampshire,2022,2.20%,8131,9.10%,3041,3.40%,2667,3.00%,14438,16.10%,27083,30.30%,31223,34.90%
E14001215,East Surrey,2341,2.50%,8423,8.70%,4477,4.60%,3400,3.50%,17760,18.20%,31598,32.50%,27912,28.70%
E14001216,East Thanet,3703,3.60%,11856,11.40%,5846,5.70%,3997,3.90%,17638,17.00%,31402,30.30%,27523,26.50%
E14001217,East Wiltshire,2165,2.30%,7945,8.20%,3928,4.10%,2545,2.60%,18262,18.90%,32395,33.60%,27982,29.00%
E14001218,East Worthing and Shoreham,2642,2.70%,10239,10.40%,5253,5.30%,3719,3.80%,16236,16.50%,30862,31.30%,28235,28.60%
E14001219,Eastbourne,3505,3.60%,12699,12.70%,6160,6.20%,3632,3.60%,15564,15.60%,28982,29.10%,27709,27.80%
E14001220,Eastleigh,2655,2.90%,7522,8.10%,4232,4.60%,2648,2.80%,16653,17.90%,31662,34.00%,26490,28.50%
E14001221,Edmonton and Winchmore Hill,3321,2.60%,8303,6.60%,13948,11.10%,7078,5.60%,23192,18.40%,40160,31.80%,25076,19.90%
E14001222,Ellesmere Port and Bromborough,3667,3.90%,9236,9.80%,3472,3.70%,2171,2.30%,16720,17.70%,32499,34.30%,25882,27.30%
E14001223,Eltham and Chislehurst,3436,3.20%,8826,8.10%,9121,8.30%,4300,3.90%,19812,18.20%,37087,33.90%,23740,21.80%
E14001224,Ely and East Cambridgeshire,3428,3.30%,9112,8.70%,4206,4.00%,2729,2.60%,18332,17.60%,34991,33.60%,30582,29.30%
E14001225,Enfield North,3859,3.10%,8307,6.50%,11697,9.20%,5391,4.20%,25896,20.40%,42990,33.90%,24459,19.30%
E14001226,Epping Forest,2801,2.80%,8581,8.40%,6324,6.20%,3674,3.60%,17445,17.20%,34498,33.90%,26389,26.00%
E14001227,Epsom and Ewell,2642,2.60%,8414,7.90%,6266,5.90%,3750,3.50%,19522,18.30%,35478,33.20%,28819,27.00%
E14001228,Erewash,3954,4.10%,9462,10.00%,3275,3.40%,2050,2.20%,15628,16.50%,32248,34.10%,26987,28.50%
E14001229,Erith and Thamesmead,5164,3.80%,8802,6.60%,16900,12.80%,7237,5.40%,25754,19.30%,42194,31.70%,21429,16.10%
E14001230,Esher and Walton,2582,2.60%,8157,8.00%,4345,4.30%,2777,2.70%,21255,20.80%,35068,34.30%,26816,26.20%
E14001231,Exeter,4531,4.90%,9080,9.90%,15526,16.90%,2538,2.80%,12828,13.90%,26654,28.90%,19938,21.70%
E14001232,Exmouth and Exeter East,2580,2.60%,9649,9.80%,4651,4.70%,3139,3.20%,16387,16.70%,30619,31.10%,30141,30.70%
E14001233,Fareham and Waterlooville,2598,2.70%,9701,9.90%,3967,4.10%,3043,3.10%,14917,15.30%,30117,30.90%,32109,32.90%
E14001234,Farnham and Bordon,2397,2.40%,8642,8.80%,4643,4.70%,2783,2.80%,17780,18.00%,31364,31.80%,29803,30.30%
E14001235,Faversham and Mid Kent,1956,2.00%,8171,8.30%,4913,5.00%,3386,3.40%,17521,17.80%,31796,32.30%,29147,29.60%
E14001236,Feltham and Heston,3043,2.40%,6758,5.10%,22453,17.00%,9529,7.20%,21450,16.20%,40618,30.70%,20890,15.80%
E14001237,Filton and Bradley Stoke,3608,3.40%,7251,7.00%,9614,9.10%,2550,2.40%,18975,18.20%,37282,35.70%,23465,22.50%
E14001238,Finchley and Golders Green,5458,4.30%,9571,7.60%,14365,11.50%,5641,4.50%,23031,18.40%,39545,31.50%,24502,19.60%
E14001239,Folkestone and Hythe,2930,3.20%,10992,12.20%,4648,5.20%,3397,3.80%,13551,15.00%,25502,28.30%,27565,30.60%
E14001240,Forest of Dean,2144,2.40%,8833,9.90%,3586,4.00%,3260,3.60%,13421,15.00%,25835,28.90%,31293,34.90%
E14001241,Frome and East Somerset,2346,2.60%,8174,9.00%,3673,4.00%,2813,3.10%,15744,17.30%,28729,31.50%,28671,31.40%
E14001242,Fylde,3092,3.30%,12121,12.80%,2845,3.00%,2561,2.70%,13328,14.10%,26147,27.60%,33450,35.40%
E14001243,Gainsborough,2888,3.10%,9791,10.40%,2867,3.00%,2338,2.50%,14973,15.90%,27400,29.10%,32721,34.80%
E14001244,Gateshead Central and Whickham,5763,6.00%,10246,10.70%,4460,4.60%,2094,2.20%,15961,16.60%,31544,32.80%,24748,25.70%
E14001245,Gedling,3603,3.60%,10054,10.00%,3722,3.70%,2522,2.50%,16853,16.80%,33382,33.30%,29205,29.00%
E14001246,Gillingham and Rainham,2794,2.80%,8212,8.10%,6979,6.90%,3599,3.60%,18237,18.10%,33503,33.10%,25663,25.40%
E14001247,Glastonbury and Somerton,2336,2.60%,9824,11.00%,3228,3.60%,2795,3.10%,13377,15.00%,24896,28.00%,31624,35.50%
E14001248,Gloucester,5063,4.40%,9946,8.70%,7883,6.90%,3204,2.80%,20895,18.20%,39051,34.00%,27083,23.60%
E14001249,Godalming and Ash,2435,2.70%,8702,9.30%,3541,3.80%,2721,2.90%,16483,17.50%,30070,32.00%,29012,30.90%
E14001250,Goole and Pocklington,2803,2.70%,9282,9.10%,3547,3.60%,2451,2.40%,16317,16.10%,31796,31.40%,34152,33.60%
E14001251,Gorton and Denton,4085,3.70%,9332,8.20%,10467,9.20%,3912,3.50%,23435,20.70%,38208,33.80%,20233,17.90%
E14001252,Gosport,2820,3.00%,10315,10.90%,4165,4.40%,2822,3.00%,15438,16.40%,28891,30.70%,28649,30.40%
E14001253,Grantham and Bourne,3030,3.10%,9305,9.50%,3444,3.50%,2508,2.60%,16461,16.80%,30361,30.90%,31831,32.40%
E14001254,Gravesham,3055,2.90%,8158,7.70%,8029,7.60%,4359,4.10%,19432,18.30%,34639,32.50%,25832,24.30%
E14001255,Great Grimsby and Cleethorpes,4945,4.70%,11674,11.00%,4950,4.60%,2580,2.40%,19713,18.50%,33671,31.60%,27426,25.80%
E14001256,Great Yarmouth,3433,3.40%,11040,11.20%,4687,4.70%,3310,3.40%,15492,15.70%,29427,29.80%,29872,30.20%
E14001257,Greenwich and Woolwich,8639,7.50%,7229,6.30%,15834,13.70%,3964,3.40%,19368,16.70%,43307,37.50%,14577,12.60%
E14001258,Guildford,3171,3.30%,7289,7.60%,11206,11.70%,2786,2.90%,15837,16.60%,29361,30.80%,24592,25.80%
E14001259,Hackney North and Stoke Newington,5966,5.10%,7627,6.60%,19099,16.50%,4885,4.20%,22928,19.80%,37913,32.70%,14283,12.30%
E14001260,Hackney South and Shoreditch,8892,8.10%,8128,7.40%,21836,19.70%,3473,3.10%,15567,14.10%,37137,33.60%,13206,12.00%
E14001261,Halesowen,3225,3.40%,8851,9.40%,4540,4.80%,2507,2.70%,16615,17.60%,31460,33.30%,25423,27.00%
E14001262,Halifax,4899,4.60%,10512,9.80%,6071,5.60%,3138,2.90%,20109,18.80%,34679,32.40%,25198,23.60%
E14001263,Hamble Valley,2509,2.50%,8127,8.00%,3815,3.70%,2732,2.70%,18229,18.00%,34721,34.30%,30244,29.80%
E14001264,Hammersmith and Chiswick,8624,7.60%,10480,9.10%,16536,14.40%,4103,3.60%,16826,14.60%,37304,32.50%,19060,16.60%
E14001265,Hampstead and Highgate,8598,7.40%,11031,9.50%,14094,12.20%,3918,3.40%,17517,15.10%,39271,33.80%,19959,17.20%
E14001266,"Harborough, Oadby and Wigston",2532,2.60%,9068,9.20%,4719,4.80%,3437,3.50%,16512,16.80%,31474,31.90%,29121,29.60%
E14001267,Harlow,3554,3.20%,9162,8.30%,7393,6.80%,3703,3.30%,20994,19.00%,38200,34.50%,25554,23.10%
E14001268,Harpenden and Berkhamsted,2082,2.20%,8146,8.60%,2600,2.80%,1927,2.00%,19321,20.50%,30758,32.70%,28628,30.40%
E14001269,Harrogate and Knaresborough,3786,3.80%,10994,11.20%,3462,3.50%,2087,2.10%,16189,16.40%,30774,31.20%,30435,30.90%
E14001270,Harrow East,1961,1.70%,6010,5.10%,20841,17.80%,9170,7.80%,15566,13.20%,32564,27.60%,24975,21.20%
E14001271,Harrow West,3441,2.80%,6316,5.30%,17149,14.40%,7049,5.90%,19371,16.10%,39857,33.30%,21658,18.10%
E14001272,Hartlepool,3854,4.10%,9757,10.70%,2925,3.30%,2007,2.20%,16549,18.10%,29560,32.30%,25733,28.10%
E14001273,Harwich and North Essex,2670,2.70%,10014,10.50%,4160,4.30%,2919,3.10%,15124,15.80%,28539,29.90%,30822,32.30%
E14001274,Hastings and Rye,3817,3.70%,12764,12.40%,6216,6.00%,4306,4.20%,16112,15.60%,30093,29.20%,28073,27.20%
E14001275,Havant,2192,2.30%,9915,10.50%,4510,4.80%,3358,3.60%,15307,16.30%,28378,30.10%,29040,30.80%
E14001276,Hayes and Harlington,3115,2.50%,5623,4.50%,19430,15.40%,7884,6.30%,22401,17.80%,40922,32.50%,19679,15.70%
E14001277,Hazel Grove,2675,2.90%,9792,10.50%,3218,3.50%,2327,2.50%,15794,16.90%,30084,32.10%,28726,30.70%
E14001278,Hemel Hempstead,3471,3.40%,8296,8.20%,6074,5.90%,3032,3.00%,19493,19.20%,35926,35.30%,23709,23.30%
E14001279,Hendon,5733,4.40%,7210,5.60%,18825,14.60%,6591,5.10%,22658,17.50%,42252,32.60%,21809,16.80%
E14001280,Henley and Thame,1885,2.00%,8443,9.00%,3667,3.90%,2862,3.10%,15888,17.00%,28551,30.50%,31125,33.30%
E14001281,Hereford and South Herefordshire,3482,3.70%,10259,10.70%,4648,4.90%,3124,3.30%,15028,15.70%,28524,29.80%,29287,30.60%
E14001282,Herne Bay and Sandwich,2311,2.30%,11145,11.40%,4608,4.70%,3743,3.80%,14321,14.70%,27609,28.30%,32382,33.20%
E14001283,Hertford and Stortford,3756,3.60%,8860,8.50%,4783,4.60%,2431,2.30%,19407,18.60%,36950,35.30%,27341,26.10%
E14001284,Hertsmere,2713,2.60%,8596,8.20%,6975,6.70%,3640,3.50%,18964,18.10%,34605,32.90%,27440,26.20%
E14001285,Hexham,2489,2.70%,10049,11.00%,2140,2.40%,2109,2.30%,13612,15.00%,25670,28.20%,34108,37.50%
E14001286,Heywood and Middleton North,3476,3.40%,9314,9.40%,4996,5.00%,3034,3.10%,19198,19.30%,33349,33.50%,24035,24.20%
E14001287,High Peak,3114,3.40%,9831,10.90%,2815,3.10%,2071,2.30%,14479,16.00%,28166,31.20%,29024,32.20%
E14001288,Hinckley and Bosworth,3339,3.50%,8804,9.00%,3573,3.70%,2484,2.50%,15891,16.20%,31830,32.50%,30803,31.50%
E14001289,Hitchin,3204,3.30%,7914,8.10%,3670,3.70%,2351,2.40%,18776,19.20%,34701,35.60%,25877,26.50%
E14001290,Holborn and St Pancras,8493,8.50%,9712,9.80%,17763,17.90%,3605,3.60%,12713,12.80%,30424,30.70%,14366,14.50%
E14001291,Honiton and Sidmouth,1932,2.20%,10709,11.80%,3377,3.70%,3214,3.50%,12686,14.00%,23195,25.60%,34486,38.10%
E14001292,Hornchurch and Upminster,2550,2.30%,8416,7.90%,6997,6.60%,4132,3.90%,18583,17.40%,35729,33.40%,27923,26.10%
E14001293,Hornsey and Friern Barnet,5346,5.20%,8275,8.10%,12134,11.90%,4017,3.90%,16662,16.30%,34847,34.00%,19248,18.80%
E14001294,Horsham,3294,3.30%,8812,8.60%,3884,3.90%,2776,2.70%,17851,17.50%,34180,33.60%,30161,29.60%
E14001295,Houghton and Sunderland South,3588,3.50%,10631,10.70%,2741,2.80%,2110,2.10%,16738,16.80%,33556,33.60%,29251,29.30%
E14001296,Hove and Portslade,5959,5.90%,10296,10.30%,9117,9.00%,3146,3.10%,15765,15.70%,33498,33.40%,21439,21.40%
E14001297,Huddersfield,5823,5.30%,10449,9.60%,8888,8.10%,3516,3.20%,19796,18.10%,34547,31.60%,23483,21.50%
E14001298,Huntingdon,3679,3.50%,9124,8.60%,5031,4.80%,2792,2.60%,17939,16.90%,34806,32.80%,31249,29.50%
E14001299,Hyndburn,3749,4.00%,9321,10.00%,5110,5.50%,2615,2.80%,17033,18.30%,30325,32.50%,23068,24.80%
E14001300,Ilford North,2594,2.10%,5846,4.90%,18080,15.20%,7561,6.40%,19063,16.00%,37855,31.80%,21639,18.20%
E14001301,Ilford South,3029,2.30%,5278,4.10%,22048,17.00%,7997,6.20%,24044,18.50%,41505,32.00%,17743,13.70%
E14001302,Ipswich,5929,5.20%,10597,9.40%,7613,6.70%,2917,2.60%,20749,18.30%,38842,34.30%,24609,21.70%
E14001303,Isle of Wight East,2253,3.30%,9773,14.30%,2735,4.00%,2668,3.90%,8809,12.90%,16441,24.10%,24641,36.10%
E14001304,Isle of Wight West,2186,3.20%,8264,11.90%,3051,4.50%,2460,3.60%,10076,14.50%,19022,27.50%,23200,33.50%
E14001305,Islington North,8065,7.50%,8802,8.10%,18970,17.50%,3671,3.40%,15719,14.50%,36832,34.00%,14443,13.30%
E14001306,Islington South and Finsbury,9962,9.00%,9270,8.30%,19673,17.60%,3575,3.20%,15230,13.60%,37450,33.40%,15358,13.70%
E14001307,Jarrow and Gateshead East,3927,4.20%,10640,11.40%,2689,2.90%,1881,2.00%,16312,17.50%,31223,33.60%,25482,27.40%
E14001308,Keighley and Ilkley,3465,3.50%,9901,10.00%,5268,5.30%,2809,2.80%,17216,17.50%,30606,31.10%,27122,27.50%
E14001309,Kenilworth and Southam,2299,2.50%,8461,9.30%,3060,3.30%,2188,2.40%,14739,16.30%,27750,30.60%,31224,34.50%
E14001310,Kensington and Bayswater,13833,10.60%,13527,10.40%,18530,14.20%,6274,4.80%,15078,11.50%,37679,28.90%,22597,17.30%
E14001311,Kettering,3912,3.50%,9018,8.20%,5814,5.30%,2973,2.70%,20143,18.40%,37058,33.80%,29081,26.50%
E14001312,Kingston and Surbiton,4841,4.20%,8069,7.20%,11194,10.00%,4163,3.70%,19666,17.50%,39350,35.00%,22994,20.50%
E14001313,Kingston upon Hull East,4068,4.00%,9959,9.80%,3995,4.00%,2288,2.30%,20035,19.70%,35562,35.00%,24150,23.80%
E14001314,Kingston upon Hull North and Cottingham,5901,5.20%,10442,9.20%,10369,9.20%,2636,2.30%,19898,17.60%,37268,32.90%,24667,21.80%
E14001315,Kingston upon Hull West and Haltemprice,5558,5.40%,11252,10.80%,4463,4.30%,2238,2.20%,17598,17.00%,34388,33.10%,26960,26.00%
E14001316,Kingswinford and South Staffordshire,1947,2.30%,8970,10.20%,2414,2.70%,2257,2.60%,12956,14.80%,26609,30.40%,31737,36.20%
E14001317,Knowsley,3655,4.00%,9102,9.80%,4058,4.40%,3240,3.50%,16939,18.20%,31977,34.30%,22412,24.10%
E14001318,Lancaster and Wyre,3373,3.80%,8922,10.00%,8506,9.60%,2435,2.70%,13374,15.10%,25717,28.90%,25359,28.50%
E14001319,Leeds Central and Headingley,8758,9.50%,5939,6.40%,31295,34.00%,1688,1.80%,10238,11.10%,23176,25.20%,9786,10.60%
E14001320,Leeds East,4288,3.80%,9788,8.70%,7143,6.40%,3094,2.80%,22180,19.80%,38092,34.00%,24608,22.00%
E14001321,Leeds North East,4235,4.50%,8832,9.30%,7051,7.40%,3192,3.30%,17156,18.00%,32173,33.70%,20696,21.70%
E14001322,Leeds North West,2913,3.20%,9033,9.90%,3024,3.40%,1735,1.90%,16464,18.00%,30599,33.30%,27075,29.50%
E14001323,Leeds South,9505,7.80%,9898,8.10%,11010,9.00%,3000,2.40%,25223,20.50%,42528,34.60%,18943,15.40%
E14001324,Leeds South West and Morley,4359,4.60%,8765,9.20%,3782,4.00%,2050,2.20%,16785,17.70%,33568,35.30%,24671,25.90%
E14001325,Leeds West and Pudsey,5750,5.80%,9257,9.30%,5694,5.70%,2438,2.40%,18307,18.40%,35185,35.40%,21313,21.40%
E14001326,Leicester East,2067,1.70%,6685,5.40%,17910,14.40%,8770,7.10%,20192,16.30%,38789,31.30%,22307,18.00%
E14001327,Leicester South,5603,5.20%,6703,6.10%,18197,16.70%,5466,5.00%,18493,16.80%,34194,31.10%,16938,15.40%
E14001328,Leicester West,5657,4.70%,8451,6.90%,14452,11.90%,4476,3.70%,23863,19.60%,40958,33.70%,20249,16.60%
E14001329,Leigh and Atherton,4766,4.50%,10692,9.90%,4063,3.80%,2366,2.20%,18807,17.50%,37013,34.40%,28360,26.40%
E14001330,Lewes,1974,2.10%,11152,12.00%,3780,4.10%,3344,3.60%,14093,15.10%,25797,27.60%,32015,34.30%
E14001331,Lewisham East,4909,4.20%,8718,7.50%,14039,12.10%,5832,5.00%,20757,17.80%,38679,33.30%,19727,16.90%
E14001332,Lewisham North,7854,6.80%,7597,6.60%,20060,17.40%,4725,4.10%,17198,14.90%,40395,35.00%,14748,12.80%
E14001333,Lewisham West and East Dulwich,4681,4.70%,7285,7.30%,11783,12.00%,3782,3.80%,17802,18.00%,35924,36.30%,15718,15.90%
E14001334,Leyton and Wanstead,4790,4.10%,7239,6.20%,19558,16.80%,6205,5.30%,17883,15.30%,38550,33.00%,17856,15.30%
E14001335,Lichfield,2742,2.80%,9120,9.50%,2927,3.10%,2322,2.40%,15314,16.00%,30117,31.40%,32075,33.50%
E14001336,Lincoln,5712,5.20%,9994,9.10%,13213,12.00%,2591,2.40%,17580,16.00%,34882,31.90%,24145,22.00%
E14001337,Liverpool Garston,3309,3.50%,10103,10.80%,3966,4.30%,2668,2.90%,16385,17.50%,30862,32.90%,25037,26.70%
E14001338,Liverpool Riverside,11400,11.20%,10671,10.50%,14962,14.80%,2695,2.70%,14497,14.30%,31271,30.80%,14284,14.10%
E14001339,Liverpool Walton,3969,4.00%,10025,10.00%,5098,5.10%,3277,3.30%,18544,18.50%,34230,34.20%,23277,23.20%
E14001340,Liverpool Wavertree,6414,6.40%,9530,9.60%,17179,17.30%,2691,2.70%,14289,14.30%,28944,29.10%,18905,19.00%
E14001341,Liverpool West Derby,4137,4.30%,10115,10.50%,5244,5.50%,3118,3.20%,16591,17.20%,32529,33.70%,23191,24.00%
E14001342,Loughborough,3898,4.20%,7779,8.40%,10554,11.40%,2349,2.50%,14316,15.40%,28613,30.90%,24010,25.90%
E14001343,Louth and Horncastle,2384,2.60%,10735,11.30%,2985,3.20%,3161,3.30%,13199,13.90%,24140,25.40%,37089,39.10%
E14001344,Lowestoft,3273,3.40%,11149,11.90%,3386,3.60%,2499,2.70%,14809,15.80%,27476,29.40%,29919,32.00%
E14001345,Luton North,2432,2.00%,7428,6.50%,12719,11.10%,5417,4.70%,21787,18.90%,37127,32.20%,22799,19.80%
E14001346,Luton South and South Bedfordshire,5130,4.20%,7676,6.30%,16580,13.60%,5352,4.40%,22465,18.40%,39531,32.50%,19952,16.40%
E14001347,Macclesfield,3472,3.60%,10382,11.00%,2728,3.00%,1976,2.10%,15212,16.10%,29010,30.70%,31161,32.90%
E14001348,Maidenhead,2912,2.90%,7884,7.60%,6441,6.30%,3832,3.70%,18165,17.60%,34242,33.30%,27653,26.80%
E14001349,Maidstone and Malling,3975,3.70%,8141,7.60%,7184,6.70%,3387,3.20%,19795,18.50%,37060,34.60%,25859,24.10%
E14001350,Makerfield,3268,3.30%,9229,9.00%,3424,3.30%,2245,2.20%,17355,17.00%,34630,33.90%,30662,30.00%
E14001351,Maldon,2020,2.10%,9085,9.20%,3722,3.70%,3370,3.40%,15492,15.60%,30333,30.70%,33743,34.10%
E14001352,Manchester Central,10653,9.20%,8259,7.10%,17062,14.70%,3074,2.60%,19019,16.40%,40090,34.40%,15234,13.10%
E14001353,Manchester Rusholme,6962,7.10%,5883,6.10%,23803,24.50%,3396,3.50%,16431,16.90%,28459,29.20%,8970,9.20%
E14001354,Manchester Withington,5754,6.30%,6700,7.40%,18756,20.80%,2563,2.80%,12533,13.90%,28369,31.40%,14097,15.60%
E14001355,Mansfield,3859,3.70%,10084,9.60%,5502,5.30%,2679,2.60%,17614,16.80%,33816,32.30%,29481,28.20%
E14001356,Melksham and Devizes,2406,2.60%,9384,10.20%,2935,3.10%,2465,2.70%,14807,16.20%,27420,29.90%,31334,34.20%
E14001357,Melton and Syston,2600,2.80%,8549,9.10%,3617,3.80%,2637,2.80%,15432,16.50%,29488,31.40%,30098,32.20%
E14001358,Meriden and Solihull East,2766,2.80%,9397,9.50%,4076,4.20%,2808,2.80%,18183,18.40%,31376,31.70%,28723,29.10%
E14001359,Mid Bedfordshire,2250,2.20%,7333,7.40%,4016,4.10%,2518,2.60%,18654,18.90%,34686,35.20%,28006,28.40%
E14001360,Mid Buckinghamshire,1754,1.90%,7557,7.90%,3390,3.50%,2830,2.90%,17682,18.40%,31189,32.50%,30444,31.70%
E14001361,Mid Cheshire,3446,3.80%,8321,8.90%,3585,3.80%,2139,2.30%,16576,17.70%,32000,34.20%,26612,28.40%
E14001362,Mid Derbyshire,2431,2.70%,8833,10.10%,2614,2.90%,1815,2.10%,13825,15.80%,27616,31.60%,29515,33.80%
E14001363,Mid Dorset and North Poole,1734,1.90%,9111,9.70%,3600,3.80%,3206,3.40%,14652,15.60%,27721,29.50%,33112,35.20%
E14001364,Mid Leicestershire,2362,2.30%,8515,8.40%,4864,4.80%,3050,3.00%,17163,17.00%,33403,33.10%,30061,29.70%
E14001365,Mid Norfolk,2247,2.30%,8741,9.30%,4015,4.30%,3147,3.40%,14118,15.10%,27363,29.30%,32635,34.90%
E14001366,Mid Sussex,2697,2.80%,8631,8.90%,3853,3.90%,2460,2.50%,18150,18.70%,33128,34.10%,27329,28.10%
E14001367,Middlesbrough and Thornaby East,5718,5.20%,10131,9.30%,8821,8.10%,2822,2.60%,21800,20.00%,35348,32.40%,22155,20.30%
E14001368,Middlesbrough South and East Cleveland,3137,3.50%,9894,10.80%,2557,2.80%,1811,2.00%,15670,17.10%,28772,31.40%,28693,31.30%
E14001369,Milton Keynes Central,5356,4.30%,7668,6.20%,11669,9.30%,4053,3.30%,24712,19.90%,44623,35.90%,23381,18.80%
E14001370,Milton Keynes North,3305,3.30%,7725,7.80%,6341,6.30%,3055,3.10%,18554,18.70%,33844,34.20%,24358,24.60%
E14001371,Mitcham and Morden,3747,3.10%,6964,5.70%,18680,15.10%,7619,6.20%,19597,15.90%,39808,32.30%,21763,17.70%
E14001372,Morecambe and Lunesdale,2694,2.70%,11449,11.90%,3644,3.70%,2674,2.80%,14787,15.30%,27048,28.00%,32930,34.20%
E14001373,New Forest East,1863,2.00%,8826,9.80%,3470,3.90%,3065,3.40%,13907,15.50%,26247,29.20%,31118,34.70%
E14001374,New Forest West,1676,2.00%,10365,12.40%,3044,3.60%,3002,3.60%,10880,13.00%,20907,25.00%,32897,39.30%
E14001375,Newark,3023,3.00%,10301,10.00%,4055,4.00%,2587,2.50%,16546,16.10%,31126,30.30%,33988,33.10%
E14001376,Newbury,3298,3.50%,8421,8.80%,4618,4.80%,2736,2.80%,16933,17.60%,31915,33.30%,26992,28.10%
E14001377,Newcastle upon Tyne Central and West,6595,5.50%,11377,9.40%,11225,9.30%,3123,2.60%,22529,18.70%,39541,32.80%,23755,19.70%
E14001378,Newcastle upon Tyne East and Wallsend,7063,6.50%,11733,10.80%,9771,9.00%,2453,2.30%,17518,16.10%,35189,32.40%,23907,22.00%
E14001379,Newcastle upon Tyne North,4657,4.40%,9533,9.00%,15115,14.30%,1939,1.80%,16259,15.40%,32611,30.90%,24260,23.00%
E14001380,Newcastle-under-Lyme,3606,4.00%,9341,10.40%,5083,5.70%,1933,2.20%,14288,15.90%,28722,32.00%,25755,28.70%
E14001381,Newton Abbot,2542,2.70%,10370,11.30%,3779,4.10%,3308,3.60%,13491,14.70%,25766,28.20%,31167,34.10%
E14001382,Newton Aycliffe and Spennymoor,4199,4.50%,10394,11.10%,2471,2.60%,1590,1.70%,15704,16.70%,30327,32.30%,28288,30.10%
E14001383,Normanton and Hemsworth,3415,3.30%,9617,9.40%,4063,4.00%,2479,2.40%,17703,17.30%,34319,33.50%,29223,28.60%
E14001384,North Bedfordshire,2753,2.60%,8030,7.70%,4173,4.00%,2789,2.70%,18671,18.00%,35743,34.50%,30083,29.00%
E14001385,North Cornwall,2557,2.50%,10196,10.40%,4592,4.70%,4137,4.20%,15248,15.60%,27014,27.50%,32843,33.50%
E14001386,North Cotswolds,2376,2.70%,9051,9.90%,3094,3.40%,2590,2.80%,15092,16.50%,27636,30.20%,30736,33.60%
E14001387,North Devon,2850,2.90%,10404,10.70%,4025,4.10%,3691,3.80%,15048,15.50%,27448,28.30%,32322,33.30%
E14001388,North Dorset,1927,2.10%,9339,10.30%,3165,3.50%,2892,3.20%,13533,15.00%,25227,27.90%,33265,36.80%
E14001389,North Durham,4188,4.40%,10710,11.40%,2310,2.40%,1684,1.80%,15347,16.30%,29711,31.50%,29503,31.30%
E14001390,North East Cambridgeshire,2972,2.90%,9815,9.70%,5798,5.80%,3791,3.80%,15694,15.50%,30578,30.30%,30490,30.20%
E14001391,North East Derbyshire,3130,3.40%,9941,10.80%,2412,2.60%,2021,2.20%,14381,15.70%,28253,30.70%,30863,33.60%
E14001392,North East Hampshire,2475,2.40%,7676,7.70%,3380,3.40%,2430,2.40%,18547,18.60%,33565,33.60%,30639,30.70%
E14001393,North East Hertfordshire,3075,3.00%,9029,8.80%,3621,3.50%,2717,2.70%,18228,17.80%,33935,33.20%,30371,29.70%
E14001394,North East Somerset and Hanham,2088,2.20%,8165,8.70%,3827,4.10%,2650,2.80%,15811,16.90%,30750,32.80%,29538,31.50%
E14001395,North Herefordshire,2137,2.40%,9532,10.70%,3172,3.60%,2937,3.30%,12419,14.00%,24093,27.00%,33645,37.80%
E14001396,North Norfolk,2274,2.60%,11593,13.60%,2649,3.10%,2801,3.30%,10357,12.20%,19950,23.40%,34535,40.60%
E14001397,North Northumberland,2701,2.90%,11351,12.70%,1850,2.00%,1887,2.10%,12559,14.00%,23872,26.70%,34638,38.70%
E14001398,North Shropshire,2566,2.70%,10036,10.10%,4059,4.00%,3355,3.40%,14977,15.10%,29134,29.30%,33842,34.00%
E14001399,North Somerset,2226,2.40%,9622,10.30%,3098,3.30%,2399,2.60%,15810,16.90%,28345,30.20%,31218,33.40%
E14001400,North Warwickshire and Bedworth,2661,2.80%,8447,9.10%,4126,4.40%,2926,3.20%,15233,16.40%,30115,32.40%,27833,30.00%
E14001401,North West Cambridgeshire,4142,3.70%,8393,7.40%,7043,6.20%,3188,2.80%,22027,19.40%,39597,34.90%,26935,23.70%
E14001402,North West Essex,2533,2.40%,8392,8.10%,3794,3.70%,2922,2.80%,19455,18.80%,34751,33.60%,30400,29.40%
E14001403,North West Hampshire,3466,3.20%,8319,7.80%,5412,5.10%,3178,3.00%,19764,18.50%,37144,34.70%,28286,26.40%
E14001404,North West Leicestershire,3275,3.30%,8697,8.80%,4255,4.30%,2200,2.20%,16561,16.70%,33404,33.80%,29486,29.80%
E14001405,North West Norfolk,2854,2.80%,11042,10.80%,5056,5.00%,3401,3.30%,15361,15.00%,29517,28.90%,33382,32.70%
E14001406,Northampton North,6080,4.80%,10265,8.10%,15389,12.10%,4625,3.70%,21681,17.20%,40745,32.20%,24001,19.00%
E14001407,Northampton South,3323,3.00%,7581,7.00%,8702,7.90%,3361,3.10%,20343,18.70%,37361,34.40%,25564,23.50%
E14001408,Norwich North,4541,4.60%,10027,10.30%,5624,5.80%,2176,2.20%,16111,16.50%,32120,32.80%,26160,26.80%
E14001409,Norwich South,7511,7.60%,11139,11.20%,14426,14.50%,2060,2.10%,14354,14.40%,29371,29.50%,19695,19.80%
E14001410,Nottingham East,8665,7.80%,9120,8.20%,20605,18.60%,3437,3.10%,17420,15.70%,33637,30.30%,15203,13.70%
E14001411,Nottingham North and Kimberley,3989,3.70%,9805,9.10%,7140,6.60%,3008,2.80%,21819,20.20%,36101,33.40%,23586,21.80%
E14001412,Nottingham South,4073,4.10%,8242,8.40%,20494,20.80%,2532,2.60%,15441,15.70%,28063,28.50%,17608,17.90%
E14001413,Nuneaton,3729,3.80%,8260,8.40%,4922,5.00%,2906,2.90%,17493,17.70%,33875,34.30%,26078,26.40%
E14001414,Old Bexley and Sidcup,2164,2.20%,8110,8.10%,6819,6.80%,3794,3.80%,17000,16.90%,33810,33.70%,26609,26.50%
E14001415,Oldham East and Saddleworth,3200,3.00%,9078,8.40%,7570,7.00%,3470,3.20%,20912,19.40%,34820,32.30%,25188,23.40%
E14001416,"Oldham West, Chadderton and Royton",3366,3.00%,8680,7.80%,9238,8.20%,3726,3.30%,22501,20.20%,37494,33.60%,22273,20.00%
E14001417,Orpington,2023,2.10%,8266,8.40%,4957,5.00%,3358,3.40%,18163,18.50%,32744,33.40%,26855,27.40%
E14001418,Ossett and Denby Dale,2799,3.00%,9028,9.80%,2734,3.00%,1822,2.00%,15285,16.60%,29474,32.10%,29749,32.40%
E14001419,Oxford East,4290,3.90%,7404,6.60%,24632,22.00%,4968,4.40%,16966,15.10%,32294,28.80%,18631,16.60%
E14001420,Oxford West and Abingdon,3591,4.00%,7846,8.90%,7361,8.40%,2767,3.10%,14018,15.90%,27185,30.90%,24062,27.40%
E14001421,Peckham,6466,6.00%,8061,7.50%,21028,19.70%,5462,5.10%,15789,14.80%,33599,31.50%,13393,12.50%
E14001422,Pendle and Clitheroe,3732,3.50%,10582,9.80%,6509,6.00%,3245,3.00%,19102,17.70%,33875,31.40%,28303,26.20%
E14001423,Penistone and Stocksbridge,2338,2.60%,9009,10.20%,2204,2.50%,1825,2.10%,13831,15.60%,27836,31.50%,30725,34.70%
E14001424,Penrith and Solway,3130,3.20%,10832,11.20%,2966,3.00%,2602,2.70%,13969,14.50%,27484,28.50%,34358,35.70%
E14001425,Peterborough,4607,3.60%,9548,7.50%,14395,11.30%,5351,4.20%,23819,18.60%,40523,31.60%,24679,19.30%
E14001426,Plymouth Moor View,2916,2.90%,9542,9.60%,3860,3.90%,2584,2.60%,18331,18.40%,34009,34.10%,27319,27.40%
E14001427,Plymouth Sutton and Devonport,7512,7.30%,10727,10.60%,13090,12.90%,3060,3.00%,15110,14.90%,31533,31.10%,19217,18.90%
E14001428,"Pontefract, Castleford and Knottingley",3933,3.90%,9327,9.30%,3660,3.60%,2124,2.10%,17824,17.80%,35206,35.20%,26822,26.80%
E14001429,Poole,3255,3.30%,10766,11.20%,5870,6.10%,3389,3.50%,15081,15.70%,28846,30.00%,27438,28.60%
E14001430,Poplar and Limehouse,12664,9.20%,5506,4.00%,28548,20.70%,3746,2.70%,21967,15.90%,50684,36.70%,11448,8.30%
E14001431,Portsmouth North,2826,2.90%,8292,8.30%,7115,7.20%,3528,3.50%,18138,18.20%,33727,33.90%,24353,24.40%
E14001432,Portsmouth South,6224,6.10%,10257,10.10%,16738,16.50%,3015,3.00%,15598,15.40%,30940,30.40%,17176,16.90%
E14001433,Preston,6280,5.70%,9794,8.90%,10169,9.20%,3208,2.90%,20455,18.60%,36663,33.30%,21117,19.20%
E14001434,Putney,5980,5.40%,7928,7.20%,17635,16.10%,3447,3.20%,17546,16.00%,38471,35.20%,16499,15.10%
E14001435,Queen's Park and Maida Vale,7383,6.00%,10550,8.50%,19048,15.40%,6398,5.20%,18325,14.80%,39581,32.10%,18911,15.30%
E14001436,Rawmarsh and Conisbrough,3442,3.70%,9087,9.70%,2990,3.20%,2054,2.20%,16607,17.70%,31695,33.90%,26606,28.40%
E14001437,Rayleigh and Wickford,1898,2.00%,8549,8.90%,3487,3.70%,2826,2.90%,15776,16.40%,31743,33.00%,30774,32.00%
E14001438,Reading Central,6190,5.50%,7638,6.70%,18446,16.20%,4550,4.00%,18057,15.90%,37667,33.10%,18592,16.30%
E14001439,Reading West and Mid Berkshire,2093,2.20%,7396,7.90%,5123,5.40%,3012,3.20%,17126,18.30%,30646,32.70%,27026,28.80%
E14001440,Redcar,3411,3.60%,11129,12.00%,2673,2.90%,2168,2.30%,15678,17.00%,28620,30.90%,27651,29.90%
E14001441,Redditch,3190,3.20%,8096,8.20%,5263,5.40%,2960,3.00%,17036,17.30%,33068,33.70%,27177,27.60%
E14001442,Reigate,2991,2.90%,8549,8.10%,5203,4.90%,3204,3.00%,20161,19.10%,35738,33.80%,28421,26.90%
E14001443,Ribble Valley,2669,2.70%,8855,9.10%,3291,3.40%,2449,2.50%,15839,16.30%,30871,31.80%,32171,33.10%
E14001444,Richmond and Northallerton,2457,2.80%,9889,11.00%,2476,2.80%,2142,2.40%,13425,14.90%,25509,28.30%,33355,37.00%
E14001445,Richmond Park,4013,3.70%,9262,8.40%,7365,6.70%,3583,3.20%,21446,19.40%,37441,33.90%,25757,23.30%
E14001446,Rochdale,3650,3.50%,8259,8.10%,7319,7.20%,3449,3.40%,20305,19.90%,34319,33.70%,21251,20.90%
E14001447,Rochester and Strood,3399,3.30%,8064,8.00%,6019,6.00%,3552,3.50%,18434,18.30%,35059,34.80%,24360,24.10%
E14001448,Romford,3178,2.90%,7581,7.10%,8803,8.10%,4216,3.90%,18724,17.40%,36745,34.20%,25298,23.50%
E14001449,Romsey and Southampton North,2327,2.40%,8595,9.10%,6655,7.10%,2921,3.10%,14397,15.30%,27942,29.70%,29872,31.80%
E14001450,Rossendale and Darwen,3791,3.70%,10118,10.10%,3832,3.80%,2548,2.50%,17530,17.50%,33295,33.10%,27859,27.70%
E14001451,Rother Valley,2540,2.80%,8449,9.30%,2688,2.90%,2027,2.20%,15427,16.90%,29810,32.70%,29156,32.00%
E14001452,Rotherham,4876,4.60%,9817,9.10%,5721,5.40%,2805,2.60%,19219,17.90%,36212,33.70%,26537,24.70%
E14001453,Rugby,3431,3.00%,9016,8.10%,7304,6.60%,4727,4.30%,19121,17.30%,36566,33.00%,28062,25.40%
E14001454,"Ruislip, Northwood and Pinner",2181,2.30%,7792,8.50%,3133,3.50%,2234,2.40%,16608,18.20%,31624,34.70%,26612,29.20%
E14001455,Runcorn and Helsby,3567,3.70%,9051,9.20%,7246,7.30%,3484,3.50%,15778,16.10%,30358,31.00%,27170,27.70%
E14001456,Runnymede and Weybridge,3251,3.20%,9325,9.30%,5012,5.00%,2382,2.40%,18725,18.60%,34263,34.00%,26878,26.70%
E14001457,Rushcliffe,2968,3.00%,8756,9.10%,2900,3.00%,2459,2.50%,17063,17.70%,31392,32.50%,30079,31.20%
E14001458,Rutland and Stamford,2412,2.30%,8996,8.50%,17754,16.60%,2656,2.50%,14119,13.30%,26547,25.00%,31843,30.00%
E14001459,Salford,9999,9.80%,8919,8.80%,4207,4.20%,2824,2.80%,19088,18.80%,38924,38.40%,16467,16.20%
E14001460,Salisbury,2686,3.00%,9317,10.30%,3745,4.20%,2643,2.90%,14644,16.20%,27071,29.90%,29477,32.50%
E14001461,Scarborough and Whitby,3789,3.80%,12593,12.70%,5974,6.00%,2759,2.80%,14015,14.20%,26376,26.70%,31641,32.00%
E14001462,Scunthorpe,3486,3.50%,10034,10.00%,2802,2.80%,2774,2.80%,17975,17.90%,33267,33.10%,29156,29.00%
E14001463,Sefton Central,1619,1.80%,9908,11.00%,3268,3.60%,2315,2.60%,13052,14.50%,26306,29.30%,32347,36.00%
E14001464,Selby,3154,3.10%,8340,8.20%,3892,3.80%,3175,3.10%,17114,16.80%,34018,33.30%,30794,30.20%
E14001465,Sevenoaks,2104,2.10%,8702,8.50%,7060,6.80%,2913,2.80%,18334,17.90%,31919,31.10%,28951,28.20%
E14001466,Sheffield Brightside and Hillsborough,4888,4.00%,9517,8.00%,20083,16.90%,1537,1.30%,22424,18.80%,37469,31.50%,22095,18.50%
E14001467,Sheffield Central,8235,13.30%,5683,9.20%,5644,9.20%,1615,2.60%,8763,14.20%,21754,35.30%,9367,15.20%
E14001468,Sheffield Hallam,2125,2.40%,8386,9.30%,5371,5.90%,2223,2.50%,15397,17.10%,27432,30.40%,27873,30.90%
E14001469,Sheffield Heeley,5210,5.00%,11068,10.60%,4841,4.70%,2505,2.40%,19183,18.40%,35248,33.90%,24380,23.40%
E14001470,Sheffield South East,3659,3.60%,9853,9.70%,3598,3.60%,2375,2.30%,17998,17.70%,34706,34.10%,28154,27.70%
E14001471,Sherwood Forest,3182,3.10%,9254,9.10%,3629,3.50%,2325,2.30%,17175,17.00%,33516,33.10%,30949,30.60%
E14001472,Shipley,3937,3.90%,10401,10.50%,5185,5.30%,2799,2.80%,16383,16.60%,30500,30.90%,28439,28.80%
E14001473,Shrewsbury,3622,3.50%,10217,9.90%,6854,6.70%,4201,4.10%,15451,15.00%,29949,29.10%,29959,29.20%
E14001474,Sittingbourne and Sheppey,2755,2.70%,8819,8.60%,2653,2.60%,2321,2.30%,20231,19.70%,36419,35.50%,28380,27.70%
E14001475,Skipton and Ripon,2683,2.80%,10826,11.30%,2795,2.90%,2120,2.20%,14117,14.70%,26805,28.00%,35666,37.20%
E14001476,Sleaford and North Hykeham,2567,2.10%,8807,7.20%,19000,15.50%,7899,6.40%,15635,12.70%,30413,24.80%,31593,25.70%
E14001477,Slough,3757,3.00%,6347,5.10%,11501,9.20%,5198,4.20%,27416,22.00%,46143,37.00%,19393,15.60%
E14001478,Smethwick,3781,3.80%,8503,8.40%,3885,3.90%,2718,2.70%,21761,21.50%,37825,37.40%,21098,20.90%
E14001479,Solihull West and Shirley,2622,2.80%,8203,8.60%,6262,6.60%,3389,3.50%,15721,16.50%,30179,31.60%,27088,28.40%
E14001480,South Basildon and East Thurrock,2785,2.80%,7947,7.90%,7227,7.20%,3068,3.00%,18365,18.20%,34630,34.40%,25574,25.40%
E14001481,South Cambridgeshire,2806,2.80%,8451,8.50%,3446,3.50%,2446,2.50%,17626,17.80%,31864,32.20%,31461,31.80%
E14001482,South Cotswolds,2387,2.60%,8907,9.60%,3035,3.30%,2055,2.20%,15266,16.50%,28062,30.30%,31861,34.40%
E14001483,South Derbyshire,3170,3.40%,7687,8.00%,3644,3.80%,3653,3.80%,16377,17.10%,32337,33.90%,27682,28.90%
E14001484,South Devon,1787,2.00%,10915,12.10%,4185,4.60%,3498,3.90%,12506,13.90%,22814,25.20%,33406,37.00%
E14001485,South Dorset,2721,2.90%,11720,12.30%,3353,3.50%,3166,3.30%,13648,14.40%,26089,27.40%,33213,35.00%
E14001486,South East Cornwall,2144,2.30%,10355,10.90%,6278,6.60%,3965,4.20%,12691,13.40%,24129,25.50%,33149,35.00%
E14001487,South Holland and The Deepings,2757,2.60%,10019,9.70%,3378,3.20%,2600,2.50%,16623,16.10%,32194,31.10%,34772,33.60%
E14001488,South Leicestershire,2522,2.50%,8257,8.20%,3191,3.10%,2160,2.20%,17381,17.30%,33874,33.80%,31892,31.80%
E14001489,South Norfolk,2615,2.80%,7933,8.60%,3490,3.70%,2481,2.70%,16155,17.50%,30138,32.60%,28576,30.90%
E14001490,South Northamptonshire,2362,2.40%,8011,8.00%,2899,2.90%,2119,2.10%,17679,17.70%,33845,33.90%,31834,31.90%
E14001491,South Ribble,2777,3.10%,8889,9.70%,2591,2.80%,1801,2.00%,15346,16.80%,29559,32.30%,29768,32.50%
E14001492,South Shields,4191,4.60%,11269,12.40%,3401,3.80%,3478,3.80%,14563,16.00%,27509,30.20%,25344,27.80%
E14001493,South Shropshire,2025,2.30%,10313,11.20%,2859,3.10%,2509,2.70%,12094,13.20%,23957,26.10%,37026,40.40%
E14001494,South Suffolk,2106,2.30%,9276,10.10%,3038,3.30%,2680,2.90%,13834,15.10%,27170,29.70%,32499,35.50%
E14001495,South West Devon,2054,2.00%,9072,9.10%,5161,5.20%,3608,3.60%,15711,15.80%,29853,29.90%,32590,32.70%
E14001496,South West Hertfordshire,2336,2.50%,7907,8.10%,5050,5.20%,3649,3.70%,17982,18.30%,33152,33.70%,26475,27.00%
E14001497,South West Norfolk,2602,2.70%,9568,9.50%,4342,4.30%,2900,2.90%,16209,16.10%,30678,30.50%,32983,32.80%
E14001498,South West Wiltshire,3040,3.00%,9244,9.10%,9473,9.30%,2890,2.90%,15623,15.40%,30327,29.90%,29100,28.70%
E14001499,Southampton Itchen,6015,5.30%,9592,8.50%,15924,14.00%,3389,3.00%,18543,16.30%,36214,31.90%,21441,18.90%
E14001500,Southampton Test,6182,6.40%,8928,9.20%,5405,5.60%,3072,3.20%,17978,18.60%,35290,36.40%,18483,19.10%
E14001501,Southend East and Rochford,4473,4.70%,10285,10.70%,4690,4.90%,2915,3.00%,17190,17.90%,31787,33.10%,23285,24.30%
E14001502,Southend West and Leigh,3708,3.00%,10041,8.10%,19177,15.40%,7413,6.00%,18020,14.60%,33975,27.50%,27147,21.90%
E14001503,Southgate and Wood Green,4669,4.50%,8876,8.40%,4313,4.10%,3285,3.10%,19072,18.00%,40132,37.90%,24170,22.80%
E14001504,Southport,3441,3.50%,11568,11.60%,7114,7.20%,3948,4.00%,13949,14.00%,27350,27.50%,30099,30.30%
E14001505,Spelthorne,2906,3.10%,8747,9.10%,3559,3.70%,2214,2.30%,17592,18.30%,34066,35.40%,25810,26.80%
E14001506,Spen Valley,3375,3.60%,9257,9.60%,4724,5.00%,2609,2.70%,16933,17.70%,31129,32.40%,26670,27.80%
E14001507,St Albans,3373,3.30%,7441,7.40%,5135,5.00%,3721,3.70%,19775,19.70%,34971,34.90%,24544,24.50%
E14001508,St Austell and Newquay,3226,3.40%,9851,10.30%,3334,3.50%,2344,2.50%,15732,16.50%,29754,31.20%,30073,31.50%
E14001509,St Helens North,3451,3.50%,9905,9.90%,3514,3.50%,2273,2.30%,16950,17.00%,33528,33.60%,28964,29.00%
E14001510,St Helens South and Whiston,3964,4.10%,9731,10.20%,3724,3.90%,3332,3.50%,15604,16.40%,31572,33.10%,26220,27.50%
E14001511,St Ives,2455,2.70%,10898,12.40%,4663,5.40%,2395,2.70%,12514,14.30%,23235,26.60%,30373,34.70%
E14001512,St Neots and Mid Cambridgeshire,3595,3.50%,7933,7.70%,3550,3.40%,2142,2.10%,20396,19.70%,37292,36.00%,27583,26.60%
E14001513,Stafford,3474,3.90%,9225,10.00%,2385,2.50%,2280,2.50%,15034,16.30%,29693,32.30%,29003,31.50%
E14001514,Staffordshire Moorlands,2389,2.70%,8941,10.30%,4144,4.80%,2364,2.70%,12385,14.30%,24953,28.70%,30104,34.70%
E14001515,Stalybridge and Hyde,3979,4.00%,9535,9.60%,6042,6.10%,2920,2.90%,17838,18.00%,33066,33.40%,24194,24.40%
E14001516,Stevenage,3409,3.50%,8463,8.60%,5175,5.30%,2751,2.80%,18463,18.80%,34432,35.10%,23924,24.40%
E14001517,Stockport,6017,5.80%,10103,9.80%,4340,4.20%,2493,2.40%,19283,18.70%,37052,35.90%,22173,21.50%
E14001518,Stockton North,4367,4.70%,10009,10.70%,2466,2.70%,1855,2.00%,18005,19.20%,31792,33.90%,24394,26.00%
E14001519,Stockton West,2305,2.40%,7683,7.80%,8440,8.60%,2389,2.40%,16091,16.40%,30057,30.70%,29040,29.70%
E14001520,Stoke-on-Trent Central,6117,5.70%,10708,10.10%,4313,4.00%,2224,2.10%,20487,19.30%,37129,35.00%,23480,22.10%
E14001521,Stoke-on-Trent North,4040,4.10%,9718,9.80%,3707,3.70%,2292,2.30%,18459,18.60%,33407,33.80%,25833,26.10%
E14001522,Stoke-on-Trent South,2706,2.90%,8605,9.40%,2653,2.80%,2295,2.50%,16422,17.90%,29858,32.40%,28513,31.00%
E14001523,"Stone, Great Wyrley and Penkridge",1970,2.30%,8262,9.10%,3813,4.20%,2307,2.50%,13767,15.20%,27663,30.60%,31365,34.60%
E14001524,Stourbridge,3909,3.00%,9151,7.20%,30242,23.90%,6077,4.80%,15270,12.10%,30047,23.70%,26206,20.70%
E14001525,Stratford and Bow,7248,8.00%,5900,6.40%,3703,4.10%,2798,3.00%,17768,19.40%,41375,45.10%,12068,13.10%
E14001526,Stratford-on-Avon,2639,2.20%,10145,8.70%,18826,16.30%,6822,5.90%,14268,12.30%,26871,23.20%,32894,28.40%
E14001527,Streatham and Croydon North,5712,5.80%,8209,8.20%,6438,6.40%,3221,3.20%,18005,18.00%,37979,38.00%,18388,18.40%
E14001528,Stretford and Urmston,3820,4.00%,9122,9.50%,3438,3.60%,2712,2.80%,18395,19.10%,34581,35.90%,23522,24.40%
E14001529,Stroud,2738,2.90%,9812,10.40%,2806,3.00%,2381,2.50%,15270,16.20%,29026,30.80%,31200,33.20%
E14001530,Suffolk Coastal,2631,2.80%,11545,12.30%,4621,5.00%,2208,2.40%,12743,13.60%,24290,25.90%,33961,36.30%
E14001531,Sunderland Central,4583,4.70%,11079,11.50%,5398,5.60%,3331,3.40%,14744,15.30%,29966,31.00%,26048,27.00%
E14001532,Surrey Heath,2324,2.50%,7288,7.90%,3506,3.80%,3049,3.30%,16320,17.60%,30961,33.50%,27959,30.20%
E14001533,Sussex Weald,1733,1.80%,8544,9.00%,7239,7.60%,3924,4.10%,14248,15.00%,26156,27.50%,31114,32.70%
E14001534,Sutton and Cheam,3395,3.40%,8257,8.40%,3682,3.70%,2809,2.90%,19273,19.60%,36627,37.20%,22876,23.30%
E14001535,Sutton Coldfield,2497,2.50%,9132,9.20%,5844,5.90%,3006,3.00%,16341,16.50%,30305,30.70%,29764,30.10%
E14001536,Swindon North,3502,3.10%,8148,7.20%,10035,8.90%,4282,3.80%,20290,18.10%,37656,33.40%,25595,22.80%
E14001537,Swindon South,4888,4.70%,9194,8.90%,4439,4.30%,2666,2.60%,18850,18.20%,37170,35.80%,25178,24.30%
E14001538,Tamworth,2670,2.80%,8161,8.40%,2990,3.10%,2376,2.40%,16920,17.40%,33612,34.60%,29354,30.20%
E14001539,Tatton,2651,2.70%,9744,9.80%,4913,4.90%,2907,2.90%,16590,16.70%,29880,30.10%,31385,31.60%
E14001540,Taunton and Wellington,3980,3.70%,11257,10.50%,5906,5.50%,2818,2.60%,17652,16.50%,32845,30.70%,30762,28.80%
E14001541,Telford,3808,3.80%,8187,8.10%,3370,3.40%,2311,2.30%,20509,20.40%,36312,36.20%,25032,24.90%
E14001542,Tewkesbury,2643,2.70%,9163,9.20%,6086,6.10%,3442,3.40%,16422,16.40%,31114,31.10%,29407,29.40%
E14001543,The Wrekin,2993,3.00%,8846,8.90%,2854,2.90%,2655,2.70%,17115,17.20%,32826,33.20%,31159,31.40%
E14001544,Thirsk and Malton,2552,2.60%,10712,11.00%,4173,4.30%,2966,3.10%,13767,14.20%,26410,27.30%,35367,36.40%
E14001545,Thornbury and Yate,2054,1.90%,7857,7.30%,10905,10.10%,4358,4.10%,16001,14.90%,30658,28.70%,31431,29.40%
E14001546,Thurrock,3919,3.30%,7278,6.20%,7855,6.70%,4185,3.60%,24748,21.20%,43543,37.30%,21849,18.70%
E14001547,Tipton and Wednesbury,3882,3.70%,8967,8.50%,3421,3.30%,3086,2.90%,21955,20.80%,38500,36.50%,24427,23.20%
E14001548,Tiverton and Minehead,2137,2.40%,10235,11.30%,3777,4.20%,2877,3.20%,13126,14.50%,24076,26.70%,32905,36.40%
E14001549,Tonbridge,2038,1.80%,8375,7.20%,22114,19.00%,4197,3.60%,17278,14.80%,30915,26.50%,29695,25.40%
E14001550,Tooting,5611,6.40%,6611,7.40%,5789,6.50%,4593,5.20%,15423,17.30%,34754,39.00%,14569,16.40%
E14001551,Torbay,3892,4.00%,13324,13.40%,3651,3.70%,3788,3.80%,15036,15.20%,27838,28.00%,30424,30.70%
E14001552,Torridge and Tavistock,2322,1.90%,10543,8.60%,25535,20.90%,7445,6.10%,13145,10.70%,24150,19.80%,34746,28.40%
E14001553,Tottenham,6817,6.20%,8942,8.10%,8713,8.00%,3177,2.90%,22327,20.30%,42004,38.10%,16983,15.40%
E14001554,Truro and Falmouth,2886,3.40%,9512,10.80%,4229,4.80%,2530,2.90%,13426,15.30%,26241,29.90%,27752,31.70%
E14001555,Tunbridge Wells,3723,3.50%,9393,8.70%,6436,5.90%,3256,3.00%,19677,18.30%,34712,32.20%,28952,26.90%
E14001556,Twickenham,3718,3.70%,9123,9.10%,2692,2.80%,1852,1.80%,19956,19.90%,35968,35.90%,26030,26.00%
E14001557,Tynemouth,4200,3.90%,11355,10.40%,11983,11.00%,5009,4.60%,15815,14.50%,29871,27.30%,27903,25.50%
E14001558,Uxbridge and South Ruislip,3597,2.90%,7456,6.10%,21628,17.70%,4728,3.90%,20607,16.80%,39435,32.20%,22841,18.60%
E14001559,Vauxhall and Camberwell Green,7809,9.50%,8848,10.70%,5538,6.80%,2622,3.20%,12447,15.10%,30523,36.90%,12998,15.70%
E14001560,Wakefield and Rothwell,4543,4.50%,9719,9.50%,3895,3.90%,2892,2.80%,18257,17.80%,35608,34.70%,26266,25.60%
E14001561,Wallasey,3756,3.60%,11632,11.00%,9540,9.10%,4462,4.20%,16261,15.40%,30063,28.60%,25611,24.30%
E14001562,Walsall and Bloxwich,4142,3.20%,8891,6.90%,19334,15.10%,6127,4.80%,23836,18.50%,39216,30.50%,22279,17.30%
E14001563,Walthamstow,5087,5.20%,6504,6.60%,3983,4.00%,2316,2.40%,20620,20.90%,43372,44.10%,15430,15.70%
E14001564,Warrington North,3727,4.00%,9295,9.80%,3901,4.10%,2153,2.30%,16097,17.00%,31280,33.10%,26984,28.60%
E14001565,Warrington South,4093,3.80%,8716,8.10%,10441,9.60%,2736,2.50%,17428,16.20%,34874,32.30%,28238,26.20%
E14001566,Warwick and Leamington,4912,5.20%,9056,9.50%,2737,2.80%,1848,1.90%,17015,17.90%,34986,36.70%,23758,24.90%
E14001567,Washington and Gateshead South,3402,3.20%,9629,9.00%,10834,10.20%,4198,3.90%,16310,15.30%,31403,29.50%,27581,25.90%
E14001568,Watford,4546,4.60%,7357,7.50%,3040,3.10%,2883,2.90%,19811,20.20%,38945,39.70%,20723,21.10%
E14001569,Waveney Valley,1995,2.20%,9433,10.60%,3742,4.20%,3491,3.90%,12009,13.50%,23674,26.60%,33392,37.50%
E14001570,Weald of Kent,1496,1.50%,8293,8.70%,7136,7.50%,3395,3.60%,14471,15.20%,26225,27.50%,32091,33.60%
E14001571,Wellingborough and Rushden,3937,3.70%,9722,9.10%,3725,3.60%,3315,3.10%,19615,18.30%,37098,34.60%,28345,26.50%
E14001572,Wells and Mendip Hills,1821,1.90%,8780,9.20%,11262,11.80%,3194,3.30%,13030,13.60%,24297,25.30%,31468,32.90%
E14001573,Welwyn Hatfield,3630,3.30%,8749,7.90%,9499,8.60%,4570,4.10%,19408,17.60%,35557,32.20%,24955,22.60%
E14001574,West Bromwich,3800,3.80%,8707,8.80%,2953,3.00%,2824,2.90%,19531,19.70%,36854,37.20%,23584,23.80%
E14001575,West Dorset,2185,1.70%,12081,9.60%,27139,21.60%,7567,6.00%,12299,9.80%,22682,18.00%,35742,28.30%
E14001576,West Ham and Beckton,6502,6.20%,6302,6.00%,5775,5.50%,2806,2.70%,21205,20.20%,45612,43.40%,15555,14.80%
E14001577,West Lancashire,2801,2.90%,9280,9.70%,5307,5.50%,3118,3.20%,15268,15.90%,29515,30.80%,29283,30.50%
E14001578,West Suffolk,5637,4.90%,10200,9.10%,3056,2.70%,3088,2.80%,20075,17.90%,38306,34.10%,30623,27.30%
E14001579,West Worcestershire,2248,2.30%,10539,11.00%,3527,3.70%,2443,2.50%,13807,14.40%,26334,27.50%,36303,37.80%
E14001580,Westmorland and Lonsdale,2684,3.00%,10668,11.60%,4925,5.40%,2966,3.20%,11671,12.70%,24253,26.40%,33313,36.30%
E14001581,Weston-super-Mare,3996,4.40%,10396,11.40%,2255,2.50%,2100,2.30%,15763,17.30%,30112,33.00%,25850,28.30%
E14001582,Wetherby and Easingwold,1787,1.90%,8655,9.70%,2355,2.70%,1842,2.10%,14466,16.20%,26330,29.50%,33104,37.00%
E14001583,Whitehaven and Workington,4299,4.60%,10576,11.20%,3257,3.50%,2479,2.60%,15000,15.90%,28353,30.00%,29069,30.80%
E14001584,Widnes and Halewood,3404,3.60%,9059,9.80%,4055,4.40%,2388,2.60%,16026,17.30%,31091,33.60%,25197,27.20%
E14001585,Wigan,4195,3.70%,10388,9.10%,11689,10.20%,4181,3.70%,17952,15.70%,35593,31.20%,28279,24.70%
E14001586,Wimbledon,3797,3.70%,7472,7.30%,6731,6.50%,2444,2.40%,19264,18.90%,38312,37.60%,22902,22.50%
E14001587,Winchester,2671,2.50%,9234,8.80%,8773,8.40%,4151,4.00%,17012,16.20%,30006,28.60%,30668,29.30%
E14001588,Windsor,3146,3.40%,8653,9.20%,2238,2.40%,2054,2.20%,17966,19.10%,33148,35.20%,26072,27.70%
E14001589,Wirral West,1841,2.10%,10089,11.20%,3785,4.20%,2892,3.20%,13585,15.10%,25186,28.00%,31329,34.90%
E14001590,Witham,2487,2.40%,8843,8.80%,3854,3.80%,2547,2.50%,17469,17.30%,33847,33.50%,31007,30.70%
E14001591,Witney,2768,2.80%,7895,7.80%,7349,7.20%,3482,3.50%,16983,16.90%,31927,31.70%,28132,28.00%
E14001592,Woking,3355,3.50%,7757,7.90%,3931,4.00%,2436,2.50%,18854,19.30%,35585,36.40%,24753,25.30%
E14001593,Wokingham,2465,2.50%,6892,6.80%,5949,5.90%,3253,3.20%,18987,18.70%,33701,33.20%,27736,27.40%
E14001594,Wolverhampton North East,3351,3.10%,9122,8.40%,8206,7.60%,4492,4.20%,19958,18.50%,34849,32.30%,24603,22.80%
E14001595,Wolverhampton South East,4167,3.40%,9162,7.60%,9514,7.90%,4869,4.00%,24465,20.30%,41683,34.60%,23588,19.50%
E14001596,Wolverhampton West,4581,4.40%,10057,9.60%,7481,7.20%,2721,2.60%,18427,17.60%,34378,32.90%,25573,24.40%
E14001597,Worcester,4686,4.70%,9471,9.40%,5610,5.60%,2860,2.80%,16799,16.70%,33698,33.60%,25776,25.70%
E14001598,Worsley and Eccles,4528,4.30%,10053,9.50%,4727,4.50%,3267,3.10%,19080,18.10%,37015,35.10%,25523,24.20%
E14001599,Worthing West,3458,3.30%,11951,11.30%,9346,8.80%,4367,4.10%,14534,13.80%,28607,27.20%,30298,28.70%
E14001600,Wycombe,3892,4.00%,7173,7.50%,3619,3.80%,2852,3.00%,18865,19.80%,35587,37.30%,22174,23.20%
E14001601,Wyre Forest,3272,3.10%,11092,10.50%,6725,6.40%,3426,3.30%,15664,14.90%,30256,28.70%,32599,31.00%
E14001602,Wythenshawe and Sale East,4600,4.30%,10390,9.70%,4649,4.30%,2872,2.70%,22817,21.20%,38892,36.20%,21999,20.50%
E14001603,Yeovil,3471,3.10%,10855,9.60%,14543,12.90%,2314,2.00%,16696,14.80%,31712,28.10%,32463,28.70%
E14001604,York Central,6181,7.00%,9455,10.70%,3704,4.30%,2037,2.30%,14265,16.20%,31313,35.60%,20390,23.20%
E14001605,York Outer,2004,2.10%,8980,9.60%,3461,3.80%,2512,2.70%,14781,15.90%,28315,30.50%,31694,34.00%
W07000081,Aberafan Maesteg,3346,3.60%,9846,10.60%,4252,4.60%,2519,2.70%,15857,17.10%,30114,32.40%,25577,27.50%
W07000082,Alyn and Deeside,3054,3.00%,9582,9.30%,5724,5.50%,2801,2.70%,17191,16.70%,34643,33.70%,28863,28.00%
W07000083,Bangor Aberconwy,3060,3.60%,10385,12.10%,3130,3.70%,2159,2.50%,13262,15.50%,25048,29.20%,27561,32.20%
W07000084,Blaenau Gwent and Rhymney,3761,4.00%,10388,11.00%,2872,3.10%,2878,3.10%,15748,16.70%,31321,33.30%,26204,27.80%
W07000085,"Brecon, Radnor and Cwm Tawe",2717,3.00%,11078,12.20%,3249,3.50%,2616,2.90%,13321,14.60%,25554,28.10%,31382,34.50%
W07000086,Bridgend,3079,3.20%,8973,9.50%,3789,4.10%,3570,3.80%,15258,16.20%,30574,32.40%,27700,29.30%
W07000087,Caerfyrddin,2686,3.00%,10077,11.10%,3341,3.60%,2375,2.60%,13920,15.40%,26144,28.80%,30851,34.00%
W07000088,Caerphilly,3101,2.90%,8986,8.50%,11356,10.70%,2962,2.80%,16818,16.00%,33097,31.50%,26945,25.60%
W07000089,Cardiff East,5361,5.70%,8471,8.90%,5209,5.40%,2250,2.40%,18703,19.70%,33502,35.20%,20450,21.50%
W07000090,Cardiff North,3001,2.90%,8510,8.10%,18751,17.90%,2559,2.40%,15736,15.00%,29806,28.40%,24737,23.60%
W07000091,Cardiff South and Penarth,6567,7.40%,8122,9.30%,5751,6.60%,2810,3.20%,14664,16.70%,30187,34.50%,17918,20.50%
W07000092,Cardiff West,4422,4.30%,9459,9.30%,5802,5.70%,3342,3.30%,19381,19.10%,34661,34.10%,23378,23.00%
W07000093,Ceredigion Preseli,2712,3.20%,10665,12.30%,2957,3.40%,2740,3.20%,12348,14.30%,23124,26.80%,30822,35.70%
W07000094,Clwyd East,2377,2.50%,10651,11.00%,3820,3.90%,2889,3.00%,14701,15.20%,27923,29.00%,32754,33.90%
W07000095,Clwyd North,3400,3.50%,11970,12.40%,3207,3.30%,2744,2.80%,16213,16.70%,28406,29.40%,29808,30.80%
W07000096,Dwyfor Meirionnydd,3039,3.30%,11822,12.80%,3083,3.30%,2435,2.60%,14712,15.90%,26755,28.90%,29805,32.10%
W07000097,Gower,2844,3.00%,10566,11.00%,3452,3.60%,2791,2.90%,15134,15.80%,29368,30.70%,30560,31.90%
W07000098,Llanelli,2886,3.20%,9693,10.40%,3455,3.70%,2411,2.60%,15779,17.00%,29452,31.70%,27831,29.90%
W07000099,Merthyr Tydfil and Aberdare,3972,4.00%,10005,10.10%,3446,3.50%,3016,3.00%,17188,17.30%,33291,33.50%,27104,27.30%
W07000100,Mid and South Pembrokeshire,3523,3.60%,11802,12.00%,2985,3.10%,2787,2.80%,16003,16.20%,28448,28.90%,32056,32.50%
W07000101,Monmouthshire,2359,2.50%,9921,10.80%,3314,3.60%,2975,3.20%,13589,14.70%,26564,28.80%,32275,35.00%
W07000102,Montgomeryshire and Glyndwr,2920,3.00%,10770,11.10%,3688,3.80%,2199,2.30%,15606,16.20%,29105,30.10%,31215,32.30%
W07000103,Neath and Swansea East,4094,3.90%,9942,9.60%,7484,7.20%,3591,3.50%,16343,15.80%,32203,31.10%,27096,26.20%
W07000104,Newport East,4464,4.30%,9688,9.40%,3750,3.60%,2564,2.50%,19479,18.90%,36810,35.80%,24838,24.10%
W07000105,Newport West and Islwyn,3182,3.10%,9520,9.30%,5025,4.90%,2391,2.30%,17915,17.60%,34555,33.90%,28207,27.70%
W07000106,Pontypridd,3616,3.60%,9194,9.30%,3788,3.80%,2443,2.50%,17633,17.80%,34558,34.80%,26629,26.80%
W07000107,Rhondda and Ogmore,3776,3.60%,10502,9.90%,10792,10.20%,2405,2.30%,17096,16.10%,33395,31.40%,27111,25.50%
W07000108,Swansea West,6076,6.50%,11332,12.10%,3223,3.40%,2318,2.50%,16200,17.40%,30361,32.50%,22596,24.20%
W07000109,Torfaen,3123,3.30%,9190,10.00%,3410,3.70%,2598,2.80%,15963,17.30%,30513,33.20%,26206,28.40%
W07000110,Vale of Glamorgan,3164,3.30%,9339,10.00%,4054,4.40%,2426,2.60%,16277,17.40%,29922,31.90%,27164,29.00%
W07000111,Wrexham,3515,3.80%,9345,10.00%,2135,2.20%,2015,2.20%,16771,17.90%,31414,33.60%,27685,29.60%
W07000112,Ynys Môn,2027,3.30%,8160,12.90%,0,0.00%,0,0.00%,10950,17.30%,19429,30.80%,22697,35.90%