ConstCode,Const,xapply,xapplyp,mignotUK,mignotUKp,migStu,migStup,migUK,migUKp,nonmig,nonmigp
E14001063,Aldershot,1429,1.22%,1050,0.89%,244,0.21%,11641,9.91%,103066,87.77%
E14001064,Aldridge-Brownhills,826,0.88%,162,0.17%,124,0.13%,5801,6.20%,86694,92.61%
E14001065,Altrincham and Sale West,931,0.92%,1054,1.04%,273,0.27%,7749,7.68%,90917,90.08%
E14001066,Amber Valley,824,0.91%,163,0.18%,107,0.12%,6791,7.52%,82437,91.27%
E14001067,Arundel and South Downs,657,0.68%,546,0.56%,279,0.29%,8871,9.13%,86824,89.35%
E14001068,Ashfield,940,0.99%,245,0.26%,95,0.10%,6790,7.15%,86951,91.51%
E14001069,Ashford,1219,1.14%,867,0.81%,216,0.20%,9902,9.27%,94612,88.57%
E14001070,Ashton-under-Lyne,1180,1.18%,642,0.64%,117,0.12%,6443,6.44%,91658,91.62%
E14001071,Aylesbury,1290,1.18%,628,0.57%,251,0.23%,9963,9.10%,97332,88.92%
E14001072,Banbury,1075,1.06%,923,0.91%,267,0.26%,9998,9.83%,89429,87.94%
E14001073,Barking,1967,1.47%,1409,1.05%,181,0.14%,10039,7.50%,120220,89.84%
E14001074,Barnsley North,1129,1.08%,350,0.33%,116,0.11%,7754,7.42%,95149,91.05%
E14001075,Barnsley South,1119,1.07%,372,0.35%,75,0.07%,7844,7.48%,95455,91.03%
E14001076,Barrow and Furness,875,0.90%,433,0.44%,135,0.14%,7571,7.77%,88411,90.75%
E14001077,Basildon and Billericay,1381,1.28%,472,0.44%,150,0.14%,8030,7.43%,98066,90.72%
E14001078,Basingstoke,1223,1.11%,1062,0.97%,241,0.22%,10520,9.56%,96981,88.14%
E14001079,Bassetlaw,1042,1.00%,324,0.31%,143,0.14%,8926,8.57%,93767,89.99%
E14001080,Bath,847,0.83%,2422,2.36%,4481,4.38%,17839,17.42%,76822,75.01%
E14001081,Battersea,1293,1.19%,2367,2.17%,759,0.70%,20726,19.03%,83754,76.91%
E14001082,Beaconsfield,934,0.97%,637,0.66%,270,0.28%,8030,8.32%,86604,89.77%
E14001083,Beckenham and Penge,1271,1.19%,778,0.73%,263,0.25%,9646,9.00%,95195,88.84%
E14001084,Bedford,1323,1.20%,1347,1.22%,331,0.30%,10190,9.27%,96774,88.00%
E14001085,Bermondsey and Old Southwark,990,0.92%,3579,3.34%,1606,1.50%,17992,16.79%,82992,77.45%
E14001086,Bethnal Green and Stepney,1464,1.15%,5520,4.35%,1502,1.18%,19949,15.74%,98321,77.57%
E14001087,Beverley and Holderness,603,0.67%,327,0.37%,165,0.18%,7359,8.22%,81049,90.55%
E14001088,Bexhill and Battle,651,0.73%,375,0.42%,177,0.20%,8024,9.00%,79881,89.65%
E14001089,Bexleyheath and Crayford,1088,1.10%,475,0.48%,200,0.20%,6795,6.89%,90105,91.33%
E14001090,Bicester and Woodstock,1038,1.03%,977,0.97%,265,0.26%,10588,10.47%,88292,87.28%
E14001091,Birkenhead,1168,1.11%,454,0.43%,165,0.16%,8112,7.69%,95593,90.62%
E14001092,Birmingham Edgbaston,1166,1.08%,2174,2.01%,1171,1.08%,12775,11.79%,91055,84.04%
E14001093,Birmingham Erdington,1653,1.36%,744,0.61%,240,0.20%,8803,7.23%,110281,90.60%
E14001094,Birmingham Hall Green and Moseley,1612,1.37%,1065,0.91%,325,0.28%,8044,6.86%,106252,90.58%
E14001095,Birmingham Hodge Hill and Solihull North,1665,1.36%,661,0.54%,181,0.15%,7128,5.83%,112658,92.12%
E14001096,Birmingham Ladywood,2153,1.42%,4466,2.94%,2800,1.84%,20361,13.41%,122085,80.39%
E14001097,Birmingham Northfield,1290,1.20%,463,0.43%,240,0.22%,7313,6.78%,98483,91.37%
E14001098,Birmingham Perry Barr,1602,1.31%,1355,1.11%,312,0.26%,7175,5.89%,111420,91.43%
E14001099,Birmingham Selly Oak,1076,1.00%,1396,1.29%,5894,5.46%,13227,12.25%,86401,80.01%
E14001100,Birmingham Yardley,1518,1.34%,920,0.81%,182,0.16%,7293,6.42%,103603,91.27%
E14001101,Bishop Auckland,828,0.90%,314,0.34%,192,0.21%,7396,8.01%,83554,90.54%
E14001102,Blackburn,1481,1.32%,1103,0.98%,145,0.13%,7447,6.62%,102234,90.95%
E14001103,Blackley and Middleton South,1420,1.28%,1296,1.17%,222,0.20%,7556,6.82%,100250,90.52%
E14001104,Blackpool North and Fleetwood,788,0.83%,312,0.33%,130,0.14%,7618,8.02%,86158,90.69%
E14001105,Blackpool South,1165,1.06%,821,0.75%,136,0.12%,9916,9.06%,97394,89.00%
E14001106,Blaydon and Consett,810,0.88%,227,0.25%,154,0.17%,6446,7.04%,83892,91.66%
E14001107,Blyth and Ashington,1013,1.00%,232,0.23%,99,0.10%,7967,7.85%,92223,90.83%
E14001108,Bognor Regis and Littlehampton,933,0.87%,550,0.51%,250,0.23%,9955,9.30%,95370,89.08%
E14001109,Bolsover,1000,1.00%,323,0.32%,101,0.10%,7916,7.90%,90823,90.68%
E14001110,Bolton North East,1241,1.09%,809,0.71%,170,0.15%,7399,6.50%,104299,91.56%
E14001111,Bolton South and Walkden,1939,1.57%,1229,0.99%,189,0.15%,9052,7.33%,111126,89.96%
E14001112,Bolton West,960,0.98%,489,0.50%,199,0.20%,6727,6.85%,89896,91.48%
E14001113,Bootle,1089,1.07%,585,0.58%,99,0.10%,6705,6.61%,92904,91.64%
E14001114,Boston and Skegness,995,0.86%,913,0.79%,131,0.11%,10423,8.97%,103727,89.27%
E14001115,Bournemouth East,1047,0.98%,1169,1.09%,757,0.71%,12897,12.06%,91068,85.16%
E14001116,Bournemouth West,994,0.93%,1668,1.56%,2152,2.01%,17571,16.39%,84836,79.12%
E14001117,Bracknell,1110,1.09%,855,0.84%,266,0.26%,9975,9.80%,89573,88.01%
E14001118,Bradford East,1593,1.34%,823,0.69%,127,0.11%,7493,6.30%,108956,91.57%
E14001119,Bradford South,1474,1.35%,406,0.37%,116,0.11%,7748,7.09%,99518,91.08%
E14001120,Bradford West,1672,1.38%,1787,1.47%,372,0.31%,9199,7.58%,108325,89.26%
E14001121,Braintree,952,0.91%,341,0.33%,188,0.18%,9200,8.83%,93454,89.74%
E14001122,Brent East,1597,1.19%,1833,1.36%,338,0.25%,13863,10.31%,116879,86.89%
E14001123,Brent West,1552,1.16%,2742,2.05%,606,0.45%,14598,10.92%,114173,85.41%
E14001124,Brentford and Isleworth,1568,1.22%,2330,1.81%,335,0.26%,12583,9.77%,111912,86.94%
E14001125,Brentwood and Ongar,1021,1.04%,548,0.56%,207,0.21%,8340,8.50%,88002,89.69%
E14001126,Bridgwater,932,0.94%,466,0.47%,148,0.15%,9175,9.25%,88483,89.19%
E14001127,Bridlington and The Wolds,700,0.76%,236,0.25%,150,0.16%,7790,8.41%,83724,90.41%
E14001128,Brigg and Immingham,697,0.77%,248,0.27%,111,0.12%,7243,7.96%,82646,90.87%
E14001129,Brighton Kemptown and Peacehaven,725,0.76%,1088,1.14%,1870,1.96%,12615,13.23%,79079,82.91%
E14001130,Brighton Pavilion,781,0.76%,2153,2.09%,3411,3.31%,19151,18.59%,77524,75.25%
E14001131,Bristol Central,648,0.69%,3155,3.37%,7302,7.80%,23038,24.60%,59501,63.54%
E14001132,Bristol East,1477,1.34%,1142,1.04%,577,0.52%,11532,10.48%,95329,86.62%
E14001133,Bristol North East,1094,1.11%,791,0.80%,882,0.89%,9703,9.83%,86283,87.37%
E14001134,Bristol North West,1143,1.05%,1124,1.03%,1696,1.55%,12926,11.84%,92308,84.53%
E14001135,Bristol South,1278,1.23%,637,0.61%,522,0.50%,10975,10.54%,90682,87.12%
E14001136,Broadland and Fakenham,715,0.77%,272,0.29%,131,0.14%,7455,7.99%,84751,90.81%
E14001137,Bromley and Biggin Hill,1083,1.11%,743,0.76%,278,0.28%,8051,8.25%,87401,89.59%
E14001138,Bromsgrove,888,0.90%,335,0.34%,233,0.23%,7642,7.71%,90084,90.83%
E14001139,Broxbourne,1206,1.11%,498,0.46%,251,0.23%,8199,7.56%,98239,90.63%
E14001140,Broxtowe,795,0.84%,811,0.86%,868,0.92%,8378,8.86%,83694,88.52%
E14001141,Buckingham and Bletchley,1075,1.02%,839,0.79%,337,0.32%,9747,9.23%,93634,88.64%
E14001142,Burnley,1213,1.11%,1091,1.00%,143,0.13%,8291,7.57%,98816,90.20%
E14001143,Burton and Uttoxeter,1274,1.13%,711,0.63%,165,0.15%,9516,8.46%,100865,89.63%
E14001144,Bury North,1060,1.03%,572,0.55%,141,0.14%,6634,6.43%,94751,91.85%
E14001145,Bury South,1354,1.27%,646,0.61%,213,0.20%,7426,6.96%,97091,90.97%
E14001146,Bury St Edmunds and Stowmarket,937,0.92%,1117,1.10%,223,0.22%,9611,9.46%,89680,88.30%
E14001147,Calder Valley,862,0.87%,284,0.29%,190,0.19%,7799,7.87%,89912,90.78%
E14001148,Camborne and Redruth,947,0.96%,453,0.46%,265,0.27%,9801,9.89%,87629,88.43%
E14001149,Cambridge,1088,0.88%,5532,4.46%,4013,3.23%,20501,16.52%,92950,74.91%
E14001150,Cannock Chase,1095,1.09%,205,0.20%,119,0.12%,7569,7.53%,91531,91.06%
E14001151,Canterbury,813,0.76%,1979,1.84%,4079,3.80%,16748,15.61%,83651,77.98%
E14001152,Carlisle,938,0.91%,546,0.53%,326,0.32%,9512,9.27%,91341,88.97%
E14001153,Carshalton and Wallington,1139,1.08%,548,0.52%,211,0.20%,7411,7.06%,95705,91.14%
E14001154,Castle Point,810,0.88%,185,0.20%,102,0.11%,6573,7.18%,83881,91.62%
E14001155,Central Devon,729,0.78%,416,0.45%,187,0.20%,8241,8.85%,83589,89.72%
E14001156,Central Suffolk and North Ipswich,769,0.82%,522,0.55%,201,0.21%,7838,8.32%,84834,90.09%
E14001157,Chatham and Aylesford,1294,1.22%,470,0.44%,185,0.17%,8426,7.96%,95481,90.20%
E14001158,Cheadle,938,0.98%,549,0.57%,204,0.21%,7042,7.38%,86746,90.85%
E14001159,Chelmsford,1088,1.01%,1010,0.94%,393,0.37%,10323,9.63%,94397,88.05%
E14001160,Chelsea and Fulham,1145,0.96%,3702,3.10%,1592,1.33%,19346,16.19%,93735,78.43%
E14001161,Cheltenham,844,0.84%,1148,1.15%,1176,1.17%,12425,12.40%,84603,84.44%
E14001162,Chesham and Amersham,946,0.95%,615,0.62%,341,0.34%,8113,8.19%,89046,89.89%
E14001163,Chester North and Neston,731,0.78%,1140,1.21%,1343,1.43%,10394,11.03%,80597,85.55%
E14001164,Chester South and Eddisbury,771,0.82%,556,0.59%,259,0.28%,8181,8.72%,84068,89.59%
E14001165,Chesterfield,842,0.90%,300,0.32%,143,0.15%,7060,7.57%,84897,91.05%
E14001166,Chichester,866,0.83%,711,0.68%,681,0.65%,11789,11.32%,90099,86.51%
E14001167,Chingford and Woodford Green,1246,1.12%,646,0.58%,211,0.19%,7658,6.90%,101244,91.21%
E14001168,Chippenham,883,0.90%,557,0.57%,251,0.26%,9546,9.75%,86706,88.53%
E14001169,Chipping Barnet,1191,1.05%,1155,1.02%,379,0.34%,8788,7.78%,101387,89.80%
E14001170,Chorley,1010,1.00%,309,0.31%,157,0.16%,7722,7.65%,91727,90.89%
E14001171,Christchurch,608,0.69%,335,0.38%,149,0.17%,7715,8.76%,79261,90.00%
E14001172,Cities of London and Westminster,952,0.79%,7581,6.32%,1641,1.37%,19176,15.98%,90631,75.54%
E14001173,City of Durham,716,0.71%,1615,1.60%,4910,4.88%,13656,13.56%,79784,79.24%
E14001174,Clacton,814,0.83%,225,0.23%,109,0.11%,8813,8.98%,88230,89.86%
E14001175,Clapham and Brixton Hill,1004,0.96%,1664,1.58%,870,0.83%,19752,18.81%,81698,77.82%
E14001176,Colchester,1296,1.13%,1412,1.24%,1378,1.21%,13357,11.68%,96882,84.74%
E14001177,Colne Valley,861,0.93%,310,0.33%,189,0.20%,7343,7.89%,84348,90.65%
E14001178,Congleton,847,0.94%,287,0.32%,178,0.20%,8065,8.97%,80493,89.57%
E14001179,Corby and East Northamptonshire,1183,1.01%,900,0.77%,251,0.22%,10555,9.05%,103701,88.95%
E14001180,Coventry East,1598,1.35%,1397,1.18%,347,0.29%,9549,8.07%,105391,89.10%
E14001181,Coventry North West,1157,1.08%,954,0.89%,816,0.76%,9335,8.70%,95028,88.57%
E14001182,Coventry South,1171,0.98%,4772,3.98%,3576,2.99%,18617,15.55%,91616,76.50%
E14001183,Cramlington and Killingworth,931,0.96%,265,0.27%,114,0.12%,7180,7.44%,88067,91.21%
E14001184,Crawley,1500,1.27%,1075,0.91%,202,0.17%,11044,9.32%,104672,88.34%
E14001185,Crewe and Nantwich,1209,1.10%,1060,0.97%,182,0.17%,10480,9.57%,96573,88.19%
E14001186,Croydon East,1259,1.15%,690,0.63%,245,0.22%,7695,7.00%,99962,91.00%
E14001187,Croydon South,1245,1.23%,689,0.68%,279,0.28%,8610,8.52%,90216,89.29%
E14001188,Croydon West,1786,1.46%,1581,1.29%,303,0.25%,11786,9.62%,107047,87.38%
E14001189,Dagenham and Rainham,1559,1.31%,930,0.78%,174,0.15%,8740,7.33%,107798,90.43%
E14001190,Darlington,968,0.99%,478,0.49%,161,0.17%,8713,8.95%,87029,89.40%
E14001191,Dartford,1523,1.40%,763,0.70%,172,0.16%,9192,8.45%,97191,89.30%
E14001192,Daventry,1002,0.95%,461,0.44%,262,0.25%,9332,8.86%,94324,89.51%
E14001193,Derby North,992,0.96%,928,0.90%,1309,1.27%,11120,10.77%,88886,86.10%
E14001194,Derby South,1581,1.33%,1132,0.96%,436,0.37%,9449,7.97%,105919,89.37%
E14001195,Derbyshire Dales,638,0.71%,392,0.44%,184,0.21%,7648,8.56%,80469,90.08%
E14001196,Dewsbury and Batley,1401,1.35%,725,0.70%,122,0.12%,6350,6.12%,95182,91.72%
E14001197,Didcot and Wantage,1250,1.18%,726,0.68%,331,0.31%,11581,10.90%,92330,86.93%
E14001198,Doncaster Central,1163,1.04%,917,0.82%,144,0.13%,9570,8.53%,100346,89.48%
E14001199,Doncaster East and the Isle of Axholme,798,0.85%,237,0.25%,135,0.14%,7325,7.82%,85182,90.93%
E14001200,Doncaster North,1161,1.20%,285,0.29%,94,0.10%,7234,7.48%,87939,90.93%
E14001201,Dorking and Horley,886,0.94%,606,0.65%,279,0.30%,8035,8.56%,84009,89.55%
E14001202,Dover and Deal,986,0.96%,496,0.48%,165,0.16%,9068,8.80%,92358,89.60%
E14001203,Droitwich and Evesham,930,0.91%,455,0.45%,182,0.18%,8297,8.14%,92120,90.33%
E14001204,Dudley,1253,1.24%,473,0.47%,88,0.09%,6472,6.41%,92690,91.79%
E14001205,Dulwich and West Norwood,1176,1.10%,1296,1.21%,466,0.44%,12157,11.35%,92004,85.91%
E14001206,Dunstable and Leighton Buzzard,1322,1.22%,563,0.52%,195,0.18%,9710,8.99%,96188,89.08%
E14001207,Ealing Central and Acton,1497,1.13%,3665,2.77%,926,0.70%,18966,14.32%,107372,81.08%
E14001208,Ealing North,1459,1.14%,1355,1.06%,292,0.23%,9634,7.54%,115016,90.03%
E14001209,Ealing Southall,1367,1.09%,1662,1.33%,294,0.24%,10596,8.48%,110983,88.86%
E14001210,Earley and Woodley,1090,1.03%,1646,1.56%,978,0.93%,11481,10.86%,90518,85.63%
E14001211,Easington,897,0.96%,181,0.19%,154,0.17%,7376,7.92%,84569,90.76%
E14001212,East Grinstead and Uckfield,812,0.85%,593,0.62%,253,0.26%,8501,8.89%,85449,89.37%
E14001213,East Ham,1872,1.43%,2487,1.90%,158,0.12%,9766,7.45%,116751,89.10%
E14001214,East Hampshire,709,0.78%,538,0.59%,245,0.27%,7766,8.55%,81598,89.81%
E14001215,East Surrey,1077,1.09%,544,0.55%,277,0.28%,7848,7.91%,89419,90.17%
E14001216,East Thanet,1107,1.05%,580,0.55%,155,0.15%,9560,9.10%,93671,89.15%
E14001217,East Wiltshire,1054,1.04%,833,0.82%,301,0.30%,11409,11.28%,87572,86.56%
E14001218,East Worthing and Shoreham,822,0.83%,437,0.44%,165,0.17%,8019,8.05%,90180,90.52%
E14001219,Eastbourne,888,0.87%,794,0.78%,360,0.35%,9947,9.78%,89697,88.21%
E14001220,Eastleigh,906,0.97%,482,0.52%,207,0.22%,8299,8.87%,83660,89.42%
E14001221,Edmonton and Winchmore Hill,1416,1.12%,1134,0.89%,252,0.20%,8862,6.99%,115144,90.80%
E14001222,Ellesmere Port and Bromborough,1104,1.16%,326,0.34%,176,0.18%,6705,7.05%,86832,91.26%
E14001223,Eltham and Chislehurst,1296,1.17%,906,0.82%,326,0.30%,8516,7.71%,99376,90.00%
E14001224,Ely and East Cambridgeshire,982,0.93%,768,0.73%,240,0.23%,9001,8.53%,94478,89.58%
E14001225,Enfield North,1480,1.16%,852,0.67%,232,0.18%,9585,7.52%,115227,90.46%
E14001226,Epping Forest,1198,1.17%,548,0.53%,196,0.19%,8135,7.93%,92536,90.18%
E14001227,Epsom and Ewell,1127,1.04%,980,0.91%,389,0.36%,8887,8.24%,96475,89.45%
E14001228,Erewash,884,0.93%,259,0.27%,120,0.13%,7236,7.60%,86674,91.07%
E14001229,Erith and Thamesmead,1744,1.29%,1425,1.06%,272,0.20%,10701,7.93%,120827,89.52%
E14001230,Esher and Walton,1218,1.18%,1021,0.99%,321,0.31%,9366,9.10%,91004,88.41%
E14001231,Exeter,833,0.82%,2381,2.34%,5532,5.44%,17304,17.02%,75646,74.38%
E14001232,Exmouth and Exeter East,968,0.97%,567,0.57%,321,0.32%,10399,10.41%,87676,87.74%
E14001233,Fareham and Waterlooville,852,0.86%,358,0.36%,157,0.16%,8357,8.46%,89085,90.16%
E14001234,Farnham and Bordon,910,0.91%,803,0.80%,456,0.46%,10426,10.41%,87601,87.43%
E14001235,Faversham and Mid Kent,1003,1.01%,324,0.33%,156,0.16%,8813,8.90%,88776,89.61%
E14001236,Feltham and Heston,1620,1.22%,2195,1.65%,209,0.16%,10647,8.00%,118482,88.98%
E14001237,Filton and Bradley Stoke,1265,1.18%,1436,1.34%,1183,1.10%,13025,12.13%,90430,84.25%
E14001238,Finchley and Golders Green,1504,1.19%,2063,1.64%,439,0.35%,12804,10.15%,109318,86.67%
E14001239,Folkestone and Hythe,809,0.88%,478,0.52%,162,0.18%,8040,8.76%,82342,89.67%
E14001240,Forest of Dean,765,0.84%,363,0.40%,220,0.24%,7623,8.33%,82589,90.20%
E14001241,Frome and East Somerset,898,0.97%,467,0.51%,302,0.33%,7503,8.14%,82976,90.05%
E14001242,Fylde,704,0.73%,779,0.81%,169,0.18%,8857,9.20%,85767,89.08%
E14001243,Gainsborough,783,0.82%,339,0.36%,169,0.18%,8491,8.92%,85375,89.72%
E14001244,Gateshead Central and Whickham,1009,1.03%,610,0.62%,295,0.30%,8682,8.86%,87384,89.19%
E14001245,Gedling,980,0.97%,328,0.32%,232,0.23%,7521,7.44%,92020,91.04%
E14001246,Gillingham and Rainham,1143,1.12%,713,0.70%,348,0.34%,8919,8.72%,91192,89.13%
E14001247,Glastonbury and Somerton,776,0.84%,519,0.56%,299,0.33%,9037,9.83%,81331,88.44%
E14001248,Gloucester,1259,1.08%,615,0.53%,705,0.61%,10859,9.33%,102977,88.46%
E14001249,Godalming and Ash,915,0.95%,672,0.70%,455,0.47%,9596,9.95%,84842,87.94%
E14001250,Goole and Pocklington,854,0.83%,418,0.40%,171,0.17%,8941,8.65%,93020,89.96%
E14001251,Gorton and Denton,1564,1.38%,1399,1.23%,372,0.33%,8256,7.26%,102102,89.81%
E14001252,Gosport,900,0.93%,420,0.44%,117,0.12%,8666,9.00%,86169,89.51%
E14001253,Grantham and Bourne,890,0.90%,420,0.42%,216,0.22%,8424,8.52%,88906,89.93%
E14001254,Gravesham,1269,1.19%,534,0.50%,166,0.16%,7896,7.39%,97035,90.77%
E14001255,Great Grimsby and Cleethorpes,1183,1.10%,536,0.50%,122,0.11%,9018,8.39%,96573,89.89%
E14001256,Great Yarmouth,922,0.92%,619,0.62%,99,0.10%,8625,8.65%,89483,89.71%
E14001257,Greenwich and Woolwich,1669,1.42%,2278,1.94%,551,0.47%,15771,13.43%,97186,82.74%
E14001258,Guildford,820,0.81%,2492,2.45%,2741,2.69%,14658,14.41%,81025,79.64%
E14001259,Hackney North and Stoke Newington,1811,1.56%,1127,0.97%,346,0.30%,12789,11.00%,100195,86.18%
E14001260,Hackney South and Shoreditch,1135,1.01%,2493,2.21%,666,0.59%,16848,14.97%,91415,81.22%
E14001261,Halesowen,1001,1.06%,250,0.26%,121,0.13%,6443,6.80%,86923,91.75%
E14001262,Halifax,1244,1.16%,494,0.46%,130,0.12%,8137,7.56%,97580,90.70%
E14001263,Hamble Valley,995,0.97%,464,0.45%,198,0.19%,9143,8.93%,91570,89.45%
E14001264,Hammersmith and Chiswick,1226,1.05%,2781,2.39%,1069,0.92%,16611,14.29%,94544,81.34%
E14001265,Hampstead and Highgate,1298,1.11%,3026,2.59%,755,0.65%,16364,14.00%,95437,81.65%
E14001266,"Harborough, Oadby and Wigston",876,0.86%,773,0.76%,270,0.27%,9538,9.41%,89951,88.70%
E14001267,Harlow,1340,1.21%,712,0.64%,160,0.14%,9439,8.49%,99467,89.51%
E14001268,Harpenden and Berkhamsted,838,0.88%,709,0.75%,351,0.37%,7868,8.27%,85375,89.74%
E14001269,Harrogate and Knaresborough,852,0.84%,814,0.80%,264,0.26%,10929,10.80%,88321,87.29%
E14001270,Harrow East,1298,1.10%,1564,1.32%,273,0.23%,9064,7.66%,106108,89.69%
E14001271,Harrow West,1519,1.25%,1897,1.56%,440,0.36%,11956,9.85%,105575,86.97%
E14001272,Hartlepool,918,0.99%,271,0.29%,181,0.20%,7834,8.48%,83133,90.03%
E14001273,Harwich and North Essex,848,0.86%,585,0.60%,611,0.62%,9673,9.86%,86390,88.06%
E14001274,Hastings and Rye,979,0.93%,655,0.62%,146,0.14%,9323,8.89%,93714,89.41%
E14001275,Havant,870,0.92%,304,0.32%,132,0.14%,7399,7.79%,86300,90.84%
E14001276,Hayes and Harlington,1665,1.32%,1794,1.42%,239,0.19%,10343,8.18%,112361,88.89%
E14001277,Hazel Grove,974,1.03%,339,0.36%,144,0.15%,6482,6.86%,86511,91.59%
E14001278,Hemel Hempstead,1296,1.25%,646,0.63%,208,0.20%,8953,8.67%,92195,89.25%
E14001279,Hendon,1709,1.31%,2476,1.89%,554,0.42%,13071,9.99%,113057,86.39%
E14001280,Henley and Thame,833,0.87%,646,0.68%,361,0.38%,9155,9.61%,84243,88.46%
E14001281,Hereford and South Herefordshire,815,0.84%,644,0.67%,189,0.20%,8593,8.91%,86243,89.39%
E14001282,Herne Bay and Sandwich,790,0.80%,361,0.36%,206,0.21%,8373,8.46%,89279,90.17%
E14001283,Hertford and Stortford,1155,1.09%,724,0.68%,307,0.29%,10541,9.97%,92972,87.96%
E14001284,Hertsmere,1165,1.10%,733,0.69%,385,0.36%,8596,8.12%,95030,89.73%
E14001285,Hexham,684,0.74%,315,0.34%,176,0.19%,7606,8.26%,83294,90.46%
E14001286,Heywood and Middleton North,1299,1.30%,524,0.52%,113,0.11%,6878,6.87%,91356,91.20%
E14001287,High Peak,783,0.86%,287,0.32%,212,0.23%,7061,7.77%,82590,90.83%
E14001288,Hinckley and Bosworth,878,0.89%,264,0.27%,195,0.20%,7714,7.83%,89494,90.82%
E14001289,Hitchin,1058,1.07%,479,0.49%,264,0.27%,8813,8.93%,88102,89.25%
E14001290,Holborn and St Pancras,885,0.83%,5324,5.02%,2870,2.71%,15539,14.66%,81402,76.78%
E14001291,Honiton and Sidmouth,705,0.77%,398,0.43%,174,0.19%,8131,8.87%,82262,89.74%
E14001292,Hornchurch and Upminster,1156,1.08%,437,0.41%,185,0.17%,7754,7.21%,97979,91.13%
E14001293,Hornsey and Friern Barnet,1094,1.06%,1283,1.24%,364,0.35%,12588,12.21%,87772,85.13%
E14001294,Horsham,1012,0.97%,779,0.75%,286,0.28%,10086,9.71%,91719,88.29%
E14001295,Houghton and Sunderland South,973,0.97%,203,0.20%,83,0.08%,6877,6.85%,92305,91.90%
E14001296,Hove and Portslade,885,0.87%,1032,1.02%,529,0.52%,12611,12.42%,86478,85.17%
E14001297,Huddersfield,1310,1.17%,1447,1.29%,987,0.88%,9380,8.37%,98918,88.29%
E14001298,Huntingdon,1071,0.99%,937,0.87%,250,0.23%,10400,9.63%,95350,88.28%
E14001299,Hyndburn,1011,1.08%,334,0.36%,124,0.13%,6809,7.24%,85747,91.20%
E14001300,Ilford North,1447,1.21%,1442,1.21%,255,0.21%,9231,7.73%,107106,89.64%
E14001301,Ilford South,1934,1.48%,2022,1.55%,220,0.17%,10564,8.08%,115928,88.72%
E14001302,Ipswich,1250,1.09%,1000,0.87%,249,0.22%,10459,9.11%,101862,88.71%
E14001303,Isle of Wight East,450,0.65%,260,0.37%,122,0.18%,6431,9.24%,62362,89.57%
E14001304,Isle of Wight West,541,0.76%,417,0.59%,113,0.16%,7068,9.98%,62696,88.51%
E14001305,Islington North,1274,1.16%,2064,1.88%,790,0.72%,16809,15.30%,88891,80.94%
E14001306,Islington South and Finsbury,1290,1.11%,3936,3.39%,1491,1.29%,18822,16.23%,90417,77.98%
E14001307,Jarrow and Gateshead East,886,0.94%,276,0.29%,86,0.09%,5955,6.35%,86643,92.32%
E14001308,Keighley and Ilkley,1016,1.02%,478,0.48%,173,0.17%,7674,7.72%,90038,90.60%
E14001309,Kenilworth and Southam,825,0.88%,1162,1.24%,543,0.58%,10182,10.87%,80956,86.43%
E14001310,Kensington and Bayswater,1259,0.95%,5635,4.24%,1621,1.22%,18650,14.04%,105702,79.55%
E14001311,Kettering,1174,1.06%,909,0.82%,171,0.15%,9817,8.88%,98529,89.09%
E14001312,Kingston and Surbiton,1321,1.15%,1772,1.54%,1197,1.04%,12317,10.70%,98510,85.57%
E14001313,Kingston upon Hull East,1185,1.15%,257,0.25%,151,0.15%,8285,8.02%,93381,90.43%
E14001314,Kingston upon Hull North and Cottingham,1309,1.13%,1211,1.05%,1925,1.67%,12288,10.64%,98766,85.51%
E14001315,Kingston upon Hull West and Haltemprice,1059,1.01%,737,0.70%,210,0.20%,9062,8.63%,93895,89.46%
E14001316,Kingswinford and South Staffordshire,704,0.80%,151,0.17%,135,0.15%,5780,6.53%,81765,92.35%
E14001317,Knowsley,1154,1.23%,349,0.37%,75,0.08%,6343,6.78%,85682,91.54%
E14001318,Lancaster and Wyre,800,0.83%,1721,1.78%,3179,3.28%,13459,13.90%,77674,80.21%
E14001319,Leeds Central and Headingley,723,0.68%,4491,4.22%,10104,9.50%,30538,28.71%,60506,56.89%
E14001320,Leeds East,1433,1.27%,809,0.72%,285,0.25%,8961,7.96%,101092,89.80%
E14001321,Leeds North East,1151,1.20%,847,0.88%,428,0.44%,8290,8.62%,85464,88.86%
E14001322,Leeds North West,829,0.89%,468,0.50%,336,0.36%,7745,8.35%,83342,89.89%
E14001323,Leeds South,1720,1.38%,1668,1.34%,806,0.65%,13589,10.92%,106607,85.70%
E14001324,Leeds South West and Morley,1016,1.06%,343,0.36%,227,0.24%,7317,7.64%,86818,90.70%
E14001325,Leeds West and Pudsey,1171,1.16%,668,0.66%,279,0.28%,8791,8.73%,89822,89.17%
E14001326,Leicester East,1390,1.12%,1641,1.32%,255,0.20%,8161,6.55%,113211,90.82%
E14001327,Leicester South,1311,1.10%,3404,2.87%,3803,3.20%,15225,12.82%,95059,80.01%
E14001328,Leicester West,1502,1.20%,1985,1.59%,1468,1.17%,12256,9.80%,107903,86.24%
E14001329,Leigh and Atherton,1124,1.04%,456,0.42%,94,0.09%,8473,7.83%,98030,90.62%
E14001330,Lewes,765,0.80%,452,0.48%,191,0.20%,8391,8.82%,85296,89.70%
E14001331,Lewisham East,1570,1.34%,984,0.84%,314,0.27%,9457,8.07%,104866,89.48%
E14001332,Lewisham North,1364,1.16%,1996,1.70%,800,0.68%,15051,12.85%,97918,83.60%
E14001333,Lewisham West and East Dulwich,1452,1.46%,780,0.78%,335,0.34%,10519,10.56%,86508,86.86%
E14001334,Leyton and Wanstead,1702,1.45%,1306,1.11%,224,0.19%,12039,10.27%,101974,86.98%
E14001335,Lichfield,841,0.87%,297,0.31%,182,0.19%,7907,8.22%,86972,90.41%
E14001336,Lincoln,1163,0.99%,1356,1.16%,3731,3.18%,16921,14.42%,94201,80.26%
E14001337,Liverpool Garston,1027,1.09%,473,0.50%,343,0.36%,5918,6.29%,86342,91.75%
E14001338,Liverpool Riverside,1031,0.88%,3711,3.15%,4667,3.96%,23822,20.23%,84506,71.78%
E14001339,Liverpool Walton,1221,1.20%,797,0.78%,194,0.19%,6714,6.59%,92927,91.24%
E14001340,Liverpool Wavertree,971,0.95%,1466,1.43%,5035,4.90%,14314,13.93%,80957,78.80%
E14001341,Liverpool West Derby,1094,1.12%,879,0.90%,250,0.26%,6489,6.67%,88583,91.05%
E14001342,Loughborough,818,0.81%,1603,1.59%,3182,3.16%,15357,15.25%,79763,79.19%
E14001343,Louth and Horncastle,695,0.72%,388,0.40%,153,0.16%,8824,9.13%,86550,89.59%
E14001344,Lowestoft,807,0.85%,247,0.26%,110,0.12%,7539,7.97%,85847,90.80%
E14001345,Luton North,1544,1.33%,1097,0.95%,215,0.19%,8066,6.97%,104835,90.56%
E14001346,Luton South and South Bedfordshire,1707,1.38%,2707,2.19%,258,0.21%,11667,9.45%,107161,86.77%
E14001347,Macclesfield,696,0.73%,552,0.58%,242,0.25%,8342,8.73%,85740,89.71%
E14001348,Maidenhead,1027,0.99%,1041,1.00%,309,0.30%,9834,9.44%,91994,88.28%
E14001349,Maidstone and Malling,1196,1.10%,979,0.90%,211,0.19%,11040,10.15%,95350,87.66%
E14001350,Makerfield,977,0.95%,293,0.28%,96,0.09%,6523,6.32%,95269,92.35%
E14001351,Maldon,904,0.90%,318,0.32%,174,0.17%,8431,8.43%,90148,90.17%
E14001352,Manchester Central,1272,1.04%,3575,2.92%,1836,1.50%,19939,16.29%,95795,78.25%
E14001353,Manchester Rusholme,1094,0.99%,4597,4.15%,5540,5.01%,22262,20.12%,77170,69.73%
E14001354,Manchester Withington,866,0.95%,1316,1.45%,4452,4.89%,14026,15.41%,70370,77.30%
E14001355,Mansfield,1028,0.98%,600,0.57%,128,0.12%,7926,7.52%,95647,90.81%
E14001356,Melksham and Devizes,732,0.79%,519,0.56%,222,0.24%,7988,8.57%,83731,89.85%
E14001357,Melton and Syston,856,0.91%,369,0.39%,246,0.26%,7344,7.78%,85540,90.66%
E14001358,Meriden and Solihull East,959,0.96%,506,0.51%,212,0.21%,7284,7.33%,90470,90.99%
E14001359,Mid Bedfordshire,1099,1.10%,1064,1.07%,272,0.27%,9102,9.14%,88082,88.42%
E14001360,Mid Buckinghamshire,927,0.95%,549,0.56%,291,0.30%,9494,9.71%,86537,88.49%
E14001361,Mid Cheshire,862,0.92%,377,0.40%,175,0.19%,7518,7.99%,85199,90.51%
E14001362,Mid Derbyshire,694,0.79%,275,0.31%,238,0.27%,6139,6.98%,80648,91.65%
E14001363,Mid Dorset and North Poole,749,0.79%,307,0.32%,201,0.21%,8385,8.81%,85509,89.87%
E14001364,Mid Leicestershire,1029,1.01%,387,0.38%,233,0.23%,7554,7.43%,92437,90.95%
E14001365,Mid Norfolk,775,0.81%,460,0.48%,176,0.18%,8752,9.10%,86021,89.43%
E14001366,Mid Sussex,1026,1.04%,704,0.72%,255,0.26%,9161,9.31%,87252,88.67%
E14001367,Middlesbrough and Thornaby East,1277,1.15%,2157,1.94%,695,0.62%,10399,9.34%,96811,86.95%
E14001368,Middlesbrough South and East Cleveland,856,0.93%,252,0.27%,127,0.14%,6787,7.34%,84387,91.32%
E14001369,Milton Keynes Central,1392,1.11%,1966,1.56%,393,0.31%,13999,11.13%,108067,85.89%
E14001370,Milton Keynes North,1121,1.13%,703,0.71%,201,0.20%,9222,9.26%,88358,88.71%
E14001371,Mitcham and Morden,1488,1.20%,1329,1.07%,305,0.25%,10222,8.26%,110418,89.22%
E14001372,Morecambe and Lunesdale,810,0.82%,426,0.43%,366,0.37%,7667,7.80%,89036,90.57%
E14001373,New Forest East,740,0.82%,325,0.36%,127,0.14%,7017,7.73%,82569,90.96%
E14001374,New Forest West,553,0.65%,411,0.48%,160,0.19%,7641,8.99%,76241,89.69%
E14001375,Newark,923,0.88%,468,0.45%,276,0.26%,10019,9.54%,93375,88.88%
E14001376,Newbury,956,0.98%,659,0.67%,304,0.31%,9074,9.29%,86661,88.74%
E14001377,Newcastle upon Tyne Central and West,1422,1.09%,2834,2.17%,2257,1.73%,17086,13.07%,107144,81.95%
E14001378,Newcastle upon Tyne East and Wallsend,1041,0.91%,1189,1.03%,2157,1.88%,15084,13.13%,95436,83.05%
E14001379,Newcastle upon Tyne North,994,0.93%,930,0.87%,5186,4.86%,14051,13.16%,85569,80.17%
E14001380,Newcastle-under-Lyme,841,0.91%,510,0.55%,1150,1.24%,8933,9.62%,81465,87.69%
E14001381,Newton Abbot,743,0.80%,320,0.34%,161,0.17%,8579,9.19%,83552,89.50%
E14001382,Newton Aycliffe and Spennymoor,981,1.04%,232,0.25%,188,0.20%,7851,8.31%,85264,90.21%
E14001383,Normanton and Hemsworth,1101,1.07%,274,0.27%,87,0.08%,6997,6.79%,94539,91.79%
E14001384,North Bedfordshire,1121,1.08%,384,0.37%,185,0.18%,9228,8.85%,93299,89.52%
E14001385,North Cornwall,814,0.82%,404,0.41%,182,0.18%,9385,9.46%,88371,89.12%
E14001386,North Cotswolds,805,0.87%,523,0.57%,199,0.22%,8892,9.63%,81903,88.71%
E14001387,North Devon,789,0.80%,545,0.55%,191,0.19%,9740,9.88%,87346,88.58%
E14001388,North Dorset,658,0.71%,528,0.57%,235,0.25%,8798,9.44%,82936,89.03%
E14001389,North Durham,802,0.84%,202,0.21%,194,0.20%,7236,7.62%,86533,91.12%
E14001390,North East Cambridgeshire,970,0.95%,438,0.43%,120,0.12%,8857,8.64%,92077,89.86%
E14001391,North East Derbyshire,835,0.90%,205,0.22%,121,0.13%,6879,7.44%,84399,91.30%
E14001392,North East Hampshire,950,0.94%,630,0.62%,270,0.27%,9420,9.33%,89686,88.84%
E14001393,North East Hertfordshire,1071,1.04%,380,0.37%,248,0.24%,8371,8.14%,92719,90.20%
E14001394,North East Somerset and Hanham,934,0.98%,349,0.37%,342,0.36%,8407,8.80%,85512,89.50%
E14001395,North Herefordshire,702,0.78%,484,0.53%,200,0.22%,8053,8.89%,81113,89.58%
E14001396,North Norfolk,502,0.58%,318,0.37%,137,0.16%,7606,8.75%,78405,90.15%
E14001397,North Northumberland,653,0.71%,346,0.38%,154,0.17%,7785,8.47%,82926,90.27%
E14001398,North Shropshire,859,0.85%,596,0.59%,202,0.20%,8892,8.81%,90394,89.55%
E14001399,North Somerset,698,0.74%,428,0.45%,215,0.23%,7599,8.07%,85281,90.51%
E14001400,North Warwickshire and Bedworth,884,0.94%,257,0.27%,113,0.12%,6816,7.28%,85597,91.38%
E14001401,North West Cambridgeshire,1358,1.19%,951,0.83%,181,0.16%,11457,10.03%,100270,87.79%
E14001402,North West Essex,1039,0.99%,584,0.56%,262,0.25%,9350,8.95%,93290,89.25%
E14001403,North West Hampshire,1193,1.10%,808,0.75%,258,0.24%,10669,9.86%,95288,88.05%
E14001404,North West Leicestershire,1015,1.02%,347,0.35%,427,0.43%,8800,8.86%,88763,89.34%
E14001405,North West Norfolk,868,0.84%,682,0.66%,136,0.13%,8531,8.27%,92882,90.09%
E14001406,Northampton North,1564,1.22%,2182,1.70%,802,0.63%,13727,10.70%,109993,85.75%
E14001407,Northampton South,1104,1.00%,1068,0.97%,403,0.37%,10315,9.34%,97497,88.32%
E14001408,Norwich North,913,0.92%,480,0.48%,331,0.33%,8995,9.07%,88414,89.19%
E14001409,Norwich South,902,0.86%,1778,1.69%,3367,3.20%,16816,15.98%,82365,78.27%
E14001410,Nottingham East,1262,1.04%,2995,2.46%,5617,4.61%,20945,17.18%,91098,74.72%
E14001411,Nottingham North and Kimberley,1161,1.07%,835,0.77%,344,0.32%,7060,6.49%,99347,91.36%
E14001412,Nottingham South,907,0.83%,2485,2.27%,7436,6.80%,19496,17.83%,79039,72.27%
E14001413,Nuneaton,1147,1.15%,497,0.50%,143,0.14%,8259,8.30%,89441,89.90%
E14001414,Old Bexley and Sidcup,1093,1.08%,454,0.45%,333,0.33%,7327,7.25%,91884,90.89%
E14001415,Oldham East and Saddleworth,1360,1.25%,650,0.60%,123,0.11%,6810,6.27%,99664,91.77%
E14001416,"Oldham West, Chadderton and Royton",1403,1.25%,762,0.68%,108,0.10%,6377,5.69%,103375,92.28%
E14001417,Orpington,1000,1.02%,566,0.58%,215,0.22%,6675,6.80%,89771,91.39%
E14001418,Ossett and Denby Dale,812,0.87%,332,0.36%,210,0.23%,6999,7.51%,84868,91.04%
E14001419,Oxford East,1115,0.95%,3200,2.72%,3836,3.27%,18091,15.40%,91217,77.66%
E14001420,Oxford West and Abingdon,781,0.73%,4160,3.91%,3230,3.04%,16370,15.41%,81722,76.91%
E14001421,Peckham,1111,1.03%,2087,1.93%,836,0.77%,13412,12.41%,90656,83.86%
E14001422,Pendle and Clitheroe,1162,1.07%,944,0.87%,162,0.15%,8619,7.92%,97909,89.99%
E14001423,Penistone and Stocksbridge,692,0.78%,191,0.21%,159,0.18%,5322,5.98%,82654,92.85%
E14001424,Penrith and Solway,746,0.77%,369,0.38%,153,0.16%,7347,7.56%,88624,91.14%
E14001425,Peterborough,1608,1.24%,1479,1.14%,246,0.19%,11163,8.61%,115171,88.82%
E14001426,Plymouth Moor View,985,0.98%,341,0.34%,238,0.24%,7467,7.42%,91578,91.02%
E14001427,Plymouth Sutton and Devonport,1015,0.95%,1229,1.14%,2885,2.69%,16850,15.69%,85409,79.53%
E14001428,"Pontefract, Castleford and Knottingley",1185,1.17%,227,0.22%,129,0.13%,7653,7.58%,91715,90.89%
E14001429,Poole,983,1.01%,621,0.64%,221,0.23%,9947,10.23%,85425,87.89%
E14001430,Poplar and Limehouse,1891,1.36%,4221,3.05%,1301,0.94%,23674,17.08%,107525,77.57%
E14001431,Portsmouth North,1107,1.11%,752,0.75%,248,0.25%,8044,8.03%,89982,89.86%
E14001432,Portsmouth South,1127,1.04%,2050,1.90%,3391,3.14%,18747,17.38%,82555,76.53%
E14001433,Preston,1408,1.22%,2128,1.84%,1505,1.30%,12282,10.64%,98162,85.00%
E14001434,Putney,1331,1.20%,2255,2.03%,848,0.76%,16900,15.18%,89986,80.84%
E14001435,Queen's Park and Maida Vale,1384,1.12%,2404,1.94%,558,0.45%,15076,12.16%,104545,84.33%
E14001436,Rawmarsh and Conisbrough,950,1.01%,185,0.20%,99,0.11%,6531,6.93%,86494,91.76%
E14001437,Rayleigh and Wickford,892,0.92%,218,0.23%,142,0.15%,6739,6.98%,88513,91.72%
E14001438,Reading Central,1308,1.12%,3010,2.59%,2412,2.07%,16052,13.80%,93553,80.42%
E14001439,Reading West and Mid Berkshire,935,0.98%,657,0.69%,285,0.30%,7593,7.97%,85772,90.06%
E14001440,Redcar,823,0.88%,252,0.27%,100,0.11%,6693,7.17%,85418,91.57%
E14001441,Redditch,1050,1.06%,414,0.42%,144,0.15%,7459,7.55%,89742,90.82%
E14001442,Reigate,1118,1.03%,969,0.89%,347,0.32%,10085,9.29%,96048,88.47%
E14001443,Ribble Valley,943,0.95%,496,0.50%,206,0.21%,8451,8.53%,88999,89.81%
E14001444,Richmond and Northallerton,733,0.79%,815,0.88%,242,0.26%,9153,9.84%,82104,88.24%
E14001445,Richmond Park,1201,1.08%,2568,2.30%,548,0.49%,11461,10.28%,95704,85.85%
E14001446,Rochdale,1259,1.22%,833,0.81%,114,0.11%,6961,6.76%,93739,91.09%
E14001447,Rochester and Strood,1204,1.17%,602,0.58%,233,0.23%,10174,9.87%,90829,88.15%
E14001448,Romford,1402,1.29%,785,0.73%,151,0.14%,8974,8.29%,96951,89.55%
E14001449,Romsey and Southampton North,783,0.79%,1427,1.45%,1181,1.20%,11462,11.62%,83760,84.94%
E14001450,Rossendale and Darwen,1013,1.00%,280,0.28%,153,0.15%,8023,7.91%,91939,90.66%
E14001451,Rother Valley,899,0.98%,204,0.22%,109,0.12%,6137,6.69%,84375,91.99%
E14001452,Rotherham,1222,1.13%,484,0.45%,94,0.09%,7744,7.16%,98673,91.18%
E14001453,Rugby,1151,1.05%,884,0.81%,296,0.27%,10893,9.96%,96183,87.91%
E14001454,"Ruislip, Northwood and Pinner",957,0.96%,1072,1.07%,306,0.31%,7509,7.52%,90029,90.14%
E14001455,Runcorn and Helsby,892,0.96%,444,0.48%,165,0.18%,6727,7.22%,84905,91.17%
E14001456,Runnymede and Weybridge,1086,1.02%,1339,1.26%,1030,0.97%,10750,10.13%,91902,86.61%
E14001457,Rushcliffe,891,0.89%,649,0.65%,1005,1.00%,9477,9.45%,88221,88.01%
E14001458,Rutland and Stamford,710,0.75%,542,0.58%,354,0.38%,9082,9.64%,83550,88.66%
E14001459,Salford,1480,1.23%,2878,2.39%,2253,1.87%,20370,16.89%,93617,77.63%
E14001460,Salisbury,799,0.86%,700,0.76%,286,0.31%,8733,9.44%,81993,88.63%
E14001461,Scarborough and Whitby,822,0.85%,554,0.57%,199,0.20%,8558,8.81%,87052,89.57%
E14001462,Scunthorpe,1062,1.01%,722,0.68%,137,0.13%,8389,7.96%,95141,90.22%
E14001463,Sefton Central,694,0.76%,300,0.33%,156,0.17%,6042,6.66%,83596,92.08%
E14001464,Selby,1006,1.00%,297,0.29%,164,0.16%,8714,8.64%,90700,89.91%
E14001465,Sevenoaks,1029,1.03%,638,0.64%,257,0.26%,7824,7.87%,89725,90.20%
E14001466,Sheffield Brightside and Hillsborough,1328,1.21%,846,0.77%,275,0.25%,6640,6.03%,100954,91.74%
E14001467,Sheffield Central,727,0.81%,3903,4.34%,7102,7.90%,21746,24.18%,56468,62.78%
E14001468,Sheffield Hallam,726,0.78%,747,0.80%,1660,1.79%,10403,11.19%,79433,85.44%
E14001469,Sheffield Heeley,1314,1.24%,718,0.68%,461,0.44%,8593,8.13%,94587,89.51%
E14001470,Sheffield South East,1194,1.15%,386,0.37%,196,0.19%,6090,5.85%,96213,92.44%
E14001471,Sherwood Forest,1036,1.01%,257,0.25%,145,0.14%,8465,8.22%,93041,90.38%
E14001472,Shipley,867,0.89%,314,0.32%,184,0.19%,7685,7.89%,88372,90.71%
E14001473,Shrewsbury,866,0.87%,684,0.68%,307,0.31%,9593,9.58%,88663,88.56%
E14001474,Sittingbourne and Sheppey,1237,1.09%,346,0.31%,122,0.11%,9464,8.37%,101847,90.12%
E14001475,Skipton and Ripon,690,0.71%,520,0.53%,204,0.21%,9026,9.25%,87136,89.30%
E14001476,Sleaford and North Hykeham,816,0.85%,443,0.46%,232,0.24%,8851,9.19%,86006,89.27%
E14001477,Slough,1907,1.39%,1996,1.45%,274,0.20%,11012,8.01%,122355,88.96%
E14001478,Smethwick,1518,1.32%,1185,1.03%,125,0.11%,7681,6.69%,104386,90.85%
E14001479,Solihull West and Shirley,825,0.89%,590,0.64%,215,0.23%,7433,8.05%,83299,90.19%
E14001480,South Basildon and East Thurrock,1156,1.14%,500,0.49%,166,0.16%,7523,7.41%,92119,90.79%
E14001481,South Cambridgeshire,952,0.91%,1348,1.28%,1064,1.01%,9633,9.18%,91915,87.61%
E14001482,South Cotswolds,802,0.85%,669,0.71%,428,0.45%,9195,9.73%,83433,88.26%
E14001483,South Derbyshire,970,1.02%,281,0.30%,164,0.17%,8450,8.93%,84786,89.58%
E14001484,South Devon,572,0.63%,509,0.56%,185,0.20%,8489,9.36%,80935,89.24%
E14001485,South Dorset,696,0.71%,439,0.45%,163,0.17%,8954,9.09%,88203,89.59%
E14001486,South East Cornwall,608,0.67%,319,0.35%,141,0.16%,7714,8.48%,82173,90.34%
E14001487,South Holland and The Deepings,1013,0.93%,521,0.48%,163,0.15%,10120,9.24%,97666,89.21%
E14001488,South Leicestershire,962,0.95%,250,0.25%,206,0.20%,8428,8.30%,91666,90.30%
E14001489,South Norfolk,895,0.97%,424,0.46%,180,0.19%,8741,9.44%,82308,88.94%
E14001490,South Northamptonshire,951,0.94%,562,0.55%,236,0.23%,8538,8.41%,91276,89.87%
E14001491,South Ribble,772,0.82%,256,0.27%,150,0.16%,7103,7.50%,86430,91.26%
E14001492,South Shields,860,0.97%,390,0.44%,97,0.11%,6252,7.04%,81174,91.44%
E14001493,South Shropshire,692,0.73%,352,0.37%,185,0.19%,7309,7.70%,86408,91.01%
E14001494,South Suffolk,713,0.77%,316,0.34%,185,0.20%,8308,9.00%,82819,89.69%
E14001495,South West Devon,740,0.76%,333,0.34%,208,0.21%,8303,8.56%,87396,90.12%
E14001496,South West Hertfordshire,1041,1.05%,653,0.66%,316,0.32%,7461,7.53%,89588,90.44%
E14001497,South West Norfolk,1008,0.97%,870,0.84%,138,0.13%,9315,9.00%,92221,89.06%
E14001498,South West Wiltshire,844,0.87%,528,0.54%,193,0.20%,8805,9.08%,86568,89.30%
E14001499,Southampton Itchen,1203,1.09%,1771,1.61%,1161,1.05%,12636,11.48%,93292,84.76%
E14001500,Southampton Test,1272,1.15%,2097,1.90%,2447,2.21%,13149,11.90%,91567,82.84%
E14001501,Southend East and Rochford,1135,1.16%,571,0.58%,196,0.20%,9083,9.25%,87259,88.82%
E14001502,Southend West and Leigh,1050,1.02%,469,0.46%,171,0.17%,8515,8.28%,92626,90.08%
E14001503,Southgate and Wood Green,1364,1.06%,1794,1.40%,327,0.25%,12390,9.64%,112598,87.64%
E14001504,Southport,737,0.76%,549,0.56%,192,0.20%,7802,8.01%,88093,90.47%
E14001505,Spelthorne,1143,1.11%,798,0.78%,196,0.19%,8888,8.63%,91931,89.29%
E14001506,Spen Valley,962,1.01%,222,0.23%,134,0.14%,6847,7.20%,86967,91.42%
E14001507,St Albans,1081,1.09%,1032,1.04%,342,0.34%,9486,9.53%,87582,88.00%
E14001508,St Austell and Newquay,842,0.84%,373,0.37%,225,0.23%,9231,9.25%,89083,89.30%
E14001509,St Helens North,993,0.99%,281,0.28%,103,0.10%,6596,6.58%,92196,92.04%
E14001510,St Helens South and Whiston,949,1.00%,453,0.48%,135,0.14%,7096,7.48%,86212,90.90%
E14001511,St Ives,752,0.85%,357,0.40%,233,0.26%,7819,8.83%,79348,89.65%
E14001512,St Neots and Mid Cambridgeshire,1000,0.95%,780,0.74%,288,0.27%,9886,9.35%,93746,88.69%
E14001513,Stafford,884,0.93%,438,0.46%,177,0.19%,8884,9.40%,84164,89.02%
E14001514,Staffordshire Moorlands,720,0.84%,157,0.18%,121,0.14%,6013,7.06%,78216,91.77%
E14001515,Stalybridge and Hyde,1043,1.07%,265,0.27%,95,0.10%,6733,6.92%,89215,91.64%
E14001516,Stevenage,1139,1.14%,817,0.82%,235,0.24%,7761,7.76%,90019,90.05%
E14001517,Stockport,1271,1.21%,564,0.54%,187,0.18%,8790,8.38%,94032,89.69%
E14001518,Stockton North,1033,1.04%,451,0.45%,111,0.11%,8454,8.53%,89075,89.86%
E14001519,Stockton West,796,0.87%,357,0.39%,172,0.19%,7059,7.73%,82960,90.82%
E14001520,Stoke-on-Trent Central,1422,1.26%,1167,1.03%,1066,0.94%,11055,9.79%,98231,86.98%
E14001521,Stoke-on-Trent North,1132,1.13%,427,0.43%,143,0.14%,7113,7.09%,91502,91.21%
E14001522,Stoke-on-Trent South,896,0.95%,288,0.30%,137,0.14%,6410,6.78%,86758,91.82%
E14001523,"Stone, Great Wyrley and Penkridge",783,0.84%,183,0.20%,157,0.17%,7895,8.50%,83819,90.29%
E14001524,Stourbridge,976,1.05%,312,0.34%,172,0.19%,6226,6.70%,85203,91.73%
E14001525,Stratford and Bow,1802,1.41%,3312,2.59%,804,0.63%,18307,14.33%,103493,81.03%
E14001526,Stratford-on-Avon,767,0.81%,477,0.50%,230,0.24%,9668,10.17%,83938,88.28%
E14001527,Streatham and Croydon North,1548,1.31%,1318,1.11%,398,0.34%,13301,11.22%,102013,86.03%
E14001528,Stretford and Urmston,1100,1.08%,700,0.69%,286,0.28%,7223,7.10%,92460,90.85%
E14001529,Stroud,780,0.81%,348,0.36%,240,0.25%,7827,8.15%,86827,90.42%
E14001530,Suffolk Coastal,672,0.72%,364,0.39%,190,0.20%,8388,9.00%,83627,89.69%
E14001531,Sunderland Central,935,0.96%,1460,1.50%,432,0.44%,8102,8.32%,86487,88.78%
E14001532,Surrey Heath,901,0.92%,878,0.89%,288,0.29%,10109,10.30%,85953,87.59%
E14001533,Sussex Weald,756,0.83%,377,0.41%,177,0.19%,8806,9.69%,80754,88.87%
E14001534,Sutton and Cheam,1164,1.11%,1124,1.07%,202,0.19%,9055,8.65%,93080,88.97%
E14001535,Sutton Coldfield,825,0.85%,461,0.48%,244,0.25%,6878,7.11%,88277,91.30%
E14001536,Swindon North,1162,1.09%,667,0.63%,150,0.14%,9118,8.57%,95297,89.57%
E14001537,Swindon South,1246,1.10%,1518,1.34%,220,0.19%,10820,9.57%,99215,87.79%
E14001538,Tamworth,1042,1.04%,303,0.30%,125,0.12%,8302,8.27%,90601,90.26%
E14001539,Tatton,866,0.88%,650,0.66%,271,0.28%,9069,9.27%,87011,88.91%
E14001540,Taunton and Wellington,1096,1.02%,1057,0.98%,276,0.26%,9821,9.10%,95654,88.65%
E14001541,Telford,1236,1.18%,594,0.57%,207,0.20%,9620,9.18%,93146,88.88%
E14001542,Tewkesbury,952,0.99%,480,0.50%,231,0.24%,8647,8.95%,86300,89.33%
E14001543,The Wrekin,988,0.91%,740,0.68%,576,0.53%,11655,10.76%,94381,87.12%
E14001544,Thirsk and Malton,714,0.74%,478,0.49%,237,0.24%,9079,9.38%,86279,89.14%
E14001545,Thornbury and Yate,935,0.95%,363,0.37%,257,0.26%,8132,8.28%,88476,90.13%
E14001546,Thurrock,1667,1.38%,823,0.68%,175,0.14%,9597,7.94%,108542,89.85%
E14001547,Tipton and Wednesbury,1326,1.16%,613,0.54%,101,0.09%,6806,5.97%,105149,92.24%
E14001548,Tiverton and Minehead,653,0.72%,442,0.48%,181,0.20%,8364,9.17%,81619,89.44%
E14001549,Tonbridge,926,0.95%,510,0.52%,260,0.27%,7555,7.77%,87964,90.48%
E14001550,Tooting,1400,1.30%,1621,1.51%,710,0.66%,18222,16.98%,85334,79.54%
E14001551,Torbay,847,0.81%,543,0.52%,210,0.20%,9186,8.80%,93614,89.67%
E14001552,Torridge and Tavistock,714,0.75%,424,0.44%,191,0.20%,8899,9.32%,85223,89.28%
E14001553,Tottenham,1793,1.32%,2241,1.64%,497,0.36%,15875,11.65%,115871,85.03%
E14001554,Truro and Falmouth,781,0.82%,760,0.80%,2005,2.11%,11564,12.19%,79778,84.08%
E14001555,Tunbridge Wells,1054,1.00%,861,0.82%,288,0.27%,10978,10.41%,92245,87.50%
E14001556,Twickenham,1059,0.99%,1483,1.38%,559,0.52%,10721,9.99%,93513,87.12%
E14001557,Tynemouth,789,0.83%,411,0.43%,152,0.16%,7085,7.44%,86815,91.14%
E14001558,Uxbridge and South Ruislip,1577,1.33%,1940,1.64%,1367,1.16%,12078,10.21%,101370,85.67%
E14001559,Vauxhall and Camberwell Green,799,0.77%,2848,2.76%,1038,1.00%,14727,14.25%,83917,81.21%
E14001560,Wakefield and Rothwell,1210,1.14%,705,0.66%,178,0.17%,7938,7.49%,95999,90.54%
E14001561,Wallasey,884,0.92%,296,0.31%,158,0.16%,6507,6.75%,88588,91.86%
E14001562,Walsall and Bloxwich,1562,1.33%,920,0.78%,143,0.12%,7847,6.69%,106843,91.07%
E14001563,Walthamstow,1818,1.49%,1253,1.02%,253,0.21%,12852,10.50%,106241,86.79%
E14001564,Warrington North,883,0.91%,602,0.62%,151,0.16%,7124,7.37%,87885,90.94%
E14001565,Warrington South,978,0.96%,707,0.70%,228,0.22%,8612,8.47%,91143,89.65%
E14001566,Warwick and Leamington,1059,1.00%,1224,1.16%,2527,2.40%,12302,11.66%,88351,83.77%
E14001567,Washington and Gateshead South,883,0.93%,193,0.20%,81,0.09%,6305,6.67%,87099,92.11%
E14001568,Watford,1356,1.23%,1461,1.33%,259,0.23%,10187,9.24%,96988,87.97%
E14001569,Waveney Valley,590,0.67%,337,0.38%,149,0.17%,7228,8.20%,79890,90.58%
E14001570,Weald of Kent,838,0.90%,453,0.49%,232,0.25%,9181,9.89%,82137,88.47%
E14001571,Wellingborough and Rushden,1198,1.07%,674,0.60%,162,0.14%,9616,8.55%,100812,89.64%
E14001572,Wells and Mendip Hills,633,0.71%,464,0.52%,294,0.33%,7828,8.83%,79384,89.60%
E14001573,Welwyn Hatfield,1178,1.04%,2291,2.01%,1728,1.52%,12437,10.93%,96116,84.50%
E14001574,West Bromwich,1352,1.22%,805,0.73%,103,0.09%,7100,6.40%,101526,91.56%
E14001575,West Dorset,607,0.65%,569,0.61%,285,0.30%,8779,9.38%,83351,89.06%
E14001576,West Ham and Beckton,1732,1.26%,2617,1.91%,430,0.31%,15316,11.16%,117132,85.36%
E14001577,West Lancashire,798,0.79%,482,0.48%,1414,1.41%,10657,10.61%,87085,86.71%
E14001578,West Suffolk,1341,1.14%,3135,2.65%,167,0.14%,11110,9.40%,102395,86.67%
E14001579,West Worcestershire,684,0.70%,466,0.47%,301,0.31%,8405,8.56%,88365,89.97%
E14001580,Westmorland and Lonsdale,620,0.68%,557,0.61%,211,0.23%,7328,8.06%,82206,90.41%
E14001581,Weston-super-Mare,1060,1.09%,542,0.56%,174,0.18%,9006,9.29%,86132,88.87%
E14001582,Wetherby and Easingwold,749,0.82%,429,0.47%,266,0.29%,8167,8.92%,81917,89.50%
E14001583,Whitehaven and Workington,885,0.95%,271,0.29%,117,0.13%,6787,7.30%,84975,91.34%
E14001584,Widnes and Halewood,858,0.93%,267,0.29%,90,0.10%,5707,6.18%,85462,92.51%
E14001585,Wigan,1073,1.02%,512,0.49%,156,0.15%,7751,7.39%,95398,90.95%
E14001586,Wimbledon,1409,1.28%,1824,1.65%,448,0.41%,12483,11.31%,94231,85.36%
E14001587,Winchester,845,0.81%,1189,1.13%,1571,1.50%,13394,12.78%,87766,83.77%
E14001588,Windsor,1042,0.94%,1891,1.71%,1522,1.37%,12782,11.53%,93634,84.45%
E14001589,Wirral West,620,0.71%,327,0.37%,201,0.23%,6208,7.06%,80524,91.63%
E14001590,Witham,909,0.89%,294,0.29%,179,0.17%,8782,8.58%,92223,90.07%
E14001591,Witney,1017,1.05%,854,0.88%,251,0.26%,11313,11.63%,83825,86.19%
E14001592,Woking,1178,1.13%,1383,1.33%,311,0.30%,9777,9.41%,91294,87.83%
E14001593,Wokingham,920,0.94%,880,0.90%,324,0.33%,9319,9.49%,86783,88.35%
E14001594,Wolverhampton North East,1235,1.18%,837,0.80%,171,0.16%,7288,6.97%,94996,90.88%
E14001595,Wolverhampton South East,1544,1.29%,983,0.82%,123,0.10%,8949,7.47%,108147,90.31%
E14001596,Wolverhampton West,1259,1.12%,1295,1.15%,354,0.31%,8830,7.84%,100917,89.58%
E14001597,Worcester,986,0.95%,945,0.91%,920,0.89%,10657,10.26%,90364,87.00%
E14001598,Worsley and Eccles,1359,1.27%,578,0.54%,206,0.19%,8591,8.06%,95896,89.93%
E14001599,Worthing West,875,0.88%,505,0.51%,192,0.19%,9398,9.42%,88760,89.00%
E14001600,Wycombe,1220,1.15%,1062,1.00%,393,0.37%,9945,9.36%,93668,88.13%
E14001601,Wyre Forest,883,0.87%,192,0.19%,161,0.16%,7765,7.64%,92606,91.14%
E14001602,Wythenshawe and Sale East,1468,1.32%,1123,1.01%,273,0.24%,8042,7.21%,100675,90.23%
E14001603,Yeovil,982,0.94%,653,0.62%,181,0.17%,9504,9.06%,93555,89.21%
E14001604,York Central,961,0.88%,2153,1.97%,5130,4.69%,18993,17.38%,82033,75.07%
E14001605,York Outer,727,0.78%,410,0.44%,717,0.77%,7460,7.97%,84237,90.04%
W07000081,Aberafan Maesteg,883,0.95%,185,0.20%,107,0.12%,5676,6.13%,85724,92.60%
W07000082,Alyn and Deeside,968,0.95%,337,0.33%,144,0.14%,7211,7.06%,93413,91.52%
W07000083,Bangor Aberconwy,737,0.80%,707,0.77%,1597,1.73%,8995,9.75%,80228,86.95%
W07000084,Blaenau Gwent and Rhymney,992,1.05%,131,0.14%,102,0.11%,6106,6.47%,87068,92.23%
W07000085,"Brecon, Radnor and Cwm Tawe",690,0.75%,344,0.37%,183,0.20%,6877,7.47%,83962,91.21%
W07000086,Bridgend,873,0.92%,376,0.40%,159,0.17%,7331,7.71%,86316,90.81%
W07000087,Caerfyrddin,789,0.84%,314,0.33%,201,0.21%,7111,7.58%,85434,91.03%
W07000088,Caerphilly,830,0.86%,145,0.15%,126,0.13%,5815,6.03%,89457,92.82%
W07000089,Cardiff East,1023,0.95%,1729,1.60%,2070,1.92%,13230,12.25%,89956,83.29%
W07000090,Cardiff North,905,0.96%,696,0.74%,759,0.81%,10257,10.92%,81274,86.56%
W07000091,Cardiff South and Penarth,894,0.84%,2446,2.30%,5265,4.95%,17692,16.62%,80160,75.30%
W07000092,Cardiff West,1091,1.06%,547,0.53%,357,0.35%,9016,8.80%,91494,89.26%
W07000093,Ceredigion Preseli,675,0.72%,596,0.64%,1801,1.92%,9858,10.51%,80891,86.22%
W07000094,Clwyd East,812,0.84%,325,0.34%,157,0.16%,7378,7.68%,87444,90.98%
W07000095,Clwyd North,915,0.92%,311,0.31%,190,0.19%,7854,7.86%,90710,90.73%
W07000096,Dwyfor Meirionnydd,788,0.83%,234,0.25%,226,0.24%,6751,7.15%,86480,91.53%
W07000097,Gower,718,0.75%,349,0.36%,351,0.36%,6812,7.08%,88035,91.45%
W07000098,Llanelli,889,0.95%,287,0.31%,145,0.15%,6910,7.35%,85816,91.25%
W07000099,Merthyr Tydfil and Aberdare,1027,1.03%,320,0.32%,115,0.12%,6315,6.34%,91875,92.20%
W07000100,Mid and South Pembrokeshire,830,0.82%,428,0.42%,208,0.21%,8271,8.19%,91277,90.36%
W07000101,Monmouthshire,735,0.79%,397,0.43%,226,0.24%,7248,7.80%,84351,90.74%
W07000102,Montgomeryshire and Glyndwr,881,0.90%,255,0.26%,183,0.19%,7672,7.85%,88797,90.81%
W07000103,Neath and Swansea East,888,0.89%,476,0.48%,526,0.53%,8236,8.28%,89402,89.83%
W07000104,Newport East,1372,1.25%,815,0.74%,222,0.20%,8018,7.28%,99658,90.53%
W07000105,Newport West and Islwyn,914,0.90%,311,0.31%,174,0.17%,6589,6.49%,93601,92.14%
W07000106,Pontypridd,1032,1.02%,645,0.64%,582,0.57%,7408,7.30%,91770,90.47%
W07000107,Rhondda and Ogmore,946,0.95%,196,0.20%,126,0.13%,6501,6.50%,92298,92.24%
W07000108,Swansea West,913,0.87%,1233,1.18%,3000,2.87%,12516,11.97%,86881,83.11%
W07000109,Torfaen,915,0.99%,158,0.17%,107,0.12%,6115,6.63%,84981,92.09%
W07000110,Vale of Glamorgan,941,1.00%,446,0.47%,188,0.20%,7748,8.21%,85067,90.12%
W07000111,Wrexham,898,0.91%,453,0.46%,224,0.23%,7376,7.44%,90127,90.97%
W07000112,Ynys MÃ´n,573,0.83%,145,0.21%,166,0.24%,5210,7.56%,62787,91.15%