ConstCode,Const,dep0,dep0p,dep1,dep1p,dep2,dep2p,dep3,dep3p,dep4,dep4p
E14001063,Aldershot,23851,51.70%,15157,32.80%,5735,12.40%,1339,2.90%,91,0.20%
E14001064,Aldridge-Brownhills,18146,46.30%,13525,34.50%,6112,15.60%,1376,3.50%,46,0.10%
E14001065,Altrincham and Sale West,23999,58.90%,11942,29.30%,3997,9.80%,793,1.90%,32,0.10%
E14001066,Amber Valley,18654,46.20%,13844,34.30%,6236,15.40%,1616,4.00%,63,0.20%
E14001067,Arundel and South Downs,23636,55.90%,13765,32.60%,4111,9.70%,696,1.60%,46,0.10%
E14001068,Ashfield,17354,42.40%,14145,34.60%,7389,18.10%,1954,4.80%,93,0.20%
E14001069,Ashford,21036,49.70%,14258,33.70%,5677,13.40%,1297,3.10%,80,0.20%
E14001070,Ashton-under-Lyne,17318,41.00%,14530,34.40%,7807,18.50%,2397,5.70%,172,0.40%
E14001071,Aylesbury,23898,54.10%,14120,32.00%,4993,11.30%,1106,2.50%,74,0.20%
E14001072,Banbury,22569,53.10%,13872,32.60%,4859,11.40%,1143,2.70%,79,0.20%
E14001073,Barking,16566,37.10%,16635,37.30%,8525,19.10%,2705,6.10%,176,0.40%
E14001074,Barnsley North,19592,42.60%,15727,34.20%,8105,17.60%,2473,5.40%,96,0.20%
E14001075,Barnsley South,18476,39.60%,15994,34.30%,9133,19.60%,2916,6.30%,129,0.30%
E14001076,Barrow and Furness,21845,48.60%,14719,32.70%,6553,14.60%,1762,3.90%,66,0.10%
E14001077,Basildon and Billericay,20226,46.50%,14765,33.90%,6642,15.30%,1775,4.10%,126,0.30%
E14001078,Basingstoke,23812,52.20%,15031,33.00%,5464,12.00%,1206,2.60%,70,0.20%
E14001079,Bassetlaw,21112,46.20%,15676,34.30%,7032,15.40%,1789,3.90%,67,0.10%
E14001080,Bath,23051,54.80%,13245,31.50%,4690,11.10%,1032,2.50%,81,0.20%
E14001081,Battersea,28372,59.40%,12950,27.10%,4859,10.20%,1407,2.90%,148,0.30%
E14001082,Beaconsfield,22701,57.80%,12162,30.90%,3718,9.50%,681,1.70%,37,0.10%
E14001083,Beckenham and Penge,25953,55.90%,14196,30.60%,4926,10.60%,1227,2.60%,95,0.20%
E14001084,Bedford,21058,47.00%,15302,34.10%,6512,14.50%,1769,3.90%,210,0.50%
E14001085,Bermondsey and Old Southwark,24613,51.30%,14893,31.10%,6232,13.00%,2072,4.30%,143,0.30%
E14001086,Bethnal Green and Stepney,19295,41.80%,15295,33.10%,8124,17.60%,3189,6.90%,252,0.50%
E14001087,Beverley and Holderness,20749,51.90%,13540,33.80%,4838,12.10%,852,2.10%,33,0.10%
E14001088,Bexhill and Battle,18462,46.00%,14759,36.80%,5792,14.40%,1067,2.70%,65,0.20%
E14001089,Bexleyheath and Crayford,18274,48.20%,13002,34.30%,5374,14.20%,1202,3.20%,86,0.20%
E14001090,Bicester and Woodstock,23494,56.80%,13179,31.90%,3985,9.60%,671,1.60%,31,0.10%
E14001091,Birkenhead,19923,41.60%,15959,33.30%,8811,18.40%,3087,6.40%,160,0.30%
E14001092,Birmingham Edgbaston,19498,45.30%,14083,32.70%,7107,16.50%,2229,5.20%,163,0.40%
E14001093,Birmingham Erdington,18729,37.90%,17202,34.80%,10098,20.40%,3148,6.40%,218,0.40%
E14001094,Birmingham Hall Green and Moseley,15710,40.40%,13373,34.40%,7224,18.60%,2399,6.20%,164,0.40%
E14001095,Birmingham Hodge Hill and Solihull North,14074,32.90%,15571,36.40%,9589,22.40%,3269,7.60%,239,0.60%
E14001096,Birmingham Ladywood,20014,37.50%,18844,35.30%,10424,19.50%,3770,7.10%,275,0.50%
E14001097,Birmingham Northfield,18131,39.90%,15766,34.70%,8733,19.20%,2680,5.90%,174,0.40%
E14001098,Birmingham Perry Barr,14069,35.70%,14512,36.80%,8181,20.70%,2539,6.40%,145,0.40%
E14001099,Birmingham Selly Oak,18152,43.90%,14139,34.20%,7040,17.00%,1914,4.60%,124,0.30%
E14001100,Birmingham Yardley,14354,36.50%,14183,36.00%,7987,20.30%,2686,6.80%,163,0.40%
E14001101,Bishop Auckland,18781,44.00%,14699,34.40%,7196,16.80%,1992,4.70%,62,0.10%
E14001102,Blackburn,15232,37.80%,14069,34.90%,7986,19.80%,2866,7.10%,147,0.40%
E14001103,Blackley and Middleton South,16762,38.30%,15358,35.10%,8476,19.40%,2984,6.80%,174,0.40%
E14001104,Blackpool North and Fleetwood,18333,41.70%,15764,35.90%,7715,17.60%,2036,4.60%,102,0.20%
E14001105,Blackpool South,18504,37.20%,17253,34.70%,10188,20.50%,3507,7.10%,273,0.50%
E14001106,Blaydon and Consett,19876,47.60%,13978,33.50%,6294,15.10%,1542,3.70%,47,0.10%
E14001107,Blyth and Ashington,20081,42.90%,16005,34.20%,8126,17.40%,2434,5.20%,111,0.20%
E14001108,Bognor Regis and Littlehampton,20723,43.80%,17543,37.10%,7295,15.40%,1547,3.30%,165,0.30%
E14001109,Bolsover,18973,42.90%,15235,34.50%,7815,17.70%,2092,4.70%,65,0.10%
E14001110,Bolton North East,20005,42.30%,16220,34.30%,8284,17.50%,2606,5.50%,141,0.30%
E14001111,Bolton South and Walkden,17700,37.50%,16403,34.80%,9621,20.40%,3226,6.80%,189,0.40%
E14001112,Bolton West,20774,50.40%,13433,32.60%,5556,13.50%,1430,3.50%,60,0.10%
E14001113,Bootle,17489,39.00%,15242,34.00%,8924,19.90%,3088,6.90%,126,0.30%
E14001114,Boston and Skegness,18974,37.70%,19425,38.60%,9293,18.40%,2509,5.00%,176,0.30%
E14001115,Bournemouth East,22473,48.00%,15716,33.60%,6573,14.00%,1790,3.80%,251,0.50%
E14001116,Bournemouth West,20471,45.50%,15591,34.60%,6960,15.50%,1824,4.10%,177,0.40%
E14001117,Bracknell,22389,54.90%,12995,31.90%,4354,10.70%,977,2.40%,76,0.20%
E14001118,Bradford East,15450,37.20%,14636,35.20%,8364,20.10%,2891,7.00%,184,0.40%
E14001119,Bradford South,17722,40.60%,15323,35.10%,7809,17.90%,2673,6.10%,129,0.30%
E14001120,Bradford West,13562,34.50%,14283,36.40%,8212,20.90%,2982,7.60%,251,0.60%
E14001121,Braintree,21844,50.60%,14666,34.00%,5484,12.70%,1109,2.60%,64,0.10%
E14001122,Brent East,18457,37.40%,17942,36.40%,9468,19.20%,3143,6.40%,299,0.60%
E14001123,Brent West,16810,40.80%,15506,37.70%,6964,16.90%,1754,4.30%,129,0.30%
E14001124,Brentford and Isleworth,21800,46.10%,16377,34.60%,7136,15.10%,1820,3.80%,185,0.40%
E14001125,Brentwood and Ongar,22153,54.20%,13133,32.10%,4582,11.20%,928,2.30%,63,0.20%
E14001126,Bridgwater,19637,45.80%,15178,35.40%,6463,15.10%,1510,3.50%,83,0.20%
E14001127,Bridlington and The Wolds,18994,44.80%,15443,36.40%,6454,15.20%,1396,3.30%,82,0.20%
E14001128,Brigg and Immingham,19955,50.00%,13479,33.80%,5335,13.40%,1074,2.70%,40,0.10%
E14001129,Brighton Kemptown and Peacehaven,17328,41.80%,14497,35.00%,7127,17.20%,2279,5.50%,220,0.50%
E14001130,Brighton Pavilion,22017,50.20%,14151,32.30%,5882,13.40%,1613,3.70%,181,0.40%
E14001131,Bristol Central,21751,56.90%,11766,30.80%,3710,9.70%,848,2.20%,126,0.30%
E14001132,Bristol East,21705,47.60%,14904,32.70%,6856,15.00%,2009,4.40%,152,0.30%
E14001133,Bristol North East,18756,46.90%,13487,33.70%,6135,15.30%,1540,3.80%,105,0.30%
E14001134,Bristol North West,22085,51.80%,13326,31.30%,5561,13.10%,1534,3.60%,101,0.20%
E14001135,Bristol South,20596,47.40%,13655,31.40%,6888,15.80%,2177,5.00%,143,0.30%
E14001136,Broadland and Fakenham,20483,50.20%,14233,34.90%,5171,12.70%,887,2.20%,31,0.10%
E14001137,Bromley and Biggin Hill,22306,56.80%,12048,30.70%,4048,10.30%,836,2.10%,41,0.10%
E14001138,Bromsgrove,22586,54.70%,13220,32.00%,4557,11.00%,868,2.10%,33,0.10%
E14001139,Broxbourne,20527,47.10%,15155,34.80%,6220,14.30%,1499,3.40%,138,0.30%
E14001140,Broxtowe,20531,49.60%,14034,33.90%,5552,13.40%,1212,2.90%,45,0.10%
E14001141,Buckingham and Bletchley,21958,52.90%,13390,32.20%,5035,12.10%,1090,2.60%,70,0.20%
E14001142,Burnley,18377,40.70%,15588,34.50%,8267,18.30%,2732,6.10%,158,0.40%
E14001143,Burton and Uttoxeter,22549,48.60%,15822,34.10%,6428,13.80%,1543,3.30%,93,0.20%
E14001144,Bury North,20175,46.70%,14690,34.00%,6483,15.00%,1794,4.10%,100,0.20%
E14001145,Bury South,20442,47.80%,14244,33.30%,6247,14.60%,1738,4.10%,86,0.20%
E14001146,Bury St Edmunds and Stowmarket,23324,51.60%,15351,34.00%,5347,11.80%,1094,2.40%,59,0.10%
E14001147,Calder Valley,23147,51.60%,14470,32.30%,5678,12.70%,1480,3.30%,75,0.20%
E14001148,Camborne and Redruth,19057,44.60%,15066,35.30%,6602,15.50%,1826,4.30%,145,0.30%
E14001149,Cambridge,25228,56.60%,13500,30.30%,4607,10.30%,1165,2.60%,70,0.20%
E14001150,Cannock Chase,19804,45.60%,14699,33.80%,7105,16.30%,1784,4.10%,65,0.10%
E14001151,Canterbury,20765,49.10%,14442,34.20%,5640,13.30%,1332,3.20%,96,0.20%
E14001152,Carlisle,22972,48.40%,16017,33.80%,6635,14.00%,1759,3.70%,65,0.10%
E14001153,Carshalton and Wallington,19813,48.80%,13509,33.20%,5678,14.00%,1541,3.80%,100,0.20%
E14001154,Castle Point,16681,43.80%,14052,36.90%,6012,15.80%,1297,3.40%,78,0.20%
E14001155,Central Devon,20528,50.40%,14095,34.60%,5128,12.60%,927,2.30%,67,0.20%
E14001156,Central Suffolk and North Ipswich,20363,51.50%,13524,34.20%,4711,11.90%,873,2.20%,37,0.10%
E14001157,Chatham and Aylesford,19589,46.30%,14534,34.40%,6337,15.00%,1693,4.00%,113,0.30%
E14001158,Cheadle,22104,56.50%,12261,31.30%,4000,10.20%,723,1.80%,44,0.10%
E14001159,Chelmsford,24748,54.90%,14320,31.80%,4857,10.80%,1069,2.40%,64,0.10%
E14001160,Chelsea and Fulham,30256,55.60%,15921,29.30%,6105,11.20%,1880,3.50%,233,0.40%
E14001161,Cheltenham,25473,56.80%,13629,30.40%,4657,10.40%,1053,2.30%,63,0.10%
E14001162,Chesham and Amersham,23380,59.60%,11905,30.30%,3340,8.50%,603,1.50%,30,0.10%
E14001163,Chester North and Neston,21765,52.30%,13231,31.80%,5273,12.70%,1268,3.00%,65,0.20%
E14001164,Chester South and Eddisbury,23021,57.80%,12238,30.70%,3863,9.70%,673,1.70%,29,0.10%
E14001165,Chesterfield,19497,44.90%,14824,34.20%,7074,16.30%,1914,4.40%,92,0.20%
E14001166,Chichester,23099,50.70%,15650,34.40%,5584,12.30%,1134,2.50%,59,0.10%
E14001167,Chingford and Woodford Green,20921,49.20%,14046,33.00%,5946,14.00%,1487,3.50%,118,0.30%
E14001168,Chippenham,21799,53.20%,13405,32.70%,4774,11.60%,983,2.40%,35,0.10%
E14001169,Chipping Barnet,23124,53.20%,13708,31.50%,5230,12.00%,1304,3.00%,110,0.30%
E14001170,Chorley,22710,51.90%,14279,32.60%,5428,12.40%,1315,3.00%,42,0.10%
E14001171,Christchurch,19228,48.10%,14465,36.20%,5309,13.30%,901,2.30%,78,0.20%
E14001172,Cities of London and Westminster,32677,55.20%,17648,29.80%,6395,10.80%,2141,3.60%,341,0.60%
E14001173,City of Durham,20048,48.80%,13610,33.10%,5854,14.20%,1519,3.70%,62,0.20%
E14001174,Clacton,15889,35.00%,17437,38.40%,9462,20.80%,2414,5.30%,193,0.40%
E14001175,Clapham and Brixton Hill,23521,52.60%,13758,30.80%,5656,12.70%,1648,3.70%,128,0.30%
E14001176,Colchester,23964,50.70%,15539,32.90%,6086,12.90%,1570,3.30%,94,0.20%
E14001177,Colne Valley,22112,54.10%,12856,31.50%,4734,11.60%,1096,2.70%,56,0.10%
E14001178,Congleton,22109,55.50%,12594,31.60%,4290,10.80%,821,2.10%,27,0.10%
E14001179,Corby and East Northamptonshire,23314,49.60%,15636,33.20%,6360,13.50%,1652,3.50%,78,0.20%
E14001180,Coventry East,18697,40.30%,16133,34.80%,8490,18.30%,2826,6.10%,234,0.50%
E14001181,Coventry North West,20692,46.70%,14958,33.80%,6712,15.20%,1800,4.10%,137,0.30%
E14001182,Coventry South,20971,48.30%,14568,33.50%,6209,14.30%,1593,3.70%,121,0.30%
E14001183,Cramlington and Killingworth,21808,49.50%,14497,32.90%,6269,14.20%,1440,3.30%,41,0.10%
E14001184,Crawley,20934,46.00%,15812,34.70%,6931,15.20%,1708,3.80%,119,0.30%
E14001185,Crewe and Nantwich,23614,49.60%,15952,33.50%,6432,13.50%,1514,3.20%,73,0.20%
E14001186,Croydon East,19767,46.30%,14650,34.30%,6375,14.90%,1742,4.10%,131,0.30%
E14001187,Croydon South,22399,56.50%,12267,30.90%,4141,10.40%,793,2.00%,71,0.20%
E14001188,Croydon West,20608,42.80%,17168,35.60%,7904,16.40%,2238,4.60%,260,0.50%
E14001189,Dagenham and Rainham,17462,41.00%,15450,36.30%,7521,17.70%,2038,4.80%,116,0.30%
E14001190,Darlington,21145,47.60%,14966,33.70%,6550,14.70%,1676,3.80%,74,0.20%
E14001191,Dartford,22224,52.30%,13620,32.00%,5378,12.60%,1208,2.80%,95,0.20%
E14001192,Daventry,23885,54.70%,14156,32.40%,4726,10.80%,876,2.00%,39,0.10%
E14001193,Derby North,20780,48.00%,14398,33.30%,6289,14.50%,1710,4.00%,87,0.20%
E14001194,Derby South,18143,40.30%,15580,34.60%,8300,18.40%,2867,6.40%,185,0.40%
E14001195,Derbyshire Dales,21523,54.10%,13035,32.80%,4454,11.20%,726,1.80%,41,0.10%
E14001196,Dewsbury and Batley,14517,38.50%,13192,35.00%,7323,19.40%,2505,6.60%,159,0.40%
E14001197,Didcot and Wantage,25422,57.70%,13694,31.10%,4144,9.40%,760,1.70%,35,0.10%
E14001198,Doncaster Central,21547,43.90%,17283,35.30%,7907,16.10%,2153,4.40%,138,0.30%
E14001199,Doncaster East and the Isle of Axholme,18803,47.80%,13319,33.90%,5886,15.00%,1301,3.30%,34,0.10%
E14001200,Doncaster North,18136,42.70%,14733,34.70%,7413,17.40%,2150,5.10%,59,0.10%
E14001201,Dorking and Horley,22048,56.40%,12208,31.20%,3954,10.10%,841,2.10%,73,0.20%
E14001202,Dover and Deal,19853,44.40%,15718,35.20%,7243,16.20%,1781,4.00%,120,0.30%
E14001203,Droitwich and Evesham,22415,51.10%,14861,33.90%,5463,12.40%,1088,2.50%,70,0.20%
E14001204,Dudley,17007,40.90%,14402,34.60%,7862,18.90%,2251,5.40%,103,0.20%
E14001205,Dulwich and West Norwood,22191,50.50%,13558,30.80%,6184,14.10%,1901,4.30%,149,0.30%
E14001206,Dunstable and Leighton Buzzard,22938,51.90%,14665,33.20%,5322,12.00%,1214,2.70%,76,0.20%
E14001207,Ealing Central and Acton,27519,51.00%,17362,32.20%,6916,12.80%,1987,3.70%,219,0.40%
E14001208,Ealing North,19585,43.30%,16281,36.00%,7277,16.10%,1885,4.20%,172,0.40%
E14001209,Ealing Southall,17228,41.70%,14367,34.80%,7327,17.70%,2234,5.40%,163,0.40%
E14001210,Earley and Woodley,21817,56.10%,12040,30.90%,4113,10.60%,878,2.30%,60,0.20%
E14001211,Easington,16408,38.70%,14451,34.10%,8692,20.50%,2759,6.50%,74,0.20%
E14001212,East Grinstead and Uckfield,22470,56.60%,12801,32.20%,3759,9.50%,630,1.60%,35,0.10%
E14001213,East Ham,11939,32.10%,14460,38.90%,8003,21.50%,2638,7.10%,176,0.50%
E14001214,East Hampshire,22010,57.50%,11952,31.20%,3577,9.30%,680,1.80%,44,0.10%
E14001215,East Surrey,22236,55.60%,12604,31.50%,4161,10.40%,911,2.30%,64,0.20%
E14001216,East Thanet,18673,40.40%,16640,36.00%,8303,18.00%,2375,5.10%,221,0.50%
E14001217,East Wiltshire,22109,55.50%,12853,32.30%,4018,10.10%,795,2.00%,38,0.10%
E14001218,East Worthing and Shoreham,20046,47.10%,14916,35.10%,6068,14.30%,1359,3.20%,144,0.30%
E14001219,Eastbourne,19705,43.20%,16400,36.00%,7386,16.20%,1882,4.10%,236,0.50%
E14001220,Eastleigh,21357,55.00%,12628,32.50%,4042,10.40%,790,2.00%,35,0.10%
E14001221,Edmonton and Winchmore Hill,17607,38.80%,16770,36.90%,8216,18.10%,2552,5.60%,248,0.50%
E14001222,Ellesmere Port and Bromborough,19513,46.90%,13906,33.40%,6428,15.40%,1725,4.10%,77,0.20%
E14001223,Eltham and Chislehurst,21319,49.10%,13801,31.80%,6349,14.60%,1867,4.30%,96,0.20%
E14001224,Ely and East Cambridgeshire,24267,54.10%,14776,33.00%,4842,10.80%,906,2.00%,37,0.10%
E14001225,Enfield North,19449,41.40%,16599,35.30%,8187,17.40%,2526,5.40%,250,0.50%
E14001226,Epping Forest,21152,51.20%,13549,32.80%,5269,12.80%,1251,3.00%,91,0.20%
E14001227,Epsom and Ewell,24447,57.30%,13064,30.60%,4185,9.80%,857,2.00%,91,0.20%
E14001228,Erewash,20009,47.00%,14515,34.10%,6292,14.80%,1719,4.00%,71,0.20%
E14001229,Erith and Thamesmead,20501,41.30%,17767,35.80%,8411,17.00%,2678,5.40%,263,0.50%
E14001230,Esher and Walton,25258,61.40%,11592,28.20%,3540,8.60%,676,1.60%,46,0.10%
E14001231,Exeter,19534,48.50%,13609,33.80%,5604,13.90%,1442,3.60%,101,0.30%
E14001232,Exmouth and Exeter East,22546,52.70%,14180,33.10%,4949,11.60%,1027,2.40%,81,0.20%
E14001233,Fareham and Waterlooville,21807,50.90%,14672,34.20%,5225,12.20%,1032,2.40%,108,0.30%
E14001234,Farnham and Bordon,23882,58.20%,12576,30.70%,3796,9.30%,721,1.80%,39,0.10%
E14001235,Faversham and Mid Kent,20027,49.90%,13607,33.90%,5231,13.00%,1234,3.10%,73,0.20%
E14001236,Feltham and Heston,16160,37.00%,16727,38.30%,8327,19.10%,2252,5.20%,196,0.40%
E14001237,Filton and Bradley Stoke,24012,56.70%,13213,31.20%,4260,10.10%,793,1.90%,47,0.10%
E14001238,Finchley and Golders Green,24997,50.40%,16252,32.80%,6274,12.70%,1767,3.60%,301,0.60%
E14001239,Folkestone and Hythe,17721,43.20%,14614,35.60%,6791,16.60%,1726,4.20%,150,0.40%
E14001240,Forest of Dean,19017,48.60%,13547,34.70%,5349,13.70%,1131,2.90%,50,0.10%
E14001241,Frome and East Somerset,20116,52.10%,13031,33.70%,4542,11.80%,908,2.30%,45,0.10%
E14001242,Fylde,22930,51.40%,14957,33.50%,5454,12.20%,1177,2.60%,66,0.10%
E14001243,Gainsborough,20854,49.20%,14460,34.10%,5705,13.50%,1273,3.00%,54,0.10%
E14001244,Gateshead Central and Whickham,20205,45.60%,14601,33.00%,7229,16.30%,2189,4.90%,87,0.20%
E14001245,Gedling,22454,50.40%,14686,33.00%,6051,13.60%,1324,3.00%,49,0.10%
E14001246,Gillingham and Rainham,18884,46.30%,14219,34.90%,6012,14.70%,1498,3.70%,156,0.40%
E14001247,Glastonbury and Somerton,20491,51.20%,13725,34.30%,4885,12.20%,895,2.20%,39,0.10%
E14001248,Gloucester,23400,48.00%,16505,33.80%,6883,14.10%,1855,3.80%,147,0.30%
E14001249,Godalming and Ash,23534,58.80%,12130,30.30%,3616,9.00%,718,1.80%,45,0.10%
E14001250,Goole and Pocklington,24085,54.30%,14642,33.00%,4759,10.70%,834,1.90%,35,0.10%
E14001251,Gorton and Denton,16873,38.50%,15586,35.60%,8495,19.40%,2713,6.20%,148,0.30%
E14001252,Gosport,19685,46.90%,15001,35.70%,5964,14.20%,1261,3.00%,74,0.20%
E14001253,Grantham and Bourne,21437,49.80%,14840,34.40%,5649,13.10%,1117,2.60%,46,0.10%
E14001254,Gravesham,18835,45.10%,14736,35.30%,6385,15.30%,1626,3.90%,142,0.30%
E14001255,Great Grimsby and Cleethorpes,19683,40.80%,16923,35.10%,8816,18.30%,2693,5.60%,112,0.20%
E14001256,Great Yarmouth,16995,38.20%,16376,36.80%,8526,19.10%,2471,5.50%,176,0.40%
E14001257,Greenwich and Woolwich,26592,53.70%,14729,29.70%,6103,12.30%,1969,4.00%,155,0.30%
E14001258,Guildford,22548,57.80%,11893,30.50%,3738,9.60%,753,1.90%,64,0.20%
E14001259,Hackney North and Stoke Newington,18917,42.90%,14857,33.70%,7361,16.70%,2697,6.10%,286,0.60%
E14001260,Hackney South and Shoreditch,22516,46.10%,15425,31.60%,7695,15.70%,2973,6.10%,261,0.50%
E14001261,Halesowen,17689,44.40%,13740,34.50%,6635,16.70%,1672,4.20%,77,0.20%
E14001262,Halifax,20078,44.00%,15453,33.90%,7720,16.90%,2251,4.90%,126,0.30%
E14001263,Hamble Valley,24744,58.40%,12929,30.50%,3983,9.40%,655,1.50%,27,0.10%
E14001264,Hammersmith and Chiswick,27303,52.40%,16143,31.00%,6412,12.30%,2023,3.90%,257,0.50%
E14001265,Hampstead and Highgate,28060,52.90%,16076,30.30%,6358,12.00%,2230,4.20%,317,0.60%
E14001266,"Harborough, Oadby and Wigston",21720,53.00%,13432,32.80%,4946,12.10%,859,2.10%,52,0.10%
E14001267,Harlow,20158,44.70%,15798,35.00%,7121,15.80%,1808,4.00%,197,0.40%
E14001268,Harpenden and Berkhamsted,23920,62.10%,11033,28.60%,3011,7.80%,522,1.40%,26,0.10%
E14001269,Harrogate and Knaresborough,25758,57.20%,13919,30.90%,4405,9.80%,873,1.90%,49,0.10%
E14001270,Harrow East,18011,46.50%,13865,35.80%,5569,14.40%,1240,3.20%,90,0.20%
E14001271,Harrow West,20032,47.50%,14698,34.90%,5853,13.90%,1431,3.40%,126,0.30%
E14001272,Hartlepool,17262,42.20%,13735,33.60%,7570,18.50%,2278,5.60%,85,0.20%
E14001273,Harwich and North Essex,20278,48.30%,14791,35.20%,5618,13.40%,1227,2.90%,83,0.20%
E14001274,Hastings and Rye,19860,42.30%,16576,35.30%,7958,17.00%,2307,4.90%,203,0.40%
E14001275,Havant,18343,45.00%,14382,35.30%,6268,15.40%,1628,4.00%,141,0.30%
E14001276,Hayes and Harlington,15731,38.00%,15728,38.00%,7687,18.60%,2062,5.00%,175,0.40%
E14001277,Hazel Grove,20841,50.70%,13464,32.80%,5461,13.30%,1239,3.00%,69,0.20%
E14001278,Hemel Hempstead,21111,50.50%,13788,33.00%,5446,13.00%,1372,3.30%,126,0.30%
E14001279,Hendon,21935,45.50%,16671,34.60%,7302,15.10%,2060,4.30%,232,0.50%
E14001280,Henley and Thame,23311,59.20%,12168,30.90%,3316,8.40%,526,1.30%,27,0.10%
E14001281,Hereford and South Herefordshire,20512,47.90%,14931,34.90%,5956,13.90%,1340,3.10%,93,0.20%
E14001282,Herne Bay and Sandwich,19296,44.50%,15655,36.10%,6851,15.80%,1432,3.30%,103,0.20%
E14001283,Hertford and Stortford,25418,57.50%,13524,30.60%,4453,10.10%,788,1.80%,32,0.10%
E14001284,Hertsmere,21746,51.90%,13985,33.30%,5034,12.00%,1097,2.60%,77,0.20%
E14001285,Hexham,22266,53.90%,13623,33.00%,4461,10.80%,911,2.20%,33,0.10%
E14001286,Heywood and Middleton North,18291,43.90%,14037,33.70%,6998,16.80%,2263,5.40%,116,0.30%
E14001287,High Peak,21222,52.10%,13356,32.80%,5024,12.30%,1123,2.80%,47,0.10%
E14001288,Hinckley and Bosworth,21967,51.30%,14335,33.50%,5407,12.60%,1091,2.50%,53,0.10%
E14001289,Hitchin,23439,57.50%,12513,30.70%,4001,9.80%,761,1.90%,42,0.10%
E14001290,Holborn and St Pancras,19530,42.90%,15136,33.30%,7683,16.90%,2847,6.30%,298,0.70%
E14001291,Honiton and Sidmouth,20498,49.70%,15009,36.40%,4890,11.90%,805,2.00%,36,0.10%
E14001292,Hornchurch and Upminster,19802,47.20%,14508,34.60%,6147,14.60%,1393,3.30%,113,0.30%
E14001293,Hornsey and Friern Barnet,23039,52.90%,13656,31.40%,5222,12.00%,1483,3.40%,156,0.40%
E14001294,Horsham,24902,57.30%,13538,31.20%,4190,9.60%,756,1.70%,67,0.20%
E14001295,Houghton and Sunderland South,18521,41.30%,15582,34.70%,8264,18.40%,2417,5.40%,85,0.20%
E14001296,Hove and Portslade,23023,50.00%,15053,32.70%,6110,13.30%,1690,3.70%,196,0.40%
E14001297,Huddersfield,19394,41.90%,16112,34.80%,8025,17.30%,2594,5.60%,142,0.30%
E14001298,Huntingdon,24737,54.20%,14980,32.80%,4873,10.70%,1013,2.20%,41,0.10%
E14001299,Hyndburn,16962,42.70%,13552,34.10%,6868,17.30%,2241,5.60%,114,0.30%
E14001300,Ilford North,17612,45.10%,13880,35.60%,5932,15.20%,1487,3.80%,99,0.30%
E14001301,Ilford South,15873,39.70%,14871,37.20%,7121,17.80%,1935,4.80%,150,0.40%
E14001302,Ipswich,22443,45.50%,16897,34.30%,7734,15.70%,2115,4.30%,137,0.30%
E14001303,Isle of Wight East,13848,42.00%,12283,37.30%,5334,16.20%,1369,4.20%,125,0.40%
E14001304,Isle of Wight West,14721,46.30%,11196,35.20%,4736,14.90%,1096,3.40%,70,0.20%
E14001305,Islington North,23029,47.80%,14931,31.00%,7324,15.20%,2658,5.50%,257,0.50%
E14001306,Islington South and Finsbury,25751,49.20%,15699,30.00%,7765,14.80%,2926,5.60%,216,0.40%
E14001307,Jarrow and Gateshead East,18110,42.40%,14428,33.80%,7742,18.10%,2345,5.50%,68,0.20%
E14001308,Keighley and Ilkley,20629,49.30%,13926,33.30%,5612,13.40%,1582,3.80%,102,0.20%
E14001309,Kenilworth and Southam,23242,59.00%,12197,31.00%,3396,8.60%,531,1.30%,15,0.00%
E14001310,Kensington and Bayswater,32381,51.80%,19272,30.90%,7670,12.30%,2744,4.40%,399,0.60%
E14001311,Kettering,23050,49.90%,15520,33.60%,6086,13.20%,1459,3.20%,74,0.20%
E14001312,Kingston and Surbiton,24969,54.70%,14306,31.30%,5109,11.20%,1175,2.60%,93,0.20%
E14001313,Kingston upon Hull East,17750,40.30%,14913,33.90%,8680,19.70%,2574,5.80%,117,0.30%
E14001314,Kingston upon Hull North and Cottingham,21685,44.10%,16739,34.10%,8275,16.80%,2336,4.80%,109,0.20%
E14001315,Kingston upon Hull West and Haltemprice,21997,46.20%,15831,33.20%,7702,16.20%,2002,4.20%,90,0.20%
E14001316,Kingswinford and South Staffordshire,19418,50.60%,13092,34.10%,4963,12.90%,878,2.30%,30,0.10%
E14001317,Knowsley,15773,39.30%,12975,32.30%,8033,20.00%,3227,8.00%,153,0.40%
E14001318,Lancaster and Wyre,19604,50.10%,13128,33.50%,5186,13.20%,1170,3.00%,74,0.20%
E14001319,Leeds Central and Headingley,18864,47.70%,13619,34.40%,5486,13.90%,1506,3.80%,101,0.30%
E14001320,Leeds East,19560,42.60%,15600,34.00%,8014,17.50%,2556,5.60%,180,0.40%
E14001321,Leeds North East,21583,53.90%,12252,30.60%,4933,12.30%,1232,3.10%,77,0.20%
E14001322,Leeds North West,22879,57.00%,12181,30.30%,4162,10.40%,874,2.20%,41,0.10%
E14001323,Leeds South,20962,39.10%,18995,35.50%,9859,18.40%,3464,6.50%,268,0.50%
E14001324,Leeds South West and Morley,21083,50.00%,13565,32.10%,5863,13.90%,1584,3.80%,100,0.20%
E14001325,Leeds West and Pudsey,20644,46.70%,14732,33.30%,6686,15.10%,2008,4.50%,145,0.30%
E14001326,Leicester East,14063,35.40%,14629,36.80%,8319,20.90%,2518,6.30%,199,0.50%
E14001327,Leicester South,16198,40.30%,14182,35.30%,7269,18.10%,2292,5.70%,220,0.50%
E14001328,Leicester West,19136,40.30%,16823,35.40%,8506,17.90%,2814,5.90%,220,0.50%
E14001329,Leigh and Atherton,21861,45.70%,15728,32.90%,7832,16.40%,2326,4.90%,93,0.20%
E14001330,Lewes,20389,48.50%,14921,35.50%,5485,13.10%,1157,2.80%,70,0.20%
E14001331,Lewisham East,20541,44.60%,15249,33.10%,7547,16.40%,2453,5.30%,241,0.50%
E14001332,Lewisham North,23219,47.40%,16076,32.80%,7265,14.80%,2254,4.60%,185,0.40%
E14001333,Lewisham West and East Dulwich,21991,53.40%,12301,29.90%,5260,12.80%,1466,3.60%,140,0.30%
E14001334,Leyton and Wanstead,20784,47.20%,14781,33.60%,6549,14.90%,1765,4.00%,153,0.30%
E14001335,Lichfield,21769,52.10%,13775,32.90%,5231,12.50%,980,2.30%,57,0.10%
E14001336,Lincoln,22333,46.30%,16532,34.30%,7257,15.10%,1970,4.10%,124,0.30%
E14001337,Liverpool Garston,18593,45.50%,13118,32.10%,6877,16.80%,2222,5.40%,80,0.20%
E14001338,Liverpool Riverside,19348,38.90%,16406,33.00%,9651,19.40%,4150,8.30%,222,0.40%
E14001339,Liverpool Walton,16413,38.10%,14266,33.10%,8975,20.80%,3295,7.60%,128,0.30%
E14001340,Liverpool Wavertree,20001,46.20%,13713,31.70%,6926,16.00%,2470,5.70%,153,0.40%
E14001341,Liverpool West Derby,17122,40.60%,14064,33.30%,7982,18.90%,2894,6.90%,116,0.30%
E14001342,Loughborough,20444,51.90%,12769,32.40%,4930,12.50%,1163,3.00%,56,0.10%
E14001343,Louth and Horncastle,18797,42.90%,15832,36.20%,7444,17.00%,1625,3.70%,80,0.20%
E14001344,Lowestoft,17952,42.00%,15320,35.80%,7407,17.30%,1970,4.60%,143,0.30%
E14001345,Luton North,17316,43.30%,14497,36.20%,6388,16.00%,1701,4.30%,93,0.20%
E14001346,Luton South and South Bedfordshire,18477,41.10%,16347,36.30%,7789,17.30%,2148,4.80%,230,0.50%
E14001347,Macclesfield,23993,55.80%,13385,31.10%,4644,10.80%,976,2.30%,37,0.10%
E14001348,Maidenhead,24928,59.80%,12246,29.40%,3798,9.10%,686,1.60%,33,0.10%
E14001349,Maidstone and Malling,23109,52.40%,14431,32.70%,5240,11.90%,1233,2.80%,104,0.20%
E14001350,Makerfield,20707,47.30%,14450,33.00%,6836,15.60%,1753,4.00%,72,0.20%
E14001351,Maldon,21155,50.60%,14414,34.50%,5150,12.30%,1046,2.50%,38,0.10%
E14001352,Manchester Central,25264,48.30%,16350,31.30%,7750,14.80%,2760,5.30%,163,0.30%
E14001353,Manchester Rusholme,15649,41.60%,12749,33.90%,6793,18.10%,2285,6.10%,132,0.40%
E14001354,Manchester Withington,20746,55.00%,11169,29.60%,4482,11.90%,1246,3.30%,94,0.20%
E14001355,Mansfield,19383,42.20%,16003,34.80%,8125,17.70%,2327,5.10%,99,0.20%
E14001356,Melksham and Devizes,21345,52.80%,13587,33.60%,4625,11.40%,864,2.10%,41,0.10%
E14001357,Melton and Syston,21099,52.50%,13482,33.50%,4715,11.70%,870,2.20%,39,0.10%
E14001358,Meriden and Solihull East,20332,49.10%,13454,32.50%,6006,14.50%,1569,3.80%,76,0.20%
E14001359,Mid Bedfordshire,23325,58.20%,12270,30.60%,3772,9.40%,669,1.70%,21,0.10%
E14001360,Mid Buckinghamshire,23711,60.60%,11697,29.90%,3201,8.20%,478,1.20%,21,0.10%
E14001361,Mid Cheshire,20498,50.60%,13071,32.20%,5443,13.40%,1461,3.60%,74,0.20%
E14001362,Mid Derbyshire,20992,54.40%,12507,32.40%,4277,11.10%,739,1.90%,41,0.10%
E14001363,Mid Dorset and North Poole,21191,52.30%,13739,33.90%,4620,11.40%,910,2.20%,46,0.10%
E14001364,Mid Leicestershire,22611,54.00%,13792,33.00%,4655,11.10%,756,1.80%,27,0.10%
E14001365,Mid Norfolk,19115,46.90%,14770,36.30%,5741,14.10%,1053,2.60%,52,0.10%
E14001366,Mid Sussex,23581,57.70%,12616,30.80%,3930,9.60%,727,1.80%,42,0.10%
E14001367,Middlesbrough and Thornaby East,18055,39.10%,16050,34.80%,8955,19.40%,2954,6.40%,124,0.30%
E14001368,Middlesbrough South and East Cleveland,19085,46.50%,13581,33.10%,6393,15.60%,1901,4.60%,54,0.10%
E14001369,Milton Keynes Central,25299,51.80%,15664,32.10%,6008,12.30%,1700,3.50%,127,0.30%
E14001370,Milton Keynes North,21297,52.40%,13171,32.40%,4992,12.30%,1124,2.80%,73,0.20%
E14001371,Mitcham and Morden,20949,46.70%,15478,34.50%,6581,14.70%,1693,3.80%,122,0.30%
E14001372,Morecambe and Lunesdale,21519,49.00%,15162,34.50%,5794,13.20%,1355,3.10%,66,0.20%
E14001373,New Forest East,20054,51.50%,13201,33.90%,4677,12.00%,892,2.30%,84,0.20%
E14001374,New Forest West,19853,51.40%,13395,34.60%,4588,11.90%,779,2.00%,44,0.10%
E14001375,Newark,23772,52.30%,14914,32.80%,5539,12.20%,1192,2.60%,73,0.20%
E14001376,Newbury,22658,55.10%,13091,31.90%,4332,10.50%,957,2.30%,64,0.20%
E14001377,Newcastle upon Tyne Central and West,20910,40.70%,17728,34.50%,9307,18.10%,3245,6.30%,148,0.30%
E14001378,Newcastle upon Tyne East and Wallsend,22113,43.60%,16836,33.20%,8885,17.50%,2814,5.50%,113,0.20%
E14001379,Newcastle upon Tyne North,24906,55.00%,13842,30.60%,5262,11.60%,1219,2.70%,60,0.10%
E14001380,Newcastle-under-Lyme,18629,46.50%,13607,33.90%,6239,15.60%,1556,3.90%,61,0.20%
E14001381,Newton Abbot,20022,48.30%,14650,35.30%,5581,13.50%,1130,2.70%,87,0.20%
E14001382,Newton Aycliffe and Spennymoor,19371,44.50%,14628,33.60%,7451,17.10%,2020,4.60%,43,0.10%
E14001383,Normanton and Hemsworth,18815,42.30%,15179,34.10%,8089,18.20%,2359,5.30%,62,0.10%
E14001384,North Bedfordshire,24236,56.50%,13567,31.60%,4281,10.00%,772,1.80%,40,0.10%
E14001385,North Cornwall,19732,45.70%,15461,35.80%,6390,14.80%,1433,3.30%,121,0.30%
E14001386,North Cotswolds,23045,57.30%,12632,31.40%,3824,9.50%,678,1.70%,26,0.10%
E14001387,North Devon,20705,47.90%,15124,35.00%,6010,13.90%,1268,2.90%,90,0.20%
E14001388,North Dorset,20739,51.70%,13807,34.40%,4700,11.70%,835,2.10%,44,0.10%
E14001389,North Durham,19720,44.90%,14803,33.70%,7544,17.20%,1835,4.20%,47,0.10%
E14001390,North East Cambridgeshire,18370,41.70%,16471,37.40%,7442,16.90%,1702,3.90%,99,0.20%
E14001391,North East Derbyshire,19696,47.20%,14309,34.30%,6229,14.90%,1433,3.40%,56,0.10%
E14001392,North East Hampshire,25329,61.70%,11986,29.20%,3227,7.90%,500,1.20%,17,0.00%
E14001393,North East Hertfordshire,23311,53.90%,14041,32.50%,4866,11.30%,949,2.20%,48,0.10%
E14001394,North East Somerset and Hanham,21268,53.90%,12838,32.60%,4534,11.50%,766,1.90%,33,0.10%
E14001395,North Herefordshire,20429,51.10%,13756,34.40%,4805,12.00%,945,2.40%,56,0.10%
E14001396,North Norfolk,18145,44.20%,15520,37.80%,6104,14.90%,1183,2.90%,74,0.20%
E14001397,North Northumberland,21037,49.30%,14802,34.70%,5559,13.00%,1195,2.80%,37,0.10%
E14001398,North Shropshire,21251,48.90%,15271,35.10%,5700,13.10%,1205,2.80%,44,0.10%
E14001399,North Somerset,23052,56.50%,13006,31.90%,3950,9.70%,743,1.80%,39,0.10%
E14001400,North Warwickshire and Bedworth,17874,45.30%,13935,35.30%,6108,15.50%,1471,3.70%,85,0.20%
E14001401,North West Cambridgeshire,24125,51.60%,15207,32.50%,5998,12.80%,1364,2.90%,96,0.20%
E14001402,North West Essex,24438,57.40%,13139,30.90%,4204,9.90%,759,1.80%,35,0.10%
E14001403,North West Hampshire,24760,55.40%,14226,31.80%,4691,10.50%,970,2.20%,40,0.10%
E14001404,North West Leicestershire,21985,51.40%,14203,33.20%,5425,12.70%,1116,2.60%,46,0.10%
E14001405,North West Norfolk,19926,43.70%,16748,36.70%,7194,15.80%,1641,3.60%,105,0.20%
E14001406,Northampton North,23297,44.60%,18677,35.70%,7955,15.20%,2211,4.20%,152,0.30%
E14001407,Northampton South,22747,52.60%,14109,32.60%,5168,12.00%,1146,2.70%,69,0.20%
E14001408,Norwich North,20736,46.70%,15410,34.70%,6502,14.70%,1620,3.70%,109,0.20%
E14001409,Norwich South,21730,46.00%,16308,34.50%,7043,14.90%,2022,4.30%,113,0.20%
E14001410,Nottingham East,21402,44.90%,15915,33.40%,7772,16.30%,2369,5.00%,159,0.30%
E14001411,Nottingham North and Kimberley,17760,39.70%,15584,34.80%,8567,19.10%,2742,6.10%,125,0.30%
E14001412,Nottingham South,16378,41.60%,13751,35.00%,7043,17.90%,2075,5.30%,87,0.20%
E14001413,Nuneaton,19381,46.30%,14244,34.00%,6495,15.50%,1674,4.00%,99,0.20%
E14001414,Old Bexley and Sidcup,20451,51.50%,13287,33.50%,4944,12.40%,985,2.50%,47,0.10%
E14001415,Oldham East and Saddleworth,18144,43.00%,14461,34.20%,7138,16.90%,2371,5.60%,119,0.30%
E14001416,"Oldham West, Chadderton and Royton",15880,38.30%,14516,35.10%,8153,19.70%,2715,6.60%,151,0.40%
E14001417,Orpington,20084,51.20%,12851,32.70%,5034,12.80%,1203,3.10%,80,0.20%
E14001418,Ossett and Denby Dale,21220,52.40%,13189,32.60%,4935,12.20%,1086,2.70%,41,0.10%
E14001419,Oxford East,20971,49.50%,14077,33.20%,5692,13.40%,1529,3.60%,123,0.30%
E14001420,Oxford West and Abingdon,22428,58.80%,11603,30.40%,3370,8.80%,714,1.90%,46,0.10%
E14001421,Peckham,19013,42.70%,15112,34.00%,7725,17.40%,2453,5.50%,174,0.40%
E14001422,Pendle and Clitheroe,21313,47.00%,15215,33.60%,6730,14.90%,1952,4.30%,109,0.20%
E14001423,Penistone and Stocksbridge,19563,49.80%,13058,33.20%,5406,13.80%,1215,3.10%,41,0.10%
E14001424,Penrith and Solway,22190,50.60%,14925,34.00%,5490,12.50%,1222,2.80%,46,0.10%
E14001425,Peterborough,20106,40.40%,18364,36.90%,8619,17.30%,2501,5.00%,182,0.40%
E14001426,Plymouth Moor View,18367,42.70%,14983,34.80%,7550,17.50%,2087,4.80%,71,0.20%
E14001427,Plymouth Sutton and Devonport,20992,44.40%,15808,33.50%,7820,16.60%,2441,5.20%,182,0.40%
E14001428,"Pontefract, Castleford and Knottingley",19239,43.60%,14878,33.70%,7628,17.30%,2299,5.20%,91,0.20%
E14001429,Poole,21634,50.10%,14328,33.20%,5801,13.40%,1316,3.00%,93,0.20%
E14001430,Poplar and Limehouse,28208,50.20%,17429,31.00%,7574,13.50%,2787,5.00%,175,0.30%
E14001431,Portsmouth North,19469,47.80%,13732,33.70%,5879,14.40%,1539,3.80%,116,0.30%
E14001432,Portsmouth South,21189,46.70%,15070,33.20%,7010,15.40%,1985,4.40%,165,0.40%
E14001433,Preston,20217,43.30%,15994,34.30%,7821,16.70%,2527,5.40%,138,0.30%
E14001434,Putney,26945,58.10%,13093,28.30%,4820,10.40%,1352,2.90%,132,0.30%
E14001435,Queen's Park and Maida Vale,21348,41.40%,16828,32.60%,9143,17.70%,3796,7.40%,433,0.80%
E14001436,Rawmarsh and Conisbrough,17449,42.40%,13990,34.00%,7504,18.20%,2140,5.20%,73,0.20%
E14001437,Rayleigh and Wickford,20007,50.10%,13998,35.10%,5115,12.80%,763,1.90%,50,0.10%
E14001438,Reading Central,24800,53.50%,14576,31.40%,5447,11.70%,1436,3.10%,128,0.30%
E14001439,Reading West and Mid Berkshire,20693,54.60%,12143,32.00%,4185,11.00%,856,2.30%,54,0.10%
E14001440,Redcar,18252,43.30%,14445,34.20%,7319,17.40%,2090,5.00%,75,0.20%
E14001441,Redditch,19806,47.90%,14118,34.20%,5873,14.20%,1431,3.50%,104,0.30%
E14001442,Reigate,25002,58.10%,13188,30.60%,4029,9.40%,781,1.80%,62,0.10%
E14001443,Ribble Valley,23720,56.90%,13242,31.70%,4043,9.70%,673,1.60%,38,0.10%
E14001444,Richmond and Northallerton,22160,54.10%,13574,33.10%,4398,10.70%,791,1.90%,25,0.10%
E14001445,Richmond Park,28454,62.20%,12587,27.50%,3724,8.10%,874,1.90%,81,0.20%
E14001446,Rochdale,16073,40.60%,13667,34.50%,7175,18.10%,2465,6.20%,184,0.50%
E14001447,Rochester and Strood,20075,48.40%,13933,33.60%,5794,14.00%,1503,3.60%,138,0.30%
E14001448,Romford,20369,48.70%,14189,33.90%,5903,14.10%,1304,3.10%,68,0.20%
E14001449,Romsey and Southampton North,21817,54.50%,13009,32.50%,4236,10.60%,896,2.20%,84,0.20%
E14001450,Rossendale and Darwen,21425,48.60%,14279,32.40%,6452,14.60%,1840,4.20%,85,0.20%
E14001451,Rother Valley,18642,47.40%,13279,33.80%,6055,15.40%,1315,3.30%,41,0.10%
E14001452,Rotherham,18436,40.20%,15723,34.20%,8763,19.10%,2852,6.20%,140,0.30%
E14001453,Rugby,23670,52.40%,15109,33.50%,5195,11.50%,1130,2.50%,46,0.10%
E14001454,"Ruislip, Northwood and Pinner",21255,54.90%,12310,31.80%,4209,10.90%,847,2.20%,61,0.20%
E14001455,Runcorn and Helsby,18798,46.00%,13513,33.10%,6583,16.10%,1909,4.70%,60,0.10%
E14001456,Runnymede and Weybridge,24435,56.20%,13497,31.00%,4631,10.60%,875,2.00%,51,0.10%
E14001457,Rushcliffe,24637,58.50%,12854,30.50%,3959,9.40%,660,1.60%,18,0.00%
E14001458,Rutland and Stamford,22609,56.70%,12809,32.10%,3866,9.70%,600,1.50%,24,0.10%
E14001459,Salford,24503,46.70%,16740,31.90%,8178,15.60%,2880,5.50%,136,0.30%
E14001460,Salisbury,21869,54.30%,13041,32.40%,4449,11.00%,867,2.20%,38,0.10%
E14001461,Scarborough and Whitby,20901,45.80%,15918,34.90%,6894,15.10%,1757,3.90%,132,0.30%
E14001462,Scunthorpe,19827,44.00%,16053,35.60%,7292,16.20%,1797,4.00%,66,0.10%
E14001463,Sefton Central,20109,51.50%,12985,33.30%,4993,12.80%,925,2.40%,33,0.10%
E14001464,Selby,23075,53.30%,14040,32.40%,5131,11.90%,1004,2.30%,42,0.10%
E14001465,Sevenoaks,21951,54.50%,12807,31.80%,4493,11.10%,993,2.50%,56,0.10%
E14001466,Sheffield Brightside and Hillsborough,16311,36.50%,15889,35.50%,9153,20.50%,3151,7.00%,192,0.40%
E14001467,Sheffield Central,17301,50.00%,11549,33.40%,4381,12.70%,1237,3.60%,105,0.30%
E14001468,Sheffield Hallam,22207,58.70%,11827,31.20%,3275,8.70%,517,1.40%,27,0.10%
E14001469,Sheffield Heeley,19787,42.10%,16015,34.10%,8352,17.80%,2658,5.70%,171,0.40%
E14001470,Sheffield South East,18241,41.50%,15489,35.20%,7902,18.00%,2230,5.10%,115,0.30%
E14001471,Sherwood Forest,20786,47.20%,14781,33.60%,6793,15.40%,1587,3.60%,84,0.20%
E14001472,Shipley,22778,52.30%,14059,32.30%,5316,12.20%,1288,3.00%,102,0.20%
E14001473,Shrewsbury,23120,53.00%,14020,32.10%,5223,12.00%,1253,2.90%,43,0.10%
E14001474,Sittingbourne and Sheppey,19008,43.00%,15658,35.40%,7315,16.50%,2125,4.80%,136,0.30%
E14001475,Skipton and Ripon,24321,55.60%,14184,32.40%,4399,10.10%,794,1.80%,35,0.10%
E14001476,Sleaford and North Hykeham,21686,52.20%,13977,33.60%,5001,12.00%,862,2.10%,34,0.10%
E14001477,Slough,19092,42.40%,16511,36.70%,7355,16.30%,1951,4.30%,139,0.30%
E14001478,Smethwick,16276,38.30%,15095,35.50%,8413,19.80%,2561,6.00%,123,0.30%
E14001479,Solihull West and Shirley,21072,55.40%,11895,31.30%,4173,11.00%,852,2.20%,52,0.10%
E14001480,South Basildon and East Thurrock,18021,44.50%,14238,35.10%,6563,16.20%,1595,3.90%,117,0.30%
E14001481,South Cambridgeshire,24550,57.20%,13461,31.30%,4164,9.70%,760,1.80%,21,0.00%
E14001482,South Cotswolds,23171,57.20%,12816,31.60%,3831,9.50%,668,1.60%,25,0.10%
E14001483,South Derbyshire,21415,53.40%,12794,31.90%,4854,12.10%,999,2.50%,30,0.10%
E14001484,South Devon,19706,48.20%,14321,35.00%,5539,13.60%,1222,3.00%,83,0.20%
E14001485,South Dorset,20454,46.20%,15795,35.70%,6357,14.40%,1516,3.40%,150,0.30%
E14001486,South East Cornwall,19182,46.80%,14696,35.90%,5753,14.00%,1238,3.00%,78,0.20%
E14001487,South Holland and The Deepings,21383,45.50%,17189,36.60%,7011,14.90%,1306,2.80%,57,0.10%
E14001488,South Leicestershire,23654,55.80%,13484,31.80%,4492,10.60%,738,1.70%,23,0.10%
E14001489,South Norfolk,21536,54.60%,13010,33.00%,4130,10.50%,758,1.90%,42,0.10%
E14001490,South Northamptonshire,24157,57.40%,13305,31.60%,4008,9.50%,578,1.40%,28,0.10%
E14001491,South Ribble,21407,53.00%,13238,32.80%,4749,11.80%,937,2.30%,48,0.10%
E14001492,South Shields,17861,43.00%,14310,34.40%,7296,17.60%,2013,4.80%,72,0.20%
E14001493,South Shropshire,20899,49.80%,14832,35.30%,5197,12.40%,1010,2.40%,53,0.10%
E14001494,South Suffolk,20575,51.20%,13976,34.80%,4678,11.60%,933,2.30%,37,0.10%
E14001495,South West Devon,22237,53.60%,13749,33.10%,4646,11.20%,805,1.90%,39,0.10%
E14001496,South West Hertfordshire,21640,55.50%,12248,31.40%,4178,10.70%,846,2.20%,83,0.20%
E14001497,South West Norfolk,19471,44.00%,16520,37.40%,6714,15.20%,1451,3.30%,62,0.10%
E14001498,South West Wiltshire,20639,49.30%,14512,34.70%,5439,13.00%,1210,2.90%,67,0.20%
E14001499,Southampton Itchen,21447,45.90%,15827,33.90%,7232,15.50%,2028,4.30%,181,0.40%
E14001500,Southampton Test,20328,44.60%,15827,34.70%,7141,15.70%,2115,4.60%,174,0.40%
E14001501,Southend East and Rochford,18383,42.80%,14967,34.90%,7258,16.90%,2115,4.90%,198,0.50%
E14001502,Southend West and Leigh,21274,48.40%,15008,34.20%,6047,13.80%,1459,3.30%,142,0.30%
E14001503,Southgate and Wood Green,21655,44.00%,16988,34.50%,7976,16.20%,2385,4.80%,212,0.40%
E14001504,Southport,20423,46.80%,15173,34.80%,6400,14.70%,1515,3.50%,119,0.30%
E14001505,Spelthorne,21283,50.90%,14028,33.60%,5260,12.60%,1145,2.70%,89,0.20%
E14001506,Spen Valley,19939,48.70%,13660,33.40%,5780,14.10%,1464,3.60%,101,0.20%
E14001507,St Albans,23692,59.40%,11744,29.40%,3598,9.00%,829,2.10%,48,0.10%
E14001508,St Austell and Newquay,19482,44.80%,15272,35.10%,6860,15.80%,1692,3.90%,171,0.40%
E14001509,St Helens North,19555,44.50%,14670,33.40%,7423,16.90%,2211,5.00%,63,0.10%
E14001510,St Helens South and Whiston,18371,43.70%,14000,33.30%,7348,17.50%,2266,5.40%,84,0.20%
E14001511,St Ives,18242,45.20%,14507,35.90%,6072,15.00%,1439,3.60%,98,0.20%
E14001512,St Neots and Mid Cambridgeshire,24926,57.30%,13497,31.00%,4265,9.80%,806,1.90%,36,0.10%
E14001513,Stafford,21598,51.80%,13872,33.20%,5110,12.20%,1083,2.60%,64,0.20%
E14001514,Staffordshire Moorlands,18484,49.00%,12915,34.20%,5247,13.90%,1074,2.80%,21,0.10%
E14001515,Stalybridge and Hyde,19103,45.40%,14007,33.30%,6754,16.10%,2095,5.00%,111,0.30%
E14001516,Stevenage,20031,48.80%,13684,33.40%,5769,14.10%,1412,3.40%,135,0.30%
E14001517,Stockport,21981,47.30%,14995,32.30%,6980,15.00%,2332,5.00%,154,0.30%
E14001518,Stockton North,18435,43.10%,14195,33.20%,7774,18.20%,2262,5.30%,95,0.20%
E14001519,Stockton West,21900,57.50%,11795,31.00%,3694,9.70%,665,1.70%,20,0.10%
E14001520,Stoke-on-Trent Central,19629,40.30%,17186,35.30%,9050,18.60%,2738,5.60%,127,0.30%
E14001521,Stoke-on-Trent North,17937,41.50%,15086,34.90%,7812,18.10%,2258,5.20%,86,0.20%
E14001522,Stoke-on-Trent South,18471,46.20%,13584,34.00%,6218,15.60%,1627,4.10%,72,0.20%
E14001523,"Stone, Great Wyrley and Penkridge",19814,51.50%,12740,33.10%,4952,12.90%,971,2.50%,33,0.10%
E14001524,Stourbridge,18335,45.40%,13782,34.10%,6560,16.20%,1633,4.00%,75,0.20%
E14001525,Stratford and Bow,21589,45.60%,15298,32.30%,7671,16.20%,2543,5.40%,198,0.40%
E14001526,Stratford-on-Avon,23632,55.70%,13652,32.20%,4257,10.00%,827,2.00%,25,0.10%
E14001527,Streatham and Croydon North,23124,48.90%,15783,33.40%,6468,13.70%,1704,3.60%,181,0.40%
E14001528,Stretford and Urmston,19989,47.70%,13767,32.90%,6287,15.00%,1764,4.20%,74,0.20%
E14001529,Stroud,22668,54.10%,13714,32.70%,4536,10.80%,947,2.30%,56,0.10%
E14001530,Suffolk Coastal,20860,48.70%,15324,35.80%,5458,12.80%,1108,2.60%,56,0.10%
E14001531,Sunderland Central,18174,41.80%,15014,34.50%,7740,17.80%,2450,5.60%,116,0.30%
E14001532,Surrey Heath,22251,57.90%,12001,31.20%,3496,9.10%,665,1.70%,43,0.10%
E14001533,Sussex Weald,20311,53.10%,12860,33.60%,4295,11.20%,718,1.90%,44,0.10%
E14001534,Sutton and Cheam,22079,52.90%,13748,33.00%,4785,11.50%,1008,2.40%,87,0.20%
E14001535,Sutton Coldfield,22360,55.40%,12661,31.40%,4406,10.90%,903,2.20%,40,0.10%
E14001536,Swindon North,21784,50.30%,14412,33.30%,5631,13.00%,1387,3.20%,61,0.10%
E14001537,Swindon South,22316,47.80%,16064,34.40%,6593,14.10%,1653,3.50%,109,0.20%
E14001538,Tamworth,19763,47.50%,14160,34.10%,6207,14.90%,1396,3.40%,45,0.10%
E14001539,Tatton,24677,58.70%,12695,30.20%,3912,9.30%,751,1.80%,21,0.00%
E14001540,Taunton and Wellington,24453,51.70%,15717,33.20%,5823,12.30%,1285,2.70%,58,0.10%
E14001541,Telford,19205,44.30%,14670,33.90%,7352,17.00%,2006,4.60%,76,0.20%
E14001542,Tewkesbury,22800,54.90%,13588,32.70%,4347,10.50%,769,1.90%,57,0.10%
E14001543,The Wrekin,21587,49.40%,14644,33.50%,6016,13.80%,1360,3.10%,55,0.10%
E14001544,Thirsk and Malton,22411,51.40%,15105,34.70%,5146,11.80%,868,2.00%,49,0.10%
E14001545,Thornbury and Yate,21583,54.00%,13474,33.70%,4178,10.40%,710,1.80%,39,0.10%
E14001546,Thurrock,20637,45.80%,15600,34.60%,6875,15.30%,1814,4.00%,130,0.30%
E14001547,Tipton and Wednesbury,15736,35.60%,15653,35.40%,9565,21.60%,3140,7.10%,139,0.30%
E14001548,Tiverton and Minehead,19496,48.00%,14500,35.70%,5457,13.40%,1150,2.80%,39,0.10%
E14001549,Tonbridge,21454,54.00%,12782,32.20%,4521,11.40%,901,2.30%,48,0.10%
E14001550,Tooting,24869,57.40%,12229,28.20%,4746,11.00%,1354,3.10%,117,0.30%
E14001551,Torbay,19865,41.80%,16942,35.70%,8100,17.10%,2363,5.00%,209,0.40%
E14001552,Torridge and Tavistock,19932,47.10%,15139,35.80%,5978,14.10%,1200,2.80%,79,0.20%
E14001553,Tottenham,19175,37.10%,18553,35.90%,10205,19.70%,3454,6.70%,361,0.70%
E14001554,Truro and Falmouth,20305,49.70%,14215,34.80%,5121,12.50%,1143,2.80%,77,0.20%
E14001555,Tunbridge Wells,24560,55.30%,13754,31.00%,4865,11.00%,1109,2.50%,96,0.20%
E14001556,Twickenham,26533,60.20%,12529,28.40%,3985,9.00%,940,2.10%,58,0.10%
E14001557,Tynemouth,22501,51.30%,14008,32.00%,5790,13.20%,1472,3.40%,56,0.10%
E14001558,Uxbridge and South Ruislip,21154,48.90%,14586,33.70%,5961,13.80%,1459,3.40%,112,0.30%
E14001559,Vauxhall and Camberwell Green,21074,46.10%,15260,33.40%,7076,15.50%,2179,4.80%,168,0.40%
E14001560,Wakefield and Rothwell,20763,45.90%,15247,33.70%,7088,15.70%,2038,4.50%,92,0.20%
E14001561,Wallasey,18387,42.60%,14810,34.30%,7732,17.90%,2179,5.00%,99,0.20%
E14001562,Walsall and Bloxwich,15925,36.10%,15435,35.00%,9358,21.20%,3162,7.20%,174,0.40%
E14001563,Walthamstow,20865,46.10%,15040,33.20%,7184,15.90%,2040,4.50%,163,0.40%
E14001564,Warrington North,19991,47.80%,13885,33.20%,6230,14.90%,1608,3.80%,68,0.20%
E14001565,Warrington South,23736,54.60%,13598,31.30%,4918,11.30%,1143,2.60%,50,0.10%
E14001566,Warwick and Leamington,25380,56.40%,13430,29.90%,4851,10.80%,1211,2.70%,101,0.20%
E14001567,Washington and Gateshead South,17466,41.70%,14571,34.80%,7584,18.10%,2189,5.20%,81,0.20%
E14001568,Watford,21797,51.00%,14074,32.90%,5430,12.70%,1338,3.10%,108,0.30%
E14001569,Waveney Valley,18895,48.00%,14375,36.50%,5139,13.00%,929,2.40%,45,0.10%
E14001570,Weald of Kent,20113,52.50%,12863,33.60%,4431,11.60%,841,2.20%,64,0.20%
E14001571,Wellingborough and Rushden,21770,46.30%,16545,35.20%,6980,14.80%,1653,3.50%,91,0.20%
E14001572,Wells and Mendip Hills,20170,53.00%,12917,34.00%,4115,10.80%,789,2.10%,42,0.10%
E14001573,Welwyn Hatfield,22455,51.20%,14578,33.30%,5510,12.60%,1216,2.80%,74,0.20%
E14001574,West Bromwich,17142,40.00%,15086,35.20%,8096,18.90%,2364,5.50%,120,0.30%
E14001575,West Dorset,22248,51.50%,14956,34.60%,5039,11.70%,934,2.20%,43,0.10%
E14001576,West Ham and Beckton,20304,41.30%,17151,34.90%,8543,17.40%,2978,6.10%,225,0.50%
E14001577,West Lancashire,19915,48.30%,13911,33.70%,5923,14.40%,1422,3.40%,61,0.10%
E14001578,West Suffolk,24579,48.50%,18605,36.70%,6222,12.30%,1220,2.40%,64,0.10%
E14001579,West Worcestershire,22842,52.60%,14524,33.50%,5069,11.70%,924,2.10%,38,0.10%
E14001580,Westmorland and Lonsdale,22436,54.00%,13991,33.70%,4345,10.50%,730,1.80%,29,0.10%
E14001581,Weston-super-Mare,19974,46.30%,15093,35.00%,6310,14.60%,1608,3.70%,138,0.30%
E14001582,Wetherby and Easingwold,22535,57.80%,12197,31.30%,3600,9.20%,635,1.60%,34,0.10%
E14001583,Whitehaven and Workington,19936,46.40%,14397,33.50%,6642,15.50%,1937,4.50%,65,0.20%
E14001584,Widnes and Halewood,17664,44.40%,13176,33.10%,6688,16.80%,2154,5.40%,76,0.20%
E14001585,Wigan,20970,45.70%,15091,32.90%,7617,16.60%,2166,4.70%,87,0.20%
E14001586,Wimbledon,26871,61.40%,12304,28.10%,3841,8.80%,726,1.70%,53,0.10%
E14001587,Winchester,24678,58.20%,12861,30.40%,4066,9.60%,723,1.70%,47,0.10%
E14001588,Windsor,23324,55.70%,13068,31.20%,4528,10.80%,921,2.20%,59,0.10%
E14001589,Wirral West,20777,53.70%,12647,32.70%,4388,11.30%,844,2.20%,29,0.10%
E14001590,Witham,22018,51.60%,14353,33.60%,5180,12.10%,1057,2.50%,60,0.10%
E14001591,Witney,22967,57.00%,12743,31.60%,3828,9.50%,704,1.70%,30,0.10%
E14001592,Woking,23292,56.20%,12851,31.00%,4289,10.40%,929,2.20%,76,0.20%
E14001593,Wokingham,24556,62.70%,11153,28.50%,2947,7.50%,488,1.20%,38,0.10%
E14001594,Wolverhampton North East,16638,39.30%,15078,35.70%,8172,19.30%,2273,5.40%,126,0.30%
E14001595,Wolverhampton South East,17030,36.50%,16624,35.60%,9735,20.90%,3099,6.60%,163,0.30%
E14001596,Wolverhampton West,19805,43.80%,15680,34.70%,7546,16.70%,2020,4.50%,121,0.30%
E14001597,Worcester,22399,50.10%,14795,33.10%,5865,13.10%,1553,3.50%,108,0.20%
E14001598,Worsley and Eccles,22535,49.00%,14740,32.00%,6728,14.60%,1930,4.20%,98,0.20%
E14001599,Worthing West,21513,47.50%,16008,35.30%,6290,13.90%,1372,3.00%,144,0.30%
E14001600,Wycombe,21654,53.40%,12979,32.00%,4790,11.80%,1076,2.70%,75,0.20%
E14001601,Wyre Forest,20798,45.90%,15760,34.80%,6928,15.30%,1730,3.80%,106,0.20%
E14001602,Wythenshawe and Sale East,20920,44.70%,15123,32.30%,7894,16.90%,2764,5.90%,137,0.30%
E14001603,Yeovil,22979,49.40%,16026,34.50%,6085,13.10%,1340,2.90%,76,0.20%
E14001604,York Central,23466,51.80%,14777,32.60%,5655,12.50%,1339,3.00%,60,0.10%
E14001605,York Outer,22557,56.20%,13133,32.70%,3863,9.60%,582,1.40%,28,0.10%
W07000081,Aberafan Maesteg,15973,39.10%,13554,33.20%,8283,20.30%,2918,7.10%,84,0.20%
W07000082,Alyn and Deeside,21347,48.80%,14675,33.50%,6246,14.30%,1445,3.30%,62,0.10%
W07000083,Bangor Aberconwy,19681,49.00%,13619,33.90%,5536,13.80%,1293,3.20%,53,0.10%
W07000084,Blaenau Gwent and Rhymney,15852,37.30%,14117,33.20%,9138,21.50%,3327,7.80%,92,0.20%
W07000085,"Brecon, Radnor and Cwm Tawe",19715,47.30%,14426,34.60%,6064,14.60%,1399,3.40%,45,0.10%
W07000086,Bridgend,19811,48.80%,13295,32.80%,5841,14.40%,1590,3.90%,54,0.10%
W07000087,Caerfyrddin,18930,46.20%,14268,34.90%,6257,15.30%,1437,3.50%,46,0.10%
W07000088,Caerphilly,18207,44.00%,13599,32.90%,7272,17.60%,2198,5.30%,68,0.20%
W07000089,Cardiff East,19339,44.70%,14410,33.30%,6934,16.00%,2364,5.50%,180,0.40%
W07000090,Cardiff North,21174,54.70%,11882,30.70%,4478,11.60%,1116,2.90%,46,0.10%
W07000091,Cardiff South and Penarth,22121,51.50%,13500,31.40%,5604,13.00%,1647,3.80%,79,0.20%
W07000092,Cardiff West,21106,48.40%,13479,30.90%,6693,15.40%,2181,5.00%,131,0.30%
W07000093,Ceredigion Preseli,19323,47.30%,14558,35.60%,5796,14.20%,1178,2.90%,37,0.10%
W07000094,Clwyd East,20755,48.90%,14272,33.60%,6076,14.30%,1319,3.10%,38,0.10%
W07000095,Clwyd North,18792,42.10%,15686,35.20%,7849,17.60%,2133,4.80%,136,0.30%
W07000096,Dwyfor Meirionnydd,21095,49.60%,14237,33.50%,5803,13.70%,1296,3.10%,57,0.10%
W07000097,Gower,21433,50.70%,14073,33.30%,5473,13.00%,1221,2.90%,36,0.10%
W07000098,Llanelli,18120,44.40%,13601,33.30%,7168,17.60%,1887,4.60%,47,0.10%
W07000099,Merthyr Tydfil and Aberdare,17535,40.00%,14595,33.30%,8682,19.80%,2899,6.60%,118,0.30%
W07000100,Mid and South Pembrokeshire,20776,45.70%,15723,34.60%,7164,15.70%,1737,3.80%,86,0.20%
W07000101,Monmouthshire,21144,51.70%,13592,33.20%,5031,12.30%,1115,2.70%,43,0.10%
W07000102,Montgomeryshire and Glyndwr,20255,46.90%,14895,34.50%,6529,15.10%,1445,3.30%,43,0.10%
W07000103,Neath and Swansea East,19031,43.90%,14198,32.70%,7710,17.80%,2355,5.40%,61,0.10%
W07000104,Newport East,19781,43.30%,15390,33.70%,7777,17.00%,2552,5.60%,144,0.30%
W07000105,Newport West and Islwyn,20164,46.70%,14159,32.80%,6997,16.20%,1741,4.00%,76,0.20%
W07000106,Pontypridd,19433,44.90%,14279,33.00%,7256,16.80%,2227,5.10%,78,0.20%
W07000107,Rhondda and Ogmore,16751,38.10%,14562,33.10%,9452,21.50%,3135,7.10%,94,0.20%
W07000108,Swansea West,18812,40.80%,15489,33.60%,8668,18.80%,3018,6.50%,118,0.30%
W07000109,Torfaen,17016,42.30%,13738,34.10%,7241,18.00%,2166,5.40%,80,0.20%
W07000110,Vale of Glamorgan,20250,49.30%,13422,32.70%,5807,14.10%,1521,3.70%,54,0.10%
W07000111,Wrexham,20183,47.70%,14245,33.70%,6134,14.50%,1666,3.90%,76,0.20%
W07000112,Ynys Môn,14683,47.60%,10519,34.10%,4533,14.70%,1057,3.40%,30,0.10%