ConstCode,Const,level1_qual,level1_qualp,level2_qual,level2_qualp,level3,level3_qualp,level4_qual,level4_qualp,no_qual,no_qualp,other_qual,other_qualp
E14001063,Aldershot,11347,12.60%,13766,15.30%,16630,18.40%,28644,31.80%,16899,18.70%,2907,3.20%
E14001064,Aldridge-Brownhills,8186,11.30%,10971,15.20%,13261,18.30%,20894,28.90%,16880,23.30%,2133,2.90%
E14001065,Altrincham and Sale West,5703,7.50%,9718,12.80%,11217,14.80%,38655,50.90%,9131,12.00%,1562,2.10%
E14001066,Amber Valley,8537,12.20%,11116,15.90%,13791,19.80%,18245,26.20%,16267,23.30%,1777,2.50%
E14001067,Arundel and South Downs,7409,9.50%,12245,15.80%,13851,17.80%,30616,39.40%,11551,14.90%,2030,2.60%
E14001068,Ashfield,9299,12.90%,12387,17.10%,13585,18.80%,16126,22.30%,18905,26.20%,1979,2.70%
E14001069,Ashford,9939,12.40%,13250,16.50%,14875,18.50%,24933,31.10%,14736,18.40%,2488,3.10%
E14001070,Ashton-under-Lyne,9376,12.70%,11794,15.90%,13337,18.00%,18673,25.20%,18571,25.10%,2293,3.10%
E14001071,Aylesbury,9240,11.20%,12394,15.00%,14702,17.80%,30140,36.60%,13635,16.60%,2268,2.80%
E14001072,Banbury,8482,10.80%,11502,14.70%,13088,16.70%,28801,36.80%,14032,17.90%,2303,2.90%
E14001073,Barking,10099,10.70%,12156,12.80%,13293,14.00%,33598,35.40%,21948,23.20%,3709,3.90%
E14001074,Barnsley North,9242,11.60%,12509,15.70%,14569,18.30%,19357,24.30%,21854,27.40%,2279,2.90%
E14001075,Barnsley South,9830,12.40%,12599,15.90%,14072,17.70%,17204,21.70%,23322,29.40%,2285,2.90%
E14001076,Barrow and Furness,7710,10.50%,10631,14.50%,16092,22.00%,22520,30.80%,14312,19.60%,1831,2.50%
E14001077,Basildon and Billericay,11028,13.80%,13911,17.30%,14250,17.80%,21615,27.00%,17142,21.40%,2239,2.80%
E14001078,Basingstoke,10273,12.20%,13016,15.40%,16068,19.00%,28701,34.00%,13848,16.40%,2441,2.90%
E14001079,Bassetlaw,9496,11.90%,12845,16.00%,14861,18.60%,21354,26.70%,18847,23.50%,2663,3.30%
E14001080,Bath,4957,5.90%,8294,9.80%,21126,25.10%,39493,46.90%,8592,10.20%,1806,2.10%
E14001081,Battersea,4049,4.50%,5877,6.50%,9824,10.90%,59952,66.40%,8491,9.40%,2095,2.30%
E14001082,Beaconsfield,6577,8.80%,10116,13.60%,11770,15.80%,33381,44.80%,10810,14.50%,1907,2.60%
E14001083,Beckenham and Penge,6657,7.90%,10237,12.20%,12208,14.50%,42315,50.30%,10548,12.50%,2112,2.50%
E14001084,Bedford,9859,11.80%,11508,13.80%,13382,16.00%,28326,33.90%,17480,20.90%,2988,3.60%
E14001085,Bermondsey and Old Southwark,5164,5.70%,6383,7.10%,12092,13.40%,52463,58.30%,11569,12.90%,2309,2.60%
E14001086,Bethnal Green and Stepney,7464,7.40%,9197,9.10%,14731,14.60%,47642,47.20%,18715,18.60%,3092,3.10%
E14001087,Beverley and Holderness,7580,10.80%,10426,14.80%,13293,18.90%,24042,34.20%,12970,18.40%,2071,2.90%
E14001088,Bexhill and Battle,8399,11.80%,11247,15.80%,12694,17.80%,22612,31.70%,14047,19.70%,2366,3.30%
E14001089,Bexleyheath and Crayford,8923,12.00%,11586,15.60%,12813,17.30%,23907,32.30%,14605,19.70%,2267,3.10%
E14001090,Bicester and Woodstock,8163,10.50%,10854,13.90%,12970,16.70%,32075,41.20%,11634,15.00%,2116,2.70%
E14001091,Birkenhead,8562,10.70%,12856,16.10%,15183,19.00%,23798,29.80%,17507,21.90%,2015,2.50%
E14001092,Birmingham Edgbaston,7106,8.40%,9162,10.90%,14957,17.70%,34230,40.60%,16574,19.60%,2385,2.80%
E14001093,Birmingham Erdington,11129,12.30%,12933,14.30%,15227,16.90%,22968,25.40%,25244,28.00%,2817,3.10%
E14001094,Birmingham Hall Green and Moseley,8895,10.20%,10885,12.50%,12910,14.80%,29562,33.90%,22344,25.60%,2529,2.90%
E14001095,Birmingham Hodge Hill and Solihull North,11050,12.70%,13551,15.60%,14207,16.40%,18522,21.30%,26717,30.80%,2808,3.20%
E14001096,Birmingham Ladywood,11077,9.70%,12154,10.70%,21431,18.80%,36920,32.40%,28735,25.20%,3724,3.30%
E14001097,Birmingham Northfield,9148,11.40%,12036,15.00%,13915,17.40%,23046,28.80%,19679,24.60%,2200,2.70%
E14001098,Birmingham Perry Barr,10720,12.00%,11613,13.00%,14014,15.70%,23071,25.80%,26775,29.90%,3243,3.60%
E14001099,Birmingham Selly Oak,6942,8.10%,9664,11.30%,22435,26.20%,28762,33.60%,15799,18.50%,2016,2.40%
E14001100,Birmingham Yardley,9993,12.10%,12070,14.60%,13641,16.60%,20194,24.50%,23702,28.80%,2820,3.40%
E14001101,Bishop Auckland,7505,10.50%,11232,15.70%,13755,19.30%,19769,27.70%,17310,24.20%,1826,2.60%
E14001102,Blackburn,9438,11.70%,11567,14.30%,12687,15.70%,21602,26.70%,22686,28.10%,2803,3.50%
E14001103,Blackley and Middleton South,8955,11.30%,11017,13.90%,12453,15.70%,22680,28.70%,21389,27.00%,2648,3.30%
E14001104,Blackpool North and Fleetwood,8800,11.90%,12201,16.50%,13950,18.80%,19336,26.10%,17627,23.80%,2154,2.90%
E14001105,Blackpool South,10728,12.80%,13362,16.00%,14778,17.70%,19801,23.70%,22556,27.00%,2405,2.90%
E14001106,Blaydon and Consett,7265,10.30%,10900,15.50%,14149,20.10%,22072,31.40%,14022,19.90%,1986,2.80%
E14001107,Blyth and Ashington,9026,11.70%,13063,17.00%,16046,20.80%,18779,24.40%,18056,23.50%,2021,2.60%
E14001108,Bognor Regis and Littlehampton,10816,12.90%,13830,16.50%,15486,18.40%,22378,26.60%,18485,22.00%,3070,3.70%
E14001109,Bolsover,9500,12.30%,12523,16.20%,14703,19.00%,18392,23.80%,19871,25.70%,2212,2.90%
E14001110,Bolton North East,9870,11.70%,12751,15.10%,14994,17.80%,23856,28.30%,20405,24.20%,2508,3.00%
E14001111,Bolton South and Walkden,10581,12.00%,13245,15.00%,14594,16.60%,21984,25.00%,24679,28.00%,2934,3.30%
E14001112,Bolton West,7570,10.20%,10770,14.50%,13685,18.40%,26257,35.40%,14031,18.90%,1891,2.50%
E14001113,Bootle,9441,12.10%,12117,15.60%,14513,18.60%,19765,25.40%,20046,25.80%,1950,2.50%
E14001114,Boston and Skegness,12067,13.50%,14132,15.80%,13930,15.50%,17486,19.50%,28152,31.40%,3946,4.40%
E14001115,Bournemouth East,8273,9.90%,12105,14.50%,16132,19.40%,30871,37.00%,13332,16.00%,2645,3.20%
E14001116,Bournemouth West,8642,10.00%,11603,13.50%,20833,24.20%,28103,32.60%,14428,16.70%,2629,3.00%
E14001117,Bracknell,9095,11.80%,12485,16.20%,14518,18.80%,27852,36.10%,11041,14.30%,2182,2.80%
E14001118,Bradford East,10561,12.60%,12394,14.80%,13046,15.60%,19228,23.00%,25368,30.40%,2934,3.50%
E14001119,Bradford South,10078,12.90%,12174,15.50%,13526,17.30%,18883,24.10%,21242,27.10%,2392,3.10%
E14001120,Bradford West,10241,11.80%,11477,13.20%,12949,14.90%,22918,26.30%,26300,30.20%,3141,3.60%
E14001121,Braintree,10578,13.20%,14396,18.00%,15400,19.30%,21963,27.50%,15257,19.10%,2324,2.90%
E14001122,Brent East,9605,9.30%,10488,10.10%,13685,13.20%,41517,40.10%,24009,23.20%,4155,4.00%
E14001123,Brent West,10225,9.70%,10330,9.80%,13464,12.70%,42293,40.00%,24608,23.30%,4913,4.60%
E14001124,Brentford and Isleworth,8700,8.80%,10009,10.10%,12764,12.90%,45984,46.60%,17210,17.40%,4078,4.10%
E14001125,Brentwood and Ongar,8082,10.60%,12500,16.40%,13630,17.90%,26552,34.90%,13187,17.30%,2145,2.80%
E14001126,Bridgwater,9681,12.80%,12825,16.90%,14727,19.40%,19152,25.20%,16977,22.40%,2489,3.30%
E14001127,Bridlington and The Wolds,8419,11.60%,11410,15.70%,12897,17.70%,20400,28.00%,17317,23.80%,2384,3.30%
E14001128,Brigg and Immingham,8264,11.70%,11437,16.20%,13529,19.20%,19830,28.10%,15223,21.60%,2247,3.20%
E14001129,Brighton Kemptown and Peacehaven,7357,9.50%,9746,12.60%,15954,20.60%,28049,36.30%,14153,18.30%,2112,2.70%
E14001130,Brighton Pavilion,5047,5.80%,8600,10.00%,20428,23.70%,42349,49.10%,8132,9.40%,1772,2.10%
E14001131,Bristol Central,2450,3.00%,5146,6.20%,22745,27.50%,47221,57.10%,4047,4.90%,1155,1.40%
E14001132,Bristol East,8118,9.60%,10725,12.70%,14552,17.20%,33262,39.30%,15770,18.60%,2270,2.70%
E14001133,Bristol North East,8074,10.70%,10443,13.80%,14795,19.60%,25646,34.00%,14446,19.10%,2099,2.80%
E14001134,Bristol North West,6663,7.90%,9916,11.70%,15651,18.50%,37904,44.80%,12479,14.80%,1977,2.30%
E14001135,Bristol South,8172,10.30%,10658,13.40%,12794,16.10%,29506,37.10%,16399,20.60%,1976,2.50%
E14001136,Broadland and Fakenham,8686,11.90%,12407,17.00%,14139,19.40%,21463,29.50%,14056,19.30%,2119,2.90%
E14001137,Bromley and Biggin Hill,6745,9.00%,10706,14.30%,12246,16.30%,33203,44.30%,10165,13.60%,1943,2.60%
E14001138,Bromsgrove,7355,9.60%,11428,14.90%,13476,17.60%,29698,38.70%,12725,16.60%,2081,2.70%
E14001139,Broxbourne,10143,12.40%,12985,15.80%,14495,17.70%,24155,29.40%,17816,21.70%,2505,3.10%
E14001140,Broxtowe,7449,10.00%,9681,13.00%,14208,19.10%,27340,36.80%,13722,18.50%,1942,2.60%
E14001141,Buckingham and Bletchley,8929,11.30%,12217,15.40%,13597,17.20%,29007,36.60%,13213,16.70%,2273,2.90%
E14001142,Burnley,9488,11.70%,11865,14.60%,14342,17.70%,21320,26.30%,21437,26.40%,2665,3.30%
E14001143,Burton and Uttoxeter,9979,11.70%,13253,15.50%,15501,18.10%,24999,29.30%,18891,22.10%,2787,3.30%
E14001144,Bury North,8353,10.70%,12123,15.50%,13947,17.80%,25545,32.60%,15917,20.30%,2364,3.00%
E14001145,Bury South,7934,10.10%,12157,15.40%,13183,16.80%,27705,35.20%,15455,19.60%,2265,2.90%
E14001146,Bury St Edmunds and Stowmarket,9157,11.50%,12074,15.20%,14559,18.30%,26397,33.20%,14746,18.60%,2486,3.10%
E14001147,Calder Valley,7433,9.70%,11018,14.40%,14331,18.70%,29042,38.00%,12952,16.90%,1680,2.20%
E14001148,Camborne and Redruth,8151,10.70%,12335,16.20%,15753,20.70%,23824,31.30%,13930,18.30%,2020,2.70%
E14001149,Cambridge,5016,4.80%,7085,6.80%,20286,19.50%,59427,57.10%,9964,9.60%,2223,2.10%
E14001150,Cannock Chase,9826,12.70%,13079,16.90%,15521,20.00%,18748,24.20%,18134,23.40%,2181,2.80%
E14001151,Canterbury,6989,8.00%,10455,12.00%,21613,24.80%,33099,37.90%,12784,14.60%,2351,2.70%
E14001152,Carlisle,9086,11.50%,12470,15.80%,14939,18.90%,23260,29.40%,17222,21.80%,2159,2.70%
E14001153,Carshalton and Wallington,8166,10.30%,11208,14.20%,13097,16.60%,30856,39.10%,13289,16.80%,2309,2.90%
E14001154,Castle Point,10358,14.60%,12871,18.10%,12925,18.20%,14081,19.80%,18238,25.70%,2492,3.50%
E14001155,Central Devon,7626,10.40%,11279,15.40%,13134,17.90%,27256,37.20%,11997,16.40%,1906,2.60%
E14001156,Central Suffolk and North Ipswich,8155,11.20%,11579,15.90%,13720,18.90%,23198,31.90%,13877,19.10%,2135,2.90%
E14001157,Chatham and Aylesford,10193,13.00%,13623,17.40%,14710,18.80%,20421,26.10%,16783,21.50%,2476,3.20%
E14001158,Cheadle,6040,8.20%,10019,13.60%,11869,16.10%,34080,46.40%,9765,13.30%,1745,2.40%
E14001159,Chelmsford,8658,10.50%,12648,15.30%,14994,18.20%,31420,38.00%,12525,15.20%,2358,2.90%
E14001160,Chelsea and Fulham,4365,4.40%,7114,7.10%,13218,13.20%,61703,61.80%,10624,10.60%,2778,2.80%
E14001161,Cheltenham,6359,8.00%,10302,12.90%,13244,16.60%,37218,46.70%,10557,13.30%,1983,2.50%
E14001162,Chesham and Amersham,6016,7.90%,10004,13.20%,11387,15.00%,37476,49.40%,9324,12.30%,1696,2.20%
E14001163,Chester North and Neston,6437,8.50%,9699,12.80%,14863,19.60%,31390,41.40%,11637,15.30%,1834,2.40%
E14001164,Chester South and Eddisbury,6068,8.20%,10339,14.00%,12367,16.70%,33345,45.10%,10143,13.70%,1712,2.30%
E14001165,Chesterfield,8411,11.60%,11703,16.10%,13897,19.10%,21267,29.30%,15407,21.20%,1942,2.70%
E14001166,Chichester,8322,10.00%,12057,14.50%,15980,19.20%,29867,35.90%,14501,17.40%,2451,2.90%
E14001167,Chingford and Woodford Green,7822,9.20%,11010,12.90%,12881,15.10%,35035,41.10%,15853,18.60%,2622,3.10%
E14001168,Chippenham,8782,11.50%,12407,16.30%,15087,19.80%,26685,35.00%,11314,14.80%,1965,2.60%
E14001169,Chipping Barnet,6465,7.40%,9756,11.20%,11775,13.50%,43856,50.30%,12824,14.70%,2465,2.80%
E14001170,Chorley,7682,10.00%,11553,15.10%,14823,19.30%,27564,36.00%,13188,17.20%,1799,2.30%
E14001171,Christchurch,8120,11.60%,11344,16.20%,12581,17.90%,22272,31.80%,13307,19.00%,2490,3.60%
E14001172,Cities of London and Westminster,4300,4.10%,6414,6.20%,12947,12.40%,66167,63.50%,11123,10.70%,3304,3.20%
E14001173,City of Durham,6118,7.50%,9886,12.10%,22302,27.20%,28224,34.40%,13607,16.60%,1880,2.30%
E14001174,Clacton,10839,14.00%,12435,16.00%,12287,15.80%,15142,19.50%,24154,31.10%,2804,3.60%
E14001175,Clapham and Brixton Hill,4972,5.60%,6395,7.20%,10068,11.40%,54524,61.60%,10656,12.00%,1848,2.10%
E14001176,Colchester,9311,10.70%,13417,15.40%,17708,20.40%,30397,34.90%,13801,15.90%,2360,2.70%
E14001177,Colne Valley,6460,9.10%,9577,13.50%,13617,19.20%,28274,39.90%,11256,15.90%,1628,2.30%
E14001178,Congleton,6308,9.00%,10243,14.70%,13253,19.00%,27872,39.90%,10595,15.20%,1642,2.30%
E14001179,Corby and East Northamptonshire,10797,12.30%,14231,16.20%,15456,17.60%,25072,28.60%,19121,21.80%,2939,3.40%
E14001180,Coventry East,10522,12.20%,12600,14.60%,13797,16.00%,23868,27.70%,22098,25.60%,3268,3.80%
E14001181,Coventry North West,9099,11.20%,11533,14.20%,15448,19.00%,25625,31.50%,16758,20.60%,2794,3.40%
E14001182,Coventry South,7921,8.30%,10785,11.30%,23280,24.50%,35198,37.00%,14815,15.60%,3179,3.30%
E14001183,Cramlington and Killingworth,8190,11.10%,11997,16.20%,14785,20.00%,23084,31.20%,13911,18.80%,1974,2.70%
E14001184,Crawley,12423,14.00%,15256,17.20%,15358,17.30%,25773,29.10%,16682,18.80%,3180,3.60%
E14001185,Crewe and Nantwich,9166,11.00%,12658,15.20%,15191,18.30%,26215,31.60%,17280,20.80%,2516,3.00%
E14001186,Croydon East,8850,10.60%,11775,14.10%,13257,15.80%,31927,38.10%,15410,18.40%,2470,3.00%
E14001187,Croydon South,6436,8.20%,10286,13.20%,12298,15.70%,37377,47.80%,9783,12.50%,2010,2.60%
E14001188,Croydon West,9079,9.80%,11115,12.00%,13539,14.70%,38029,41.20%,17238,18.70%,3267,3.50%
E14001189,Dagenham and Rainham,10048,11.60%,12479,14.40%,13069,15.00%,27195,31.30%,20971,24.10%,3081,3.50%
E14001190,Darlington,7608,10.30%,11532,15.60%,14589,19.80%,22204,30.10%,15795,21.40%,2051,2.80%
E14001191,Dartford,9281,11.70%,12821,16.10%,13985,17.60%,27667,34.70%,13570,17.00%,2332,2.90%
E14001192,Daventry,9296,11.40%,12828,15.70%,14821,18.10%,29323,35.90%,13214,16.20%,2180,2.70%
E14001193,Derby North,7924,10.00%,10970,13.80%,16232,20.50%,27550,34.80%,14380,18.10%,2193,2.80%
E14001194,Derby South,10569,12.20%,12305,14.20%,13968,16.10%,23361,27.00%,22961,26.50%,3359,3.90%
E14001195,Derbyshire Dales,6569,9.20%,10150,14.20%,12236,17.10%,29507,41.20%,11471,16.00%,1637,2.30%
E14001196,Dewsbury and Batley,8857,11.70%,11493,15.20%,12682,16.80%,17986,23.80%,22173,29.30%,2483,3.30%
E14001197,Didcot and Wantage,7881,9.70%,10843,13.40%,13991,17.30%,35490,43.80%,10899,13.50%,1893,2.30%
E14001198,Doncaster Central,10418,12.20%,12971,15.20%,14505,17.00%,22332,26.20%,22128,25.90%,3006,3.50%
E14001199,Doncaster East and the Isle of Axholme,8380,11.60%,11998,16.60%,13784,19.10%,19189,26.60%,16610,23.00%,2108,2.90%
E14001200,Doncaster North,9194,12.60%,12251,16.80%,13190,18.00%,16488,22.60%,19931,27.30%,2036,2.80%
E14001201,Dorking and Horley,7197,9.80%,11111,15.10%,12556,17.10%,30489,41.50%,10054,13.70%,1990,2.70%
E14001202,Dover and Deal,9657,12.10%,13283,16.70%,15321,19.20%,21982,27.60%,16860,21.20%,2600,3.30%
E14001203,Droitwich and Evesham,8878,11.10%,11805,14.80%,14213,17.80%,27067,33.90%,15501,19.40%,2440,3.10%
E14001204,Dudley,9026,12.00%,11819,15.70%,13221,17.50%,18242,24.20%,20715,27.50%,2389,3.20%
E14001205,Dulwich and West Norwood,5304,6.30%,7502,8.90%,10164,12.00%,48889,57.80%,10974,13.00%,1765,2.10%
E14001206,Dunstable and Leighton Buzzard,9760,12.10%,12689,15.70%,15111,18.70%,26557,32.80%,14390,17.80%,2475,3.10%
E14001207,Ealing Central and Acton,6063,5.70%,8331,7.80%,14257,13.40%,60240,56.50%,14194,13.30%,3586,3.40%
E14001208,Ealing North,9170,9.50%,10853,11.20%,13750,14.20%,39481,40.80%,19491,20.10%,4035,4.20%
E14001209,Ealing Southall,9633,10.00%,9628,10.00%,11943,12.40%,38327,39.70%,21791,22.60%,5149,5.30%
E14001210,Earley and Woodley,7575,9.40%,10330,12.80%,14985,18.60%,34049,42.30%,11405,14.20%,2132,2.60%
E14001211,Easington,8106,11.30%,11751,16.40%,13589,19.00%,16201,22.60%,19983,27.90%,1991,2.80%
E14001212,East Grinstead and Uckfield,7661,10.30%,12016,16.10%,14533,19.50%,28459,38.20%,9739,13.10%,2008,2.70%
E14001213,East Ham,10526,11.00%,10927,11.40%,13106,13.70%,33355,34.80%,23851,24.90%,4182,4.40%
E14001214,East Hampshire,6368,8.90%,10869,15.10%,13238,18.40%,30226,42.00%,9513,13.20%,1704,2.40%
E14001215,East Surrey,7567,10.00%,12053,15.90%,13781,18.10%,29679,39.00%,10995,14.50%,1965,2.60%
E14001216,East Thanet,10008,12.50%,12295,15.30%,14106,17.60%,22701,28.30%,18560,23.10%,2637,3.30%
E14001217,East Wiltshire,8020,10.50%,12620,16.50%,15669,20.50%,26890,35.20%,11290,14.80%,1856,2.40%
E14001218,East Worthing and Shoreham,8966,11.70%,12315,16.00%,14383,18.70%,24349,31.70%,14643,19.00%,2224,2.90%
E14001219,Eastbourne,9379,11.80%,12393,15.50%,14436,18.10%,25210,31.60%,15567,19.50%,2781,3.50%
E14001220,Eastleigh,7730,10.90%,11041,15.60%,13990,19.70%,25961,36.60%,10356,14.60%,1909,2.70%
E14001221,Edmonton and Winchmore Hill,9920,10.50%,11023,11.60%,13223,14.00%,32901,34.70%,24390,25.70%,3317,3.50%
E14001222,Ellesmere Port and Bromborough,8488,11.70%,11969,16.50%,14900,20.50%,21003,28.90%,14272,19.70%,1933,2.70%
E14001223,Eltham and Chislehurst,7708,9.20%,10817,12.90%,12533,14.90%,35124,41.70%,15625,18.60%,2341,2.80%
E14001224,Ely and East Cambridgeshire,8068,10.00%,11204,13.90%,13707,17.00%,31838,39.40%,13825,17.10%,2190,2.70%
E14001225,Enfield North,9559,10.30%,11853,12.70%,13618,14.60%,32869,35.30%,22328,24.00%,2962,3.20%
E14001226,Epping Forest,8367,10.60%,11802,14.90%,13102,16.50%,28538,36.00%,15274,19.30%,2215,2.80%
E14001227,Epsom and Ewell,6905,8.30%,11045,13.30%,13428,16.20%,38554,46.40%,10870,13.10%,2237,2.70%
E14001228,Erewash,9059,12.50%,12000,16.50%,14349,19.70%,19216,26.40%,16134,22.20%,1985,2.70%
E14001229,Erith and Thamesmead,10364,10.40%,12374,12.50%,14276,14.40%,38366,38.60%,20624,20.80%,3354,3.40%
E14001230,Esher and Walton,5386,6.90%,9286,11.90%,11138,14.30%,41467,53.40%,8716,11.20%,1717,2.20%
E14001231,Exeter,6728,8.00%,9369,11.20%,23976,28.60%,30077,35.90%,11700,13.90%,2031,2.40%
E14001232,Exmouth and Exeter East,8074,10.40%,12273,15.80%,14429,18.60%,28941,37.30%,11696,15.10%,2089,2.70%
E14001233,Fareham and Waterlooville,8755,11.40%,12144,15.80%,15760,20.50%,24432,31.70%,13605,17.70%,2351,3.10%
E14001234,Farnham and Bordon,6517,8.40%,10913,14.00%,13612,17.50%,34805,44.80%,9913,12.80%,1944,2.50%
E14001235,Faversham and Mid Kent,8797,11.70%,12235,16.30%,13702,18.30%,23181,30.90%,14913,19.90%,2173,2.90%
E14001236,Feltham and Heston,12230,12.20%,11877,11.90%,13030,13.00%,34121,34.00%,23808,23.80%,5159,5.10%
E14001237,Filton and Bradley Stoke,7682,9.30%,11288,13.70%,18382,22.30%,32536,39.60%,10267,12.50%,2092,2.50%
E14001238,Finchley and Golders Green,5981,6.10%,9403,9.70%,11521,11.80%,53056,54.50%,14383,14.80%,3033,3.10%
E14001239,Folkestone and Hythe,9055,12.60%,11290,15.70%,13040,18.20%,20483,28.50%,15467,21.50%,2448,3.40%
E14001240,Forest of Dean,7983,11.10%,11983,16.70%,13530,18.80%,22527,31.30%,13879,19.30%,2021,2.80%
E14001241,Frome and East Somerset,7414,10.50%,11196,15.90%,13490,19.10%,24542,34.80%,12101,17.20%,1734,2.50%
E14001242,Fylde,7565,9.90%,11414,14.90%,14262,18.60%,28368,37.00%,13010,17.00%,2093,2.70%
E14001243,Gainsborough,8194,11.10%,11616,15.70%,14323,19.40%,23191,31.40%,14326,19.40%,2107,2.90%
E14001244,Gateshead Central and Whickham,7734,10.30%,10746,14.30%,13491,17.90%,24117,32.00%,17081,22.70%,2088,2.80%
E14001245,Gedling,8067,10.40%,11539,14.80%,15276,19.60%,26193,33.60%,14752,18.90%,2099,2.70%
E14001246,Gillingham and Rainham,10048,13.10%,13034,17.00%,15227,19.80%,20720,27.00%,15342,20.00%,2476,3.20%
E14001247,Glastonbury and Somerton,7471,10.40%,11674,16.20%,13973,19.40%,24786,34.40%,12164,16.90%,2028,2.80%
E14001248,Gloucester,10947,12.40%,14241,16.20%,17314,19.70%,25215,28.60%,17702,20.10%,2659,3.00%
E14001249,Godalming and Ash,6201,8.30%,10378,13.90%,12081,16.10%,34600,46.20%,9761,13.00%,1892,2.50%
E14001250,Goole and Pocklington,8504,10.60%,12383,15.40%,14828,18.50%,27641,34.40%,14619,18.20%,2283,2.80%
E14001251,Gorton and Denton,9068,11.10%,11762,14.30%,13155,16.00%,23831,29.00%,21303,26.00%,2943,3.60%
E14001252,Gosport,9578,12.90%,12353,16.60%,15606,21.00%,20987,28.30%,13462,18.10%,2261,3.00%
E14001253,Grantham and Bourne,8828,11.70%,12433,16.40%,14715,19.40%,22960,30.30%,14582,19.20%,2242,3.00%
E14001254,Gravesham,10086,12.70%,12846,16.10%,13962,17.50%,22572,28.40%,17186,21.60%,2948,3.70%
E14001255,Great Grimsby and Cleethorpes,11134,13.80%,14271,17.70%,13441,16.60%,16860,20.90%,22562,27.90%,2579,3.20%
E14001256,Great Yarmouth,10744,14.00%,12935,16.90%,13209,17.20%,15091,19.70%,21926,28.60%,2843,3.70%
E14001257,Greenwich and Woolwich,5799,6.20%,8037,8.70%,11644,12.50%,52810,56.90%,12301,13.20%,2274,2.40%
E14001258,Guildford,5501,6.70%,8775,10.70%,17520,21.40%,39097,47.80%,9014,11.00%,1926,2.40%
E14001259,Hackney North and Stoke Newington,5866,6.70%,8263,9.40%,10265,11.70%,43925,50.10%,16905,19.30%,2525,2.90%
E14001260,Hackney South and Shoreditch,5464,5.90%,7423,8.00%,11265,12.20%,51552,55.80%,14459,15.60%,2300,2.50%
E14001261,Halesowen,8297,11.50%,11539,16.00%,13346,18.50%,19058,26.40%,17607,24.40%,2208,3.10%
E14001262,Halifax,8878,11.10%,12333,15.50%,14765,18.50%,22378,28.10%,19013,23.90%,2286,2.90%
E14001263,Hamble Valley,7739,9.90%,12500,16.10%,16285,20.90%,29481,37.90%,10003,12.80%,1842,2.40%
E14001264,Hammersmith and Chiswick,4989,5.20%,7469,7.80%,12002,12.60%,56891,59.80%,11129,11.70%,2706,2.80%
E14001265,Hampstead and Highgate,4121,4.30%,6575,6.90%,9995,10.40%,63062,65.80%,9763,10.20%,2328,2.40%
E14001266,"Harborough, Oadby and Wigston",7718,9.80%,10847,13.80%,14744,18.80%,29403,37.50%,13560,17.30%,2153,2.70%
E14001267,Harlow,11366,13.70%,13958,16.80%,14694,17.70%,22421,27.00%,17925,21.60%,2610,3.10%
E14001268,Harpenden and Berkhamsted,5115,7.10%,9182,12.70%,10262,14.20%,38804,53.70%,7389,10.20%,1475,2.00%
E14001269,Harrogate and Knaresborough,6956,8.70%,11635,14.60%,13387,16.80%,34426,43.10%,11349,14.20%,2055,2.60%
E14001270,Harrow East,8417,9.00%,10263,11.00%,11767,12.60%,39153,42.10%,20077,21.60%,3383,3.60%
E14001271,Harrow West,7929,8.50%,9949,10.60%,12643,13.50%,43673,46.70%,16081,17.20%,3191,3.40%
E14001272,Hartlepool,7076,10.20%,10963,15.80%,13776,19.80%,18526,26.70%,17286,24.90%,1854,2.70%
E14001273,Harwich and North Essex,9240,12.00%,12430,16.20%,15335,20.00%,22746,29.60%,14686,19.10%,2297,3.00%
E14001274,Hastings and Rye,9714,11.80%,12977,15.80%,14575,17.70%,24851,30.20%,17598,21.40%,2490,3.00%
E14001275,Havant,8851,12.10%,11987,16.30%,13664,18.60%,20890,28.50%,15920,21.70%,2108,2.90%
E14001276,Hayes and Harlington,11287,12.10%,11392,12.20%,12851,13.70%,31283,33.50%,22147,23.70%,4519,4.80%
E14001277,Hazel Grove,7572,10.50%,11233,15.60%,13346,18.50%,25935,36.00%,12241,17.00%,1806,2.50%
E14001278,Hemel Hempstead,9301,11.90%,12235,15.70%,13699,17.60%,27066,34.80%,13393,17.20%,2173,2.80%
E14001279,Hendon,7776,7.80%,9967,9.90%,13256,13.20%,47393,47.30%,18109,18.10%,3787,3.80%
E14001280,Henley and Thame,6306,8.50%,9881,13.30%,12068,16.20%,34971,47.00%,9507,12.80%,1730,2.30%
E14001281,Hereford and South Herefordshire,7993,10.60%,11483,15.20%,13628,18.10%,24727,32.80%,15152,20.10%,2335,3.10%
E14001282,Herne Bay and Sandwich,9264,11.90%,12117,15.60%,14299,18.40%,22440,28.90%,17047,21.90%,2569,3.30%
E14001283,Hertford and Stortford,7801,9.60%,11837,14.60%,14133,17.40%,34098,42.00%,11384,14.00%,2015,2.50%
E14001284,Hertsmere,7843,9.70%,11309,13.90%,12562,15.50%,33329,41.10%,13734,16.90%,2343,2.90%
E14001285,Hexham,6454,8.80%,10128,13.90%,12653,17.30%,30411,41.70%,11489,15.70%,1841,2.50%
E14001286,Heywood and Middleton North,8384,11.30%,11367,15.40%,13340,18.00%,20795,28.10%,17893,24.20%,2137,2.90%
E14001287,High Peak,7063,9.90%,10412,14.60%,13751,19.30%,26922,37.90%,11307,15.90%,1627,2.30%
E14001288,Hinckley and Bosworth,8837,11.60%,11790,15.50%,14685,19.20%,23955,31.40%,15010,19.70%,2025,2.70%
E14001289,Hitchin,7127,9.50%,10815,14.40%,13407,17.90%,31917,42.50%,10127,13.50%,1637,2.20%
E14001290,Holborn and St Pancras,5193,5.80%,6916,7.70%,16164,18.10%,46498,52.10%,11925,13.40%,2543,2.80%
E14001291,Honiton and Sidmouth,8008,11.00%,11645,16.00%,13142,18.10%,25234,34.70%,12524,17.20%,2219,3.00%
E14001292,Hornchurch and Upminster,9579,11.70%,13191,16.10%,14325,17.50%,25317,30.90%,17057,20.80%,2527,3.10%
E14001293,Hornsey and Friern Barnet,4188,5.10%,6674,8.10%,9324,11.30%,50911,61.60%,9650,11.70%,1953,2.40%
E14001294,Horsham,8025,10.00%,13250,16.50%,15648,19.50%,31439,39.10%,10019,12.50%,2065,2.60%
E14001295,Houghton and Sunderland South,9194,12.10%,12381,16.20%,14261,18.70%,19041,25.00%,19336,25.40%,2056,2.70%
E14001296,Hove and Portslade,6378,7.80%,9570,11.80%,13305,16.40%,39343,48.40%,10761,13.20%,2007,2.50%
E14001297,Huddersfield,8737,10.40%,10947,13.00%,15589,18.50%,26932,32.00%,19378,23.00%,2606,3.10%
E14001298,Huntingdon,9130,10.90%,12649,15.10%,15423,18.40%,31060,37.00%,13453,16.00%,2294,2.70%
E14001299,Hyndburn,7803,11.20%,10664,15.30%,13226,19.00%,19142,27.50%,16861,24.20%,1925,2.80%
E14001300,Ilford North,8356,9.10%,10793,11.80%,12793,14.00%,39412,43.10%,16678,18.30%,3323,3.60%
E14001301,Ilford South,9380,9.80%,11281,11.80%,13779,14.50%,36955,38.80%,19761,20.70%,4106,4.30%
E14001302,Ipswich,10846,12.60%,13027,15.10%,14924,17.30%,25182,29.10%,19542,22.60%,2885,3.30%
E14001303,Isle of Wight East,6892,12.40%,8656,15.60%,10454,18.90%,15724,28.40%,11822,21.40%,1820,3.30%
E14001304,Isle of Wight West,6463,11.70%,8845,16.00%,10989,19.90%,17059,30.90%,10242,18.50%,1693,3.10%
E14001305,Islington North,5217,5.80%,6613,7.30%,10657,11.80%,53072,58.90%,12545,13.90%,2020,2.20%
E14001306,Islington South and Finsbury,5397,5.60%,7022,7.30%,12441,12.80%,55728,57.50%,13674,14.10%,2578,2.70%
E14001307,Jarrow and Gateshead East,8114,11.50%,11222,16.00%,13909,19.80%,18082,25.70%,17127,24.40%,1829,2.60%
E14001308,Keighley and Ilkley,7696,10.30%,10922,14.60%,13311,17.70%,25546,34.10%,15612,20.80%,1907,2.50%
E14001309,Kenilworth and Southam,5950,8.00%,9497,12.80%,13894,18.70%,33963,45.70%,9252,12.50%,1689,2.30%
E14001310,Kensington and Bayswater,5058,4.50%,7765,6.90%,14098,12.50%,69414,61.70%,12632,11.20%,3516,3.10%
E14001311,Kettering,10219,12.30%,13857,16.70%,15007,18.10%,25147,30.30%,16242,19.60%,2603,3.10%
E14001312,Kingston and Surbiton,6309,7.00%,9372,10.40%,14455,16.00%,46175,51.10%,11551,12.80%,2466,2.70%
E14001313,Kingston upon Hull East,9999,13.20%,12435,16.40%,13786,18.20%,15218,20.00%,21999,29.00%,2498,3.30%
E14001314,Kingston upon Hull North and Cottingham,9443,10.80%,11916,13.60%,17571,20.10%,25061,28.60%,20611,23.50%,3031,3.50%
E14001315,Kingston upon Hull West and Haltemprice,9148,11.50%,12135,15.20%,14645,18.40%,22000,27.60%,18971,23.80%,2770,3.50%
E14001316,Kingswinford and South Staffordshire,7365,10.50%,10645,15.20%,13296,19.00%,22651,32.40%,13923,19.90%,2057,2.90%
E14001317,Knowsley,8069,11.40%,10688,15.10%,12778,18.00%,16955,23.90%,20819,29.30%,1636,2.30%
E14001318,Lancaster and Wyre,6180,7.90%,9544,12.30%,19840,25.50%,28138,36.20%,12228,15.70%,1845,2.40%
E14001319,Leeds Central and Headingley,4148,4.50%,6396,6.90%,33918,36.60%,37079,40.00%,9374,10.10%,1734,1.90%
E14001320,Leeds East,9984,12.10%,11943,14.50%,13652,16.60%,22883,27.80%,21300,25.90%,2625,3.20%
E14001321,Leeds North East,5871,7.90%,8181,11.00%,10150,13.70%,37056,49.90%,11310,15.20%,1638,2.20%
E14001322,Leeds North West,6083,8.50%,9317,13.10%,11800,16.60%,32493,45.60%,9978,14.00%,1588,2.20%
E14001323,Leeds South,10851,11.90%,11901,13.10%,13422,14.70%,27471,30.20%,24347,26.80%,3011,3.30%
E14001324,Leeds South West and Morley,8247,11.40%,11371,15.70%,13753,19.00%,21982,30.30%,15278,21.10%,1901,2.60%
E14001325,Leeds West and Pudsey,8588,11.30%,10731,14.20%,13136,17.40%,24938,32.90%,16361,21.60%,1942,2.60%
E14001326,Leicester East,11731,12.50%,11469,12.20%,11077,11.80%,22462,23.90%,32120,34.20%,5104,5.40%
E14001327,Leicester South,8594,9.20%,10302,11.00%,20020,21.40%,29593,31.70%,21335,22.90%,3518,3.80%
E14001328,Leicester West,10829,11.70%,12183,13.10%,15763,17.00%,25845,27.90%,24237,26.20%,3810,4.10%
E14001329,Leigh and Atherton,9575,11.70%,13588,16.60%,15910,19.40%,22209,27.10%,18470,22.50%,2225,2.70%
E14001330,Lewes,8092,10.70%,11396,15.10%,13172,17.50%,27764,36.90%,12626,16.80%,2239,3.00%
E14001331,Lewisham East,8063,9.00%,10332,11.60%,12526,14.00%,39490,44.20%,16276,18.20%,2707,3.00%
E14001332,Lewisham North,6137,6.50%,8149,8.60%,12628,13.40%,52625,55.70%,12546,13.30%,2357,2.50%
E14001333,Lewisham West and East Dulwich,4810,6.20%,6839,8.80%,9201,11.90%,45813,59.10%,9337,12.00%,1564,2.00%
E14001334,Leyton and Wanstead,7414,8.10%,9308,10.20%,11814,12.90%,44704,48.80%,15266,16.70%,3148,3.40%
E14001335,Lichfield,7913,10.50%,11087,14.70%,13830,18.30%,27311,36.20%,13380,17.70%,2019,2.70%
E14001336,Lincoln,9447,10.20%,12741,13.70%,24848,26.80%,26439,28.50%,16641,18.00%,2547,2.70%
E14001337,Liverpool Garston,6993,9.60%,9697,13.30%,11930,16.40%,26278,36.10%,16342,22.50%,1534,2.10%
E14001338,Liverpool Riverside,7178,7.30%,8959,9.10%,25187,25.70%,31990,32.70%,21982,22.40%,2675,2.70%
E14001339,Liverpool Walton,8944,11.60%,11780,15.30%,14011,18.20%,18689,24.20%,21788,28.30%,1895,2.50%
E14001340,Liverpool Wavertree,6011,7.20%,8069,9.60%,20255,24.20%,32096,38.30%,15565,18.60%,1763,2.10%
E14001341,Liverpool West Derby,8092,10.80%,10784,14.40%,13478,18.00%,20783,27.80%,19783,26.50%,1858,2.50%
E14001342,Loughborough,6936,8.60%,9622,11.90%,21807,27.00%,28091,34.80%,12206,15.10%,2025,2.50%
E14001343,Louth and Horncastle,9180,12.00%,12541,16.40%,14295,18.70%,19610,25.60%,18401,24.10%,2478,3.20%
E14001344,Lowestoft,9565,13.20%,12273,16.90%,13829,19.10%,16425,22.60%,18075,24.90%,2377,3.30%
E14001345,Luton North,10050,11.90%,11800,14.00%,13144,15.60%,26525,31.50%,19391,23.00%,3281,3.90%
E14001346,Luton South and South Bedfordshire,10822,11.90%,11792,12.90%,13683,15.00%,28730,31.50%,22188,24.30%,3913,4.30%
E14001347,Macclesfield,6526,8.70%,10705,14.20%,13170,17.50%,32372,43.00%,10883,14.40%,1694,2.20%
E14001348,Maidenhead,6785,8.40%,10513,13.10%,13057,16.30%,37373,46.50%,10500,13.10%,2076,2.60%
E14001349,Maidstone and Malling,9420,11.50%,13134,16.00%,15535,18.90%,27122,33.00%,14391,17.50%,2591,3.20%
E14001350,Makerfield,8713,11.10%,13431,17.20%,15274,19.50%,20865,26.70%,17831,22.80%,2070,2.60%
E14001351,Maldon,9925,12.70%,13674,17.50%,14807,19.00%,21978,28.20%,15358,19.70%,2300,2.90%
E14001352,Manchester Central,7572,7.80%,10155,10.50%,16189,16.80%,40914,42.40%,18996,19.70%,2715,2.80%
E14001353,Manchester Rusholme,5695,6.40%,7328,8.20%,25346,28.50%,33627,37.80%,14594,16.40%,2353,2.60%
E14001354,Manchester Withington,3658,4.90%,5697,7.60%,14511,19.20%,41938,55.60%,8300,11.00%,1317,1.70%
E14001355,Mansfield,10107,12.60%,12628,15.70%,15126,18.80%,18864,23.50%,20944,26.00%,2732,3.40%
E14001356,Melksham and Devizes,7893,10.80%,11445,15.70%,13698,18.80%,26924,36.90%,11082,15.20%,1906,2.60%
E14001357,Melton and Syston,8094,11.20%,11193,15.50%,13972,19.30%,23395,32.30%,13777,19.00%,1971,2.70%
E14001358,Meriden and Solihull East,7695,10.10%,11551,15.20%,12602,16.50%,27789,36.50%,14513,19.10%,1996,2.60%
E14001359,Mid Bedfordshire,7432,9.90%,11371,15.10%,14719,19.60%,29423,39.20%,10378,13.80%,1799,2.40%
E14001360,Mid Buckinghamshire,6473,8.60%,10855,14.50%,12976,17.30%,34072,45.40%,9074,12.10%,1648,2.20%
E14001361,Mid Cheshire,8210,11.40%,11405,15.80%,14195,19.70%,23238,32.20%,13322,18.50%,1737,2.40%
E14001362,Mid Derbyshire,6552,9.60%,9801,14.40%,12982,19.00%,26329,38.60%,10887,16.00%,1649,2.40%
E14001363,Mid Dorset and North Poole,8461,11.50%,12294,16.70%,14296,19.40%,24870,33.70%,11772,16.00%,2108,2.90%
E14001364,Mid Leicestershire,8079,10.40%,11302,14.60%,14480,18.70%,27279,35.20%,14200,18.30%,2061,2.70%
E14001365,Mid Norfolk,9298,12.40%,12801,17.10%,14071,18.80%,19744,26.30%,16678,22.20%,2451,3.30%
E14001366,Mid Sussex,7019,9.30%,11666,15.40%,14022,18.50%,31985,42.30%,8967,11.90%,1941,2.60%
E14001367,Middlesbrough and Thornaby East,8998,11.00%,11938,14.50%,14922,18.20%,21453,26.10%,22352,27.20%,2406,2.90%
E14001368,Middlesbrough South and East Cleveland,7056,10.10%,10354,14.80%,14129,20.10%,20855,29.70%,15816,22.60%,1917,2.70%
E14001369,Milton Keynes Central,10117,10.80%,13606,14.50%,14775,15.70%,38035,40.40%,14660,15.60%,2891,3.10%
E14001370,Milton Keynes North,8505,11.30%,11419,15.20%,12920,17.20%,27961,37.20%,12153,16.20%,2112,2.80%
E14001371,Mitcham and Morden,9082,9.60%,10850,11.40%,13871,14.60%,39722,41.80%,17988,18.90%,3508,3.70%
E14001372,Morecambe and Lunesdale,7785,10.20%,11560,15.20%,14765,19.40%,26073,34.20%,13952,18.30%,2157,2.80%
E14001373,New Forest East,8081,11.50%,11343,16.20%,14136,20.10%,22425,32.00%,12066,17.20%,2135,3.00%
E14001374,New Forest West,7195,10.60%,10659,15.60%,12233,17.90%,23955,35.10%,11885,17.40%,2235,3.30%
E14001375,Newark,8547,10.40%,12208,14.90%,15550,18.90%,28511,34.70%,14936,18.20%,2311,2.80%
E14001376,Newbury,8055,10.70%,11387,15.20%,13408,17.90%,28575,38.10%,11725,15.60%,1899,2.50%
E14001377,Newcastle upon Tyne Central and West,9875,9.90%,11821,11.80%,21285,21.30%,29412,29.40%,24614,24.60%,3007,3.00%
E14001378,Newcastle upon Tyne East and Wallsend,8531,9.50%,11778,13.10%,19521,21.70%,28845,32.00%,19203,21.30%,2247,2.50%
E14001379,Newcastle upon Tyne North,5643,6.60%,8719,10.10%,19478,22.70%,39398,45.80%,11059,12.90%,1643,1.90%
E14001380,Newcastle-under-Lyme,7249,10.00%,10386,14.30%,15769,21.70%,22137,30.50%,15194,21.00%,1788,2.50%
E14001381,Newton Abbot,8355,11.40%,11987,16.30%,14027,19.10%,23987,32.70%,12731,17.40%,2229,3.00%
E14001382,Newton Aycliffe and Spennymoor,7749,10.60%,11465,15.70%,14899,20.40%,20222,27.70%,16633,22.80%,1913,2.60%
E14001383,Normanton and Hemsworth,9014,11.50%,12630,16.10%,13612,17.30%,18409,23.50%,22507,28.70%,2285,2.90%
E14001384,North Bedfordshire,8271,10.40%,12432,15.70%,15115,19.10%,30142,38.00%,11519,14.50%,1860,2.30%
E14001385,North Cornwall,9200,12.00%,13161,17.10%,14820,19.30%,23046,29.90%,14499,18.80%,2243,2.90%
E14001386,North Cotswolds,6628,9.10%,10764,14.80%,12845,17.70%,30318,41.80%,10066,13.90%,1886,2.60%
E14001387,North Devon,9099,11.90%,12743,16.60%,14604,19.10%,23458,30.60%,14596,19.00%,2137,2.80%
E14001388,North Dorset,8090,11.10%,12207,16.80%,14269,19.60%,24133,33.10%,12009,16.50%,2165,3.00%
E14001389,North Durham,8205,11.20%,11752,16.00%,14420,19.70%,20695,28.20%,16306,22.20%,1956,2.70%
E14001390,North East Cambridgeshire,10947,13.80%,13346,16.90%,13842,17.50%,16152,20.40%,21889,27.70%,2924,3.70%
E14001391,North East Derbyshire,8272,11.50%,11254,15.70%,13948,19.40%,21307,29.60%,15186,21.10%,1904,2.60%
E14001392,North East Hampshire,6653,8.50%,11201,14.40%,14338,18.40%,35264,45.30%,8563,11.00%,1800,2.30%
E14001393,North East Hertfordshire,8417,10.60%,11872,15.00%,13656,17.20%,31142,39.30%,12121,15.30%,1993,2.50%
E14001394,North East Somerset and Hanham,7655,10.40%,11601,15.80%,15314,20.90%,25386,34.60%,11654,15.90%,1807,2.50%
E14001395,North Herefordshire,6989,9.60%,10701,14.70%,12945,17.80%,26693,36.80%,13164,18.10%,2066,2.80%
E14001396,North Norfolk,8679,12.40%,11497,16.40%,12053,17.20%,20192,28.80%,15399,21.90%,2382,3.40%
E14001397,North Northumberland,7393,10.10%,10910,15.00%,13078,17.90%,25703,35.30%,13747,18.90%,2080,2.90%
E14001398,North Shropshire,8625,10.90%,13065,16.50%,14843,18.80%,25214,31.90%,14983,19.00%,2268,2.90%
E14001399,North Somerset,6820,9.30%,10917,14.90%,13298,18.10%,30690,41.90%,9688,13.20%,1857,2.50%
E14001400,North Warwickshire and Bedworth,9166,12.70%,11778,16.30%,13269,18.40%,18148,25.10%,17751,24.60%,2081,2.90%
E14001401,North West Cambridgeshire,10061,11.80%,13697,16.10%,15848,18.70%,26970,31.80%,15685,18.50%,2679,3.20%
E14001402,North West Essex,8024,10.10%,12891,16.20%,14682,18.40%,30416,38.20%,11799,14.80%,1878,2.40%
E14001403,North West Hampshire,9065,11.00%,12999,15.80%,16339,19.80%,29534,35.90%,12225,14.90%,2154,2.60%
E14001404,North West Leicestershire,8095,10.60%,11520,15.10%,15367,20.10%,24361,31.90%,15099,19.80%,1985,2.60%
E14001405,North West Norfolk,10586,13.10%,13014,16.10%,13733,17.00%,20245,25.10%,20228,25.10%,2856,3.50%
E14001406,Northampton North,11830,12.20%,13781,14.20%,16284,16.80%,28476,29.40%,22633,23.40%,3866,4.00%
E14001407,Northampton South,9677,11.70%,12655,15.30%,14688,17.80%,27545,33.40%,15253,18.50%,2706,3.30%
E14001408,Norwich North,9469,12.40%,12345,16.20%,14076,18.40%,21806,28.60%,16333,21.40%,2338,3.10%
E14001409,Norwich South,7540,8.80%,9887,11.50%,20214,23.50%,32545,37.80%,13852,16.10%,2131,2.50%
E14001410,Nottingham East,7804,8.00%,10175,10.40%,25463,26.00%,34343,35.10%,17446,17.80%,2749,2.80%
E14001411,Nottingham North and Kimberley,9680,12.20%,12403,15.60%,13552,17.00%,20402,25.70%,20992,26.40%,2481,3.10%
E14001412,Nottingham South,6922,7.80%,9071,10.20%,29781,33.60%,25228,28.50%,15475,17.50%,2182,2.50%
E14001413,Nuneaton,9414,12.50%,12070,16.00%,13799,18.30%,20484,27.20%,17511,23.20%,2156,2.90%
E14001414,Old Bexley and Sidcup,8846,11.40%,12374,16.00%,14498,18.70%,25367,32.70%,14102,18.20%,2364,3.00%
E14001415,Oldham East and Saddleworth,8839,11.20%,11505,14.60%,13922,17.70%,22564,28.70%,19422,24.70%,2451,3.10%
E14001416,"Oldham West, Chadderton and Royton",9899,12.30%,11860,14.80%,13716,17.10%,19449,24.30%,22804,28.40%,2439,3.00%
E14001417,Orpington,7750,10.40%,11408,15.20%,11866,15.90%,29179,39.00%,12512,16.70%,2119,2.80%
E14001418,Ossett and Denby Dale,7274,10.10%,10777,15.00%,13457,18.70%,24542,34.20%,13848,19.30%,1909,2.70%
E14001419,Oxford East,7407,7.90%,8471,9.00%,16280,17.30%,44122,46.90%,15268,16.20%,2546,2.70%
E14001420,Oxford West and Abingdon,5072,5.80%,7787,9.00%,19010,21.90%,44640,51.40%,8508,9.80%,1813,2.10%
E14001421,Peckham,6506,7.50%,7704,8.90%,11262,13.00%,44357,51.20%,14639,16.90%,2207,2.50%
E14001422,Pendle and Clitheroe,8741,10.80%,11293,13.90%,14896,18.30%,25231,31.10%,18594,22.90%,2437,3.00%
E14001423,Penistone and Stocksbridge,7247,10.50%,10262,14.90%,12940,18.80%,22445,32.60%,14041,20.40%,1897,2.80%
E14001424,Penrith and Solway,7959,10.40%,11414,14.90%,13836,18.10%,25948,33.90%,15442,20.20%,1964,2.60%
E14001425,Peterborough,13277,14.00%,14137,14.90%,14129,14.90%,23490,24.70%,25763,27.10%,4208,4.40%
E14001426,Plymouth Moor View,8982,12.10%,12295,16.50%,15767,21.20%,18481,24.80%,16885,22.70%,2084,2.80%
E14001427,Plymouth Sutton and Devonport,8011,9.40%,11501,13.40%,21779,25.40%,28115,32.80%,14162,16.50%,2074,2.40%
E14001428,"Pontefract, Castleford and Knottingley",9110,11.90%,12705,16.60%,13592,17.70%,17645,23.00%,21368,27.90%,2156,2.80%
E14001429,Poole,8171,10.80%,11834,15.60%,13742,18.20%,26056,34.40%,13559,17.90%,2297,3.00%
E14001430,Poplar and Limehouse,7260,6.60%,9066,8.20%,13955,12.60%,60924,55.10%,16144,14.60%,3195,2.90%
E14001431,Portsmouth North,8815,11.80%,11937,15.90%,14816,19.80%,21308,28.40%,15796,21.10%,2242,3.00%
E14001432,Portsmouth South,7618,8.80%,10468,12.10%,22480,25.90%,29882,34.40%,13970,16.10%,2396,2.80%
E14001433,Preston,9079,10.40%,12063,13.80%,17289,19.70%,26642,30.40%,19626,22.40%,2872,3.30%
E14001434,Putney,4397,4.90%,6813,7.60%,10911,12.10%,55964,62.30%,9359,10.40%,2409,2.70%
E14001435,Queen's Park and Maida Vale,7046,7.10%,8989,9.00%,12992,13.10%,48942,49.20%,18278,18.40%,3283,3.30%
E14001436,Rawmarsh and Conisbrough,8692,12.20%,12150,17.00%,13331,18.60%,16283,22.80%,19061,26.70%,1965,2.70%
E14001437,Rayleigh and Wickford,10278,13.80%,13903,18.60%,14805,19.90%,18218,24.40%,15003,20.10%,2342,3.10%
E14001438,Reading Central,7820,8.50%,9335,10.20%,15513,16.90%,43158,46.90%,13283,14.40%,2845,3.10%
E14001439,Reading West and Mid Berkshire,7855,10.90%,10857,15.00%,12588,17.40%,27488,38.10%,11384,15.80%,1996,2.80%
E14001440,Redcar,7672,10.90%,10710,15.20%,14492,20.50%,18528,26.20%,17186,24.30%,2056,2.90%
E14001441,Redditch,9124,12.10%,12347,16.40%,13748,18.20%,21769,28.80%,16191,21.50%,2302,3.00%
E14001442,Reigate,7471,9.00%,12063,14.50%,13722,16.50%,36797,44.20%,10975,13.20%,2169,2.60%
E14001443,Ribble Valley,7050,9.20%,10811,14.20%,14379,18.80%,30661,40.20%,11676,15.30%,1788,2.30%
E14001444,Richmond and Northallerton,7180,9.80%,10875,14.80%,13785,18.80%,27558,37.50%,12129,16.50%,1864,2.50%
E14001445,Richmond Park,3790,4.40%,7241,8.40%,9676,11.20%,56528,65.50%,7229,8.40%,1902,2.20%
E14001446,Rochdale,8350,11.20%,10805,14.40%,13194,17.60%,20650,27.60%,19335,25.80%,2489,3.30%
E14001447,Rochester and Strood,9724,12.50%,13024,16.80%,14885,19.20%,22227,28.60%,15384,19.80%,2358,3.00%
E14001448,Romford,9535,11.60%,12618,15.30%,14000,17.00%,26759,32.60%,16684,20.30%,2608,3.20%
E14001449,Romsey and Southampton North,6977,8.90%,10256,13.00%,16710,21.20%,31238,39.70%,11332,14.40%,2127,2.70%
E14001450,Rossendale and Darwen,8005,10.40%,11809,15.30%,14998,19.50%,25389,32.90%,14999,19.50%,1855,2.40%
E14001451,Rother Valley,8369,12.00%,11558,16.50%,13310,19.00%,19197,27.40%,15547,22.20%,2006,2.90%
E14001452,Rotherham,10164,12.50%,13415,16.50%,13936,17.20%,18671,23.00%,22585,27.80%,2384,2.90%
E14001453,Rugby,8778,10.60%,12449,15.10%,14615,17.70%,29569,35.80%,14520,17.60%,2613,3.20%
E14001454,"Ruislip, Northwood and Pinner",6044,7.80%,8943,11.50%,10621,13.60%,39573,50.90%,10553,13.60%,2080,2.70%
E14001455,Runcorn and Helsby,8356,11.60%,11903,16.50%,13499,18.70%,21910,30.40%,14529,20.10%,1965,2.70%
E14001456,Runnymede and Weybridge,7340,9.00%,10889,13.30%,14069,17.20%,35110,42.90%,12128,14.80%,2385,2.90%
E14001457,Rushcliffe,5621,7.10%,9604,12.20%,13955,17.70%,38039,48.40%,9723,12.40%,1721,2.20%
E14001458,Rutland and Stamford,6990,9.50%,11511,15.60%,13377,18.10%,29171,39.50%,10985,14.90%,1863,2.50%
E14001459,Salford,7940,8.30%,10657,11.20%,17824,18.70%,37421,39.30%,18823,19.80%,2505,2.60%
E14001460,Salisbury,7072,9.70%,10338,14.20%,13271,18.20%,29479,40.50%,10747,14.70%,1958,2.70%
E14001461,Scarborough and Whitby,8218,10.90%,11648,15.40%,13911,18.40%,22904,30.30%,16602,22.00%,2266,3.00%
E14001462,Scunthorpe,10478,13.20%,13081,16.40%,14286,18.00%,18785,23.60%,20063,25.20%,2881,3.60%
E14001463,Sefton Central,7082,9.80%,10489,14.50%,13137,18.20%,27171,37.70%,12244,17.00%,1989,2.80%
E14001464,Selby,8532,11.10%,12226,15.90%,15208,19.80%,25132,32.70%,13953,18.10%,1922,2.50%
E14001465,Sevenoaks,7538,10.00%,11458,15.10%,12278,16.20%,29875,39.50%,12613,16.70%,1964,2.60%
E14001466,Sheffield Brightside and Hillsborough,10255,12.80%,11755,14.70%,11887,14.90%,19334,24.20%,24118,30.20%,2488,3.10%
E14001467,Sheffield Central,3598,4.60%,5129,6.60%,23281,29.80%,36421,46.60%,8266,10.60%,1467,1.90%
E14001468,Sheffield Hallam,4440,6.00%,7704,10.40%,14107,19.10%,39124,53.00%,7039,9.50%,1425,1.90%
E14001469,Sheffield Heeley,8769,11.00%,10813,13.50%,13161,16.40%,26266,32.80%,18872,23.60%,2150,2.70%
E14001470,Sheffield South East,9662,12.40%,11795,15.10%,14347,18.40%,18841,24.10%,21240,27.20%,2272,2.90%
E14001471,Sherwood Forest,9194,11.60%,12500,15.80%,15568,19.70%,22380,28.30%,17274,21.80%,2152,2.70%
E14001472,Shipley,7475,10.00%,10491,14.00%,13443,17.90%,29086,38.80%,12600,16.80%,1856,2.50%
E14001473,Shrewsbury,7709,9.90%,12370,15.90%,14483,18.60%,28658,36.80%,12530,16.10%,2095,2.70%
E14001474,Sittingbourne and Sheppey,11715,13.90%,14378,17.00%,15804,18.70%,18990,22.50%,20821,24.70%,2745,3.30%
E14001475,Skipton and Ripon,7174,9.30%,11199,14.50%,13893,18.00%,30943,40.10%,12110,15.70%,1859,2.40%
E14001476,Sleaford and North Hykeham,7977,10.70%,11913,16.00%,15792,21.20%,23780,31.90%,13104,17.60%,2070,2.80%
E14001477,Slough,10924,11.10%,12340,12.50%,13931,14.10%,35936,36.40%,21045,21.30%,4604,4.70%
E14001478,Smethwick,9580,11.30%,11512,13.60%,13008,15.40%,21961,25.90%,25178,29.70%,3425,4.00%
E14001479,Solihull West and Shirley,6479,9.00%,10112,14.10%,12322,17.10%,30048,41.80%,11109,15.40%,1843,2.60%
E14001480,South Basildon and East Thurrock,10644,13.90%,13528,17.60%,13806,18.00%,18060,23.60%,18247,23.80%,2386,3.10%
E14001481,South Cambridgeshire,6386,7.80%,9536,11.60%,11730,14.30%,42218,51.30%,10550,12.80%,1834,2.20%
E14001482,South Cotswolds,7017,9.40%,11037,14.80%,13192,17.70%,31124,41.80%,10260,13.80%,1754,2.40%
E14001483,South Derbyshire,7690,10.70%,11362,15.80%,14384,20.00%,23963,33.20%,12743,17.70%,1940,2.70%
E14001484,South Devon,7461,10.30%,10937,15.20%,12793,17.70%,26862,37.20%,11916,16.50%,2155,3.00%
E14001485,South Dorset,9471,12.20%,12716,16.40%,15350,19.80%,23477,30.30%,14098,18.20%,2451,3.20%
E14001486,South East Cornwall,7798,10.90%,11594,16.20%,13930,19.50%,23670,33.10%,12642,17.70%,1929,2.70%
E14001487,South Holland and The Deepings,11190,13.20%,14351,17.00%,14952,17.70%,19402,23.00%,21131,25.00%,3512,4.20%
E14001488,South Leicestershire,8174,10.60%,12299,15.90%,15702,20.40%,26154,33.90%,12925,16.80%,1888,2.40%
E14001489,South Norfolk,7196,10.10%,11133,15.70%,13321,18.70%,26519,37.30%,11213,15.80%,1713,2.40%
E14001490,South Northamptonshire,8356,10.70%,12391,15.80%,15142,19.40%,29070,37.20%,11385,14.60%,1835,2.30%
E14001491,South Ribble,7325,10.10%,10913,15.00%,14616,20.10%,25912,35.60%,12124,16.70%,1877,2.60%
E14001492,South Shields,7335,10.80%,10313,15.20%,13035,19.30%,19980,29.50%,15096,22.30%,1901,2.80%
E14001493,South Shropshire,7715,10.10%,11840,15.40%,13466,17.60%,26985,35.20%,14451,18.80%,2237,2.90%
E14001494,South Suffolk,8642,11.90%,12142,16.70%,13410,18.50%,22817,31.40%,13491,18.60%,2092,2.90%
E14001495,South West Devon,7178,9.70%,11517,15.50%,15812,21.30%,26741,36.10%,11004,14.80%,1906,2.60%
E14001496,South West Hertfordshire,6899,9.10%,10416,13.70%,12193,16.10%,33828,44.60%,10593,14.00%,1853,2.40%
E14001497,South West Norfolk,10429,13.00%,13021,16.20%,14198,17.70%,19110,23.80%,20422,25.50%,2950,3.70%
E14001498,South West Wiltshire,9147,12.20%,12711,16.90%,14878,19.80%,22851,30.40%,13410,17.90%,2099,2.80%
E14001499,Southampton Itchen,9217,10.90%,12397,14.70%,18156,21.50%,26273,31.10%,15737,18.60%,2610,3.10%
E14001500,Southampton Test,8520,9.90%,10926,12.70%,17100,20.00%,30171,35.20%,16187,18.90%,2809,3.30%
E14001501,Southend East and Rochford,9951,13.20%,12846,17.00%,13738,18.20%,19984,26.50%,16571,22.00%,2368,3.10%
E14001502,Southend West and Leigh,9770,12.40%,13216,16.70%,14607,18.50%,23390,29.60%,15699,19.90%,2368,3.00%
E14001503,Southgate and Wood Green,8171,8.10%,10171,10.00%,13110,12.90%,45059,44.50%,21228,21.00%,3556,3.50%
E14001504,Southport,8100,10.50%,11328,14.70%,14484,18.90%,25643,33.40%,14949,19.50%,2326,3.00%
E14001505,Spelthorne,9231,11.70%,12028,15.20%,13227,16.70%,27996,35.40%,14012,17.70%,2501,3.20%
E14001506,Spen Valley,7855,11.00%,10963,15.40%,13778,19.30%,21324,29.90%,15448,21.60%,1986,2.80%
E14001507,St Albans,5498,7.30%,8917,11.80%,10387,13.70%,40606,53.60%,8597,11.40%,1730,2.30%
E14001508,St Austell and Newquay,9084,11.80%,13341,17.30%,15769,20.50%,21859,28.40%,14783,19.20%,2197,2.90%
E14001509,St Helens North,8449,11.00%,12059,15.80%,14287,18.70%,22138,28.90%,17470,22.80%,2146,2.80%
E14001510,St Helens South and Whiston,8159,11.10%,11388,15.50%,13583,18.50%,21255,29.00%,17019,23.20%,1912,2.60%
E14001511,St Ives,7126,10.20%,11190,16.00%,13663,19.50%,24239,34.60%,11828,16.90%,2039,2.90%
E14001512,St Neots and Mid Cambridgeshire,7595,9.50%,10935,13.60%,13497,16.80%,35594,44.40%,10613,13.20%,1938,2.40%
E14001513,Stafford,7698,10.40%,11113,15.00%,13775,18.60%,26713,36.00%,12683,17.10%,2133,2.90%
E14001514,Staffordshire Moorlands,6946,10.40%,10181,15.20%,12811,19.20%,20349,30.40%,14559,21.80%,1985,3.00%
E14001515,Stalybridge and Hyde,8348,11.50%,11886,16.30%,14267,19.60%,20498,28.20%,15786,21.70%,2003,2.80%
E14001516,Stevenage,9940,13.10%,12104,16.00%,13580,17.90%,24850,32.80%,13175,17.40%,2047,2.70%
E14001517,Stockport,8219,10.40%,11086,14.00%,13350,16.80%,29726,37.50%,15075,19.00%,1898,2.40%
E14001518,Stockton North,8380,11.30%,11943,16.20%,14238,19.30%,19973,27.00%,17314,23.40%,2068,2.80%
E14001519,Stockton West,6089,8.80%,10195,14.70%,14050,20.30%,27282,39.30%,9963,14.40%,1770,2.60%
E14001520,Stoke-on-Trent Central,9882,11.70%,12859,15.20%,15886,18.80%,20194,23.80%,23280,27.50%,2602,3.10%
E14001521,Stoke-on-Trent North,9039,12.20%,12216,16.40%,13168,17.70%,16702,22.50%,21032,28.30%,2194,3.00%
E14001522,Stoke-on-Trent South,7911,11.10%,11240,15.80%,12805,18.00%,19753,27.80%,17419,24.50%,1976,2.80%
E14001523,"Stone, Great Wyrley and Penkridge",7795,10.60%,11309,15.40%,13831,18.90%,24016,32.80%,14290,19.50%,2065,2.80%
E14001524,Stourbridge,8046,11.20%,11639,16.20%,12986,18.10%,20511,28.60%,16395,22.90%,2147,3.00%
E14001525,Stratford and Bow,7674,7.50%,9356,9.20%,13238,13.00%,50558,49.70%,17750,17.40%,3218,3.20%
E14001526,Stratford-on-Avon,6965,9.20%,10810,14.20%,12836,16.90%,31348,41.30%,11853,15.60%,2058,2.70%
E14001527,Streatham and Croydon North,7194,7.70%,9274,9.90%,12554,13.40%,47250,50.40%,14623,15.60%,2853,3.00%
E14001528,Stretford and Urmston,7765,10.10%,10988,14.30%,13251,17.20%,28993,37.60%,13939,18.10%,2093,2.70%
E14001529,Stroud,7398,9.80%,11071,14.70%,13704,18.20%,29911,39.80%,11211,14.90%,1834,2.40%
E14001530,Suffolk Coastal,8941,12.00%,11774,15.80%,12869,17.30%,24456,32.90%,14001,18.80%,2357,3.20%
E14001531,Sunderland Central,7908,10.50%,10930,14.50%,13763,18.20%,22841,30.20%,17969,23.80%,2117,2.80%
E14001532,Surrey Heath,7707,10.10%,11574,15.10%,13746,18.00%,31143,40.70%,10394,13.60%,2002,2.60%
E14001533,Sussex Weald,7998,11.20%,11982,16.80%,13587,19.10%,24696,34.70%,11032,15.50%,1912,2.70%
E14001534,Sutton and Cheam,7182,9.00%,10224,12.90%,12769,16.10%,35033,44.10%,11834,14.90%,2410,3.00%
E14001535,Sutton Coldfield,6468,8.60%,10172,13.50%,12651,16.80%,32540,43.20%,11649,15.50%,1839,2.40%
E14001536,Swindon North,10919,13.80%,14223,18.00%,14776,18.70%,22205,28.10%,14445,18.30%,2498,3.20%
E14001537,Swindon South,12246,14.20%,14305,16.60%,13869,16.10%,26015,30.20%,16214,18.80%,3589,4.20%
E14001538,Tamworth,10079,13.00%,13459,17.30%,14718,18.90%,20258,26.10%,16969,21.80%,2202,2.80%
E14001539,Tatton,6053,7.90%,10323,13.50%,12208,15.90%,36115,47.20%,10102,13.20%,1773,2.30%
E14001540,Taunton and Wellington,8477,10.20%,13745,16.50%,15509,18.60%,29154,35.00%,13931,16.70%,2522,3.00%
E14001541,Telford,9856,12.60%,13368,17.10%,15018,19.30%,19902,25.50%,17450,22.40%,2356,3.00%
E14001542,Tewkesbury,7875,10.60%,11601,15.60%,13918,18.70%,27679,37.20%,11416,15.30%,1967,2.60%
E14001543,The Wrekin,8981,10.60%,13476,15.90%,17372,20.50%,26547,31.40%,15825,18.70%,2457,2.90%
E14001544,Thirsk and Malton,7789,10.20%,11673,15.30%,13958,18.30%,26311,34.50%,14596,19.10%,2007,2.60%
E14001545,Thornbury and Yate,8392,11.10%,12162,16.10%,14749,19.50%,26825,35.40%,11589,15.30%,1986,2.60%
E14001546,Thurrock,10881,12.40%,13604,15.50%,14384,16.30%,26589,30.20%,19502,22.10%,3087,3.50%
E14001547,Tipton and Wednesbury,10741,12.80%,12738,15.10%,13181,15.70%,16802,20.00%,27524,32.70%,3108,3.70%
E14001548,Tiverton and Minehead,7678,10.60%,11827,16.40%,13239,18.30%,23604,32.60%,13765,19.00%,2183,3.00%
E14001549,Tonbridge,7932,10.60%,12103,16.20%,12903,17.30%,27747,37.20%,11821,15.90%,2019,2.70%
E14001550,Tooting,4313,4.90%,6205,7.10%,10479,11.90%,55430,63.10%,9352,10.60%,2060,2.30%
E14001551,Torbay,10262,12.60%,13501,16.60%,15102,18.60%,22123,27.20%,17606,21.70%,2611,3.20%
E14001552,Torridge and Tavistock,8903,11.80%,12483,16.60%,14078,18.70%,23069,30.70%,14381,19.10%,2256,3.00%
E14001553,Tottenham,8917,8.50%,9796,9.30%,13326,12.60%,45033,42.70%,24562,23.30%,3866,3.70%
E14001554,Truro and Falmouth,6436,8.50%,11018,14.50%,16361,21.50%,29907,39.40%,10450,13.80%,1777,2.30%
E14001555,Tunbridge Wells,7342,9.10%,12024,14.80%,13162,16.20%,35105,43.30%,11299,13.90%,2130,2.60%
E14001556,Twickenham,4615,5.50%,8158,9.80%,11065,13.20%,50008,59.80%,8108,9.70%,1717,2.10%
E14001557,Tynemouth,6693,9.10%,10648,14.50%,12581,17.10%,29457,40.00%,12294,16.70%,1895,2.60%
E14001558,Uxbridge and South Ruislip,8597,9.50%,11242,12.40%,16080,17.80%,36630,40.50%,14874,16.50%,2925,3.20%
E14001559,Vauxhall and Camberwell Green,5696,6.60%,7070,8.20%,10994,12.70%,47239,54.70%,12974,15.00%,2376,2.80%
E14001560,Wakefield and Rothwell,9354,11.70%,12288,15.30%,13395,16.70%,23280,29.00%,19415,24.20%,2503,3.10%
E14001561,Wallasey,8451,11.40%,12204,16.50%,14779,20.00%,21287,28.80%,15108,20.50%,1988,2.70%
E14001562,Walsall and Bloxwich,10268,12.00%,12354,14.50%,12968,15.20%,20804,24.40%,25847,30.30%,3184,3.70%
E14001563,Walthamstow,7724,8.20%,9029,9.60%,11832,12.60%,45342,48.20%,17009,18.10%,3104,3.30%
E14001564,Warrington North,8694,11.70%,12171,16.40%,13872,18.70%,22428,30.20%,14909,20.10%,2226,3.00%
E14001565,Warrington South,7843,10.00%,12035,15.30%,14529,18.50%,29519,37.60%,12510,15.90%,2028,2.60%
E14001566,Warwick and Leamington,6697,8.00%,9231,11.00%,15029,18.00%,38766,46.40%,11866,14.20%,1969,2.40%
E14001567,Washington and Gateshead South,9001,12.60%,12369,17.20%,13221,18.40%,17263,24.10%,17824,24.90%,2040,2.80%
E14001568,Watford,8031,9.60%,10798,12.90%,12680,15.10%,35955,42.90%,13652,16.30%,2634,3.10%
E14001569,Waveney Valley,8152,11.60%,11102,15.80%,12628,18.00%,21226,30.20%,15114,21.50%,2089,3.00%
E14001570,Weald of Kent,7646,10.60%,11733,16.30%,12992,18.00%,24965,34.60%,12795,17.70%,2040,2.80%
E14001571,Wellingborough and Rushden,11618,13.70%,13898,16.40%,14955,17.60%,21734,25.60%,19640,23.20%,2960,3.50%
E14001572,Wells and Mendip Hills,6690,9.50%,10910,15.60%,12848,18.30%,26767,38.20%,11166,15.90%,1717,2.40%
E14001573,Welwyn Hatfield,8508,9.60%,11787,13.30%,17750,20.10%,34486,39.10%,13208,15.00%,2556,2.90%
E14001574,West Bromwich,10117,12.20%,11850,14.30%,12996,15.60%,20954,25.20%,23797,28.70%,3347,4.00%
E14001575,West Dorset,7424,9.90%,11499,15.30%,13452,17.90%,28953,38.60%,11646,15.50%,2100,2.80%
E14001576,West Ham and Beckton,9161,8.70%,10969,10.40%,14096,13.30%,45949,43.40%,21690,20.50%,4004,3.80%
E14001577,West Lancashire,7754,9.80%,11471,14.50%,18028,22.80%,24897,31.50%,14948,18.90%,2024,2.60%
E14001578,West Suffolk,10526,11.70%,13641,15.10%,15425,17.10%,25618,28.40%,21743,24.10%,3226,3.60%
E14001579,West Worcestershire,7268,9.30%,11564,14.70%,13321,17.00%,31938,40.70%,12226,15.60%,2114,2.70%
E14001580,Westmorland and Lonsdale,6903,9.40%,10395,14.20%,13280,18.20%,29007,39.70%,11676,16.00%,1869,2.60%
E14001581,Weston-super-Mare,8598,11.50%,12586,16.90%,15286,20.50%,21767,29.20%,13967,18.70%,2359,3.20%
E14001582,Wetherby and Easingwold,6392,8.90%,10153,14.10%,11898,16.60%,31069,43.30%,10568,14.70%,1693,2.40%
E14001583,Whitehaven and Workington,7976,11.30%,10798,15.20%,14078,19.90%,19405,27.40%,16675,23.50%,1963,2.80%
E14001584,Widnes and Halewood,8375,11.80%,12149,17.20%,13521,19.10%,18955,26.80%,15988,22.60%,1833,2.60%
E14001585,Wigan,9023,11.30%,12791,16.10%,14198,17.80%,22877,28.70%,18572,23.30%,2142,2.70%
E14001586,Wimbledon,4430,5.10%,7313,8.40%,10096,11.60%,53859,62.00%,8796,10.10%,2327,2.70%
E14001587,Winchester,5764,6.90%,10355,12.50%,16002,19.30%,40086,48.20%,9208,11.10%,1708,2.10%
E14001588,Windsor,7486,8.70%,11242,13.10%,16003,18.60%,37186,43.20%,11550,13.40%,2530,2.90%
E14001589,Wirral West,5803,8.30%,9868,14.20%,12135,17.40%,29935,43.00%,10034,14.40%,1769,2.50%
E14001590,Witham,9767,12.40%,13490,17.10%,15204,19.30%,23148,29.40%,14872,18.90%,2224,2.80%
E14001591,Witney,7588,10.10%,10998,14.70%,14281,19.00%,29806,39.70%,10569,14.10%,1778,2.40%
E14001592,Woking,7003,8.80%,10324,12.90%,12138,15.20%,37112,46.50%,10993,13.80%,2202,2.80%
E14001593,Wokingham,6006,8.00%,9889,13.20%,12281,16.40%,37302,49.80%,7719,10.30%,1685,2.30%
E14001594,Wolverhampton North East,9734,12.50%,12138,15.60%,13025,16.80%,18061,23.30%,21941,28.30%,2699,3.50%
E14001595,Wolverhampton South East,11214,12.80%,13340,15.30%,13392,15.30%,19112,21.90%,26884,30.80%,3456,4.00%
E14001596,Wolverhampton West,9164,10.60%,11676,13.50%,13783,15.90%,28744,33.10%,20033,23.10%,3332,3.80%
E14001597,Worcester,7892,9.70%,11506,14.20%,15703,19.40%,28872,35.60%,14869,18.30%,2207,2.70%
E14001598,Worsley and Eccles,8588,10.60%,12192,15.10%,14462,17.90%,27030,33.50%,16377,20.30%,2027,2.50%
E14001599,Worthing West,9212,11.60%,12792,16.10%,14574,18.40%,25899,32.60%,14254,18.00%,2623,3.30%
E14001600,Wycombe,7992,10.00%,10873,13.60%,13055,16.30%,32194,40.20%,13692,17.10%,2354,2.90%
E14001601,Wyre Forest,9053,11.50%,12683,16.10%,14402,18.20%,22057,27.90%,18419,23.30%,2339,3.00%
E14001602,Wythenshawe and Sale East,8584,10.50%,11520,14.00%,13005,15.80%,28932,35.20%,17930,21.80%,2156,2.60%
E14001603,Yeovil,9560,11.90%,13546,16.90%,15542,19.40%,23866,29.70%,15106,18.80%,2605,3.20%
E14001604,York Central,6374,7.10%,9427,10.50%,24196,26.90%,36169,40.20%,11913,13.30%,1792,2.00%
E14001605,York Outer,6428,8.80%,10125,13.80%,13214,18.10%,30580,41.80%,11040,15.10%,1793,2.50%
W07000081,Aberafan Maesteg,7267,10.30%,11462,16.20%,11964,16.90%,17863,25.20%,20353,28.70%,1977,2.80%
W07000082,Alyn and Deeside,8542,11.00%,13008,16.70%,15108,19.40%,22910,29.40%,15871,20.40%,2497,3.20%
W07000083,Bangor Aberconwy,5955,8.10%,10517,14.30%,15314,20.80%,27056,36.80%,12484,17.00%,2177,3.00%
W07000084,Blaenau Gwent and Rhymney,8331,11.40%,12088,16.50%,12094,16.50%,16164,22.10%,22275,30.50%,2151,2.90%
W07000085,"Brecon, Radnor and Cwm Tawe",6609,9.10%,11456,15.80%,12939,17.80%,25002,34.40%,14732,20.30%,1972,2.70%
W07000086,Bridgend,6646,8.90%,11297,15.20%,13042,17.60%,26462,35.60%,14592,19.60%,2238,3.00%
W07000087,Caerfyrddin,6444,8.70%,11718,15.90%,12411,16.80%,26105,35.30%,15204,20.60%,1977,2.70%
W07000088,Caerphilly,7570,10.20%,12011,16.20%,13444,18.10%,21387,28.90%,17674,23.80%,2023,2.70%
W07000089,Cardiff East,6695,8.00%,10283,12.30%,15792,18.90%,32414,38.70%,15954,19.10%,2556,3.10%
W07000090,Cardiff North,5209,7.10%,9119,12.30%,13743,18.60%,34214,46.30%,9889,13.40%,1687,2.30%
W07000091,Cardiff South and Penarth,4973,5.70%,8586,9.90%,21711,25.00%,36726,42.20%,12654,14.60%,2281,2.60%
W07000092,Cardiff West,6359,8.10%,10050,12.90%,11431,14.60%,32712,41.90%,15329,19.60%,2150,2.80%
W07000093,Ceredigion Preseli,6064,8.00%,11160,14.70%,16172,21.30%,28171,37.10%,12363,16.30%,1903,2.50%
W07000094,Clwyd East,7150,9.50%,11986,16.00%,13660,18.20%,26352,35.10%,13803,18.40%,2102,2.80%
W07000095,Clwyd North,7707,10.00%,12208,15.90%,13440,17.50%,23822,31.00%,17300,22.50%,2444,3.20%
W07000096,Dwyfor Meirionnydd,6344,8.60%,12235,16.60%,12756,17.30%,26670,36.20%,13752,18.70%,1980,2.70%
W07000097,Gower,6020,8.00%,11584,15.40%,13431,17.80%,29980,39.80%,12381,16.40%,1990,2.60%
W07000098,Llanelli,6825,9.50%,11973,16.60%,12607,17.50%,22539,31.30%,15961,22.20%,2072,2.90%
W07000099,Merthyr Tydfil and Aberdare,7794,10.20%,12121,15.80%,12837,16.80%,20568,26.90%,21039,27.50%,2235,2.90%
W07000100,Mid and South Pembrokeshire,7782,9.90%,12784,16.30%,14326,18.30%,25473,32.50%,15956,20.30%,2118,2.70%
W07000101,Monmouthshire,6463,8.70%,10589,14.30%,12172,16.40%,30809,41.50%,12315,16.60%,1933,2.60%
W07000102,Montgomeryshire and Glyndwr,7669,10.10%,12602,16.60%,13742,18.10%,23189,30.50%,16704,22.00%,2155,2.80%
W07000103,Neath and Swansea East,7028,9.20%,12055,15.70%,15001,19.60%,22370,29.20%,17985,23.50%,2151,2.80%
W07000104,Newport East,8456,10.20%,12660,15.20%,13758,16.50%,24525,29.50%,21090,25.30%,2746,3.30%
W07000105,Newport West and Islwyn,7794,10.00%,12225,15.70%,13473,17.30%,25666,32.90%,16652,21.30%,2249,2.90%
W07000106,Pontypridd,7555,9.60%,12002,15.30%,14540,18.50%,24157,30.80%,18144,23.10%,2099,2.70%
W07000107,Rhondda and Ogmore,8139,10.50%,12736,16.50%,13313,17.30%,17852,23.10%,22864,29.60%,2249,2.90%
W07000108,Swansea West,6872,8.30%,11104,13.50%,17437,21.20%,26251,31.90%,18254,22.20%,2469,3.00%
W07000109,Torfaen,7697,10.90%,11458,16.20%,12736,18.00%,20128,28.40%,16631,23.50%,2152,3.00%
W07000110,Vale of Glamorgan,6785,9.30%,11503,15.80%,13386,18.40%,26325,36.20%,12645,17.40%,2000,2.80%
W07000111,Wrexham,7454,9.80%,12325,16.20%,12940,17.00%,24464,32.10%,16561,21.70%,2409,3.20%
W07000112,Ynys Mn,4828,9.00%,8455,15.80%,9930,18.60%,18445,34.50%,10270,19.20%,1467,2.70%