ConstCode,Const,xapply,xapplyp,L1-L3,L1-L3p,L10-L11,L10-L11p,L12,L12p,L13,L13p,L4-L6,L4-L6p,L7,L7p,L8-L9,L8-L9p,xworkedunemployed,xworkedunemployedp,student,studentp
E14001063,Aldershot,21769,18.50%,12506,10.60%,5879,5.00%,12534,10.70%,10253,8.70%,20127,17.10%,13041,11.10%,9151,7.80%,7500,6.40%,4670,4.00%
E14001064,Aldridge-Brownhills,16654,17.80%,8383,9.00%,4794,5.10%,9958,10.60%,10161,10.90%,15736,16.80%,10214,10.90%,7639,8.20%,6004,6.40%,4064,4.30%
E14001065,Altrincham and Sale West,21480,21.30%,18988,18.80%,2730,2.70%,6334,6.30%,5028,5.00%,19240,19.10%,9291,9.20%,8002,7.90%,4927,4.90%,4902,4.90%
E14001066,Amber Valley,15312,17.00%,7182,8.00%,5849,6.50%,10363,11.50%,13483,14.90%,13588,15.00%,8469,9.40%,7353,8.10%,5699,6.30%,3022,3.30%
E14001067,Arundel and South Downs,15417,15.90%,14438,14.90%,3772,3.90%,7362,7.60%,5860,6.00%,19551,20.10%,9243,9.50%,13547,13.90%,4254,4.40%,3735,3.80%
E14001068,Ashfield,17571,18.50%,5735,6.00%,6259,6.60%,11559,12.20%,15287,16.10%,12720,13.40%,8668,9.10%,6853,7.20%,6936,7.30%,3433,3.60%
E14001069,Ashford,21945,20.50%,10175,9.50%,5523,5.20%,10671,10.00%,9612,9.00%,18080,16.90%,10850,10.20%,8988,8.40%,6244,5.80%,4728,4.40%
E14001070,Ashton-under-Lyne,20588,20.60%,6272,6.30%,4975,5.00%,10561,10.60%,12951,12.90%,13090,13.10%,10506,10.50%,7212,7.20%,9035,9.00%,4849,4.80%
E14001071,Aylesbury,22417,20.50%,12588,11.50%,4701,4.30%,9449,8.60%,9171,8.40%,19621,17.90%,11229,10.30%,9916,9.10%,5705,5.20%,4670,4.30%
E14001072,Banbury,18983,18.70%,12057,11.90%,4934,4.90%,9910,9.70%,11297,11.10%,17046,16.80%,9264,9.10%,9670,9.50%,4525,4.40%,4005,3.90%
E14001073,Barking,35395,26.50%,7021,5.20%,4770,3.60%,11638,8.70%,12670,9.50%,14813,11.10%,9965,7.40%,12859,9.60%,13390,10.00%,11295,8.40%
E14001074,Barnsley North,19225,18.40%,6186,5.90%,6390,6.10%,11353,10.90%,16940,16.20%,14293,13.70%,9611,9.20%,8009,7.70%,8455,8.10%,4038,3.90%
E14001075,Barnsley South,19663,18.80%,5243,5.00%,6614,6.30%,12402,11.80%,17051,16.30%,12816,12.20%,9590,9.10%,8009,7.60%,9581,9.10%,3894,3.70%
E14001076,Barrow and Furness,16083,16.50%,8951,9.20%,6817,7.00%,11439,11.70%,12203,12.50%,15730,16.10%,8686,8.90%,7263,7.50%,7189,7.40%,3064,3.10%
E14001077,Basildon and Billericay,23513,21.80%,10545,9.80%,4499,4.20%,10225,9.50%,10362,9.60%,16541,15.30%,11795,10.90%,9447,8.70%,6667,6.20%,4508,4.20%
E14001078,Basingstoke,21167,19.20%,13858,12.60%,5252,4.80%,10755,9.80%,10694,9.70%,18947,17.20%,12120,11.00%,7632,6.90%,5431,4.90%,4172,3.80%
E14001079,Bassetlaw,18344,17.60%,7751,7.40%,6365,6.10%,11822,11.30%,15852,15.20%,15791,15.20%,9251,8.90%,8029,7.70%,7301,7.00%,3696,3.50%
E14001080,Bath,15151,14.80%,14911,14.60%,3105,3.00%,6869,6.70%,6622,6.50%,17892,17.50%,7216,7.00%,8202,8.00%,3761,3.70%,18682,18.20%
E14001081,Battersea,16978,15.60%,27569,25.30%,2590,2.40%,5640,5.20%,5351,4.90%,23139,21.20%,7125,6.50%,7950,7.30%,5963,5.50%,6594,6.10%
E14001082,Beaconsfield,18123,18.80%,16688,17.30%,3347,3.50%,6287,6.50%,5366,5.60%,18541,19.20%,9290,9.60%,10290,10.70%,4503,4.70%,4041,4.20%
E14001083,Beckenham and Penge,20137,18.80%,19159,17.90%,3047,2.80%,6518,6.10%,5153,4.80%,22615,21.10%,10771,10.10%,9220,8.60%,5539,5.20%,4992,4.70%
E14001084,Bedford,21497,19.50%,9706,8.80%,4882,4.40%,10403,9.50%,14270,13.00%,16334,14.90%,10064,9.20%,8633,7.90%,8104,7.40%,6073,5.50%
E14001085,Bermondsey and Old Southwark,15014,14.00%,23072,21.50%,3196,3.00%,6450,6.00%,7309,6.80%,18600,17.40%,7043,6.60%,6674,6.20%,7519,7.00%,12282,11.50%
E14001086,Bethnal Green and Stepney,23624,18.60%,17530,13.80%,3747,3.00%,8565,6.80%,7672,6.10%,18226,14.40%,7895,6.20%,7254,5.70%,16069,12.70%,16174,12.80%
E14001087,Beverley and Holderness,13580,15.20%,9122,10.20%,4812,5.40%,9191,10.30%,8691,9.70%,17130,19.10%,9478,10.60%,8428,9.40%,5280,5.90%,3791,4.20%
E14001088,Bexhill and Battle,13119,14.70%,9222,10.30%,3866,4.30%,8994,10.10%,6172,6.90%,16692,18.70%,9822,11.00%,12426,13.90%,5696,6.40%,3101,3.50%
E14001089,Bexleyheath and Crayford,20310,20.60%,9932,10.10%,4255,4.30%,8563,8.70%,8090,8.20%,16214,16.40%,11973,12.10%,8216,8.30%,6074,6.20%,5036,5.10%
E14001090,Bicester and Woodstock,18731,18.50%,14268,14.10%,4838,4.80%,9149,9.00%,8718,8.60%,19081,18.90%,10143,10.00%,8639,8.50%,3852,3.80%,3741,3.70%
E14001091,Birkenhead,20374,19.30%,7702,7.30%,5204,4.90%,11980,11.40%,12147,11.50%,15756,14.90%,10489,9.90%,6791,6.40%,9924,9.40%,5125,4.90%
E14001092,Birmingham Edgbaston,21110,19.50%,12764,11.80%,3372,3.10%,7976,7.40%,9274,8.60%,14875,13.70%,7903,7.30%,6546,6.00%,11324,10.50%,13200,12.20%
E14001093,Birmingham Erdington,26721,22.00%,5934,4.90%,5644,4.60%,13988,11.50%,15907,13.10%,14091,11.60%,10194,8.40%,7486,6.20%,14058,11.50%,7699,6.30%
E14001094,Birmingham Hall Green and Moseley,27870,23.80%,9399,8.00%,3200,2.70%,8803,7.50%,9214,7.90%,13707,11.70%,8193,7.00%,8038,6.90%,18583,15.80%,10291,8.80%
E14001095,Birmingham Hodge Hill and Solihull North,31713,25.90%,4475,3.70%,4963,4.10%,12802,10.50%,14174,11.60%,11341,9.30%,9426,7.70%,7690,6.30%,16426,13.40%,9285,7.60%
E14001096,Birmingham Ladywood,34959,23.00%,9704,6.40%,3846,2.50%,10564,7.00%,14495,9.50%,12435,8.20%,7437,4.90%,7614,5.00%,24486,16.10%,26325,17.30%
E14001097,Birmingham Northfield,23709,22.00%,7507,7.00%,5061,4.70%,11524,10.70%,11709,10.90%,15070,14.00%,10279,9.50%,6150,5.70%,10702,9.90%,6077,5.60%
E14001098,Birmingham Perry Barr,29228,24.00%,5138,4.20%,4147,3.40%,10839,8.90%,13831,11.30%,10988,9.00%,8389,6.90%,7708,6.30%,19781,16.20%,11812,9.70%
E14001099,Birmingham Selly Oak,19420,18.00%,9088,8.40%,3755,3.50%,8470,7.80%,9144,8.50%,14829,13.70%,8389,7.80%,5991,5.50%,9475,8.80%,19433,18.00%
E14001100,Birmingham Yardley,27826,24.50%,5210,4.60%,4540,4.00%,11215,9.90%,12120,10.70%,11489,10.10%,9243,8.10%,7657,6.70%,15405,13.60%,8811,7.80%
E14001101,Bishop Auckland,15538,16.80%,6458,7.00%,5334,5.80%,10972,11.90%,11747,12.70%,13332,14.40%,7954,8.60%,8551,9.30%,8861,9.60%,3538,3.80%
E14001102,Blackburn,27400,24.40%,5495,4.90%,4283,3.80%,10808,9.60%,13213,11.80%,12078,10.70%,9551,8.50%,6984,6.20%,14409,12.80%,8189,7.30%
E14001103,Blackley and Middleton South,27012,24.40%,5838,5.30%,4373,3.90%,10824,9.80%,13270,12.00%,12443,11.20%,9820,8.90%,7663,6.90%,11974,10.80%,7526,6.80%
E14001104,Blackpool North and Fleetwood,15200,16.00%,6459,6.80%,5145,5.40%,11122,11.70%,10110,10.60%,14794,15.60%,11231,11.80%,9001,9.50%,7856,8.30%,4088,4.30%
E14001105,Blackpool South,19895,18.20%,5218,4.80%,5610,5.10%,13700,12.50%,13846,12.70%,13674,12.50%,9991,9.10%,10725,9.80%,11841,10.80%,4929,4.50%
E14001106,Blaydon and Consett,15829,17.30%,7771,8.50%,4984,5.40%,10889,11.90%,10445,11.40%,15337,16.80%,9350,10.20%,6123,6.70%,7191,7.90%,3607,3.90%
E14001107,Blyth and Ashington,18399,18.10%,6070,6.00%,6307,6.20%,12824,12.60%,12519,12.30%,14388,14.20%,10834,10.70%,6156,6.10%,10325,10.20%,3712,3.70%
E14001108,Bognor Regis and Littlehampton,16929,15.80%,8479,7.90%,5862,5.50%,13236,12.40%,11439,10.70%,17538,16.40%,11134,10.40%,11312,10.60%,6761,6.30%,4369,4.10%
E14001109,Bolsover,17360,17.30%,6688,6.70%,6901,6.90%,12017,12.00%,15737,15.70%,14150,14.10%,9067,9.10%,7714,7.70%,7096,7.10%,3432,3.40%
E14001110,Bolton North East,23758,20.90%,7921,7.00%,4781,4.20%,11099,9.70%,13160,11.60%,15731,13.80%,10992,9.60%,8507,7.50%,11646,10.20%,6324,5.60%
E14001111,Bolton South and Walkden,30122,24.40%,6130,5.00%,4931,4.00%,12099,9.80%,15816,12.80%,13090,10.60%,10564,8.60%,8219,6.70%,14427,11.70%,8138,6.60%
E14001112,Bolton West,18841,19.20%,10383,10.60%,4126,4.20%,8777,8.90%,9539,9.70%,17065,17.40%,10294,10.50%,7936,8.10%,6732,6.90%,4573,4.70%
E14001113,Bootle,18914,18.70%,5793,5.70%,4656,4.60%,11831,11.70%,12403,12.20%,14040,13.80%,11984,11.80%,6839,6.70%,10103,10.00%,4819,4.80%
E14001114,Boston and Skegness,19500,16.80%,5816,5.00%,6910,5.90%,15000,12.90%,20800,17.90%,14346,12.30%,9314,8.00%,11217,9.70%,9108,7.80%,4178,3.60%
E14001115,Bournemouth East,18689,17.50%,11506,10.80%,4447,4.20%,11129,10.40%,8769,8.20%,18215,17.00%,10252,9.60%,10747,10.10%,6040,5.60%,7141,6.70%
E14001116,Bournemouth West,15921,14.80%,9884,9.20%,4820,4.50%,11129,10.40%,9597,9.00%,15947,14.90%,9739,9.10%,9619,9.00%,6246,5.80%,14319,13.40%
E14001117,Bracknell,20329,20.00%,13398,13.20%,4593,4.50%,8825,8.70%,7701,7.60%,18951,18.60%,10905,10.70%,8270,8.10%,4399,4.30%,4408,4.30%
E14001118,Bradford East,31193,26.20%,5200,4.40%,4450,3.70%,10208,8.60%,14029,11.80%,11313,9.50%,9044,7.60%,7902,6.60%,16879,14.20%,8774,7.40%
E14001119,Bradford South,25820,23.60%,5782,5.30%,5207,4.80%,10594,9.70%,14502,13.30%,12792,11.70%,10215,9.30%,7135,6.50%,10978,10.00%,6237,5.70%
E14001120,Bradford West,30749,25.30%,5395,4.40%,3728,3.10%,8951,7.40%,13125,10.80%,10982,9.00%,8549,7.00%,8231,6.80%,19723,16.30%,11922,9.80%
E14001121,Braintree,19164,18.40%,10332,9.90%,5017,4.80%,10459,10.00%,9955,9.60%,17961,17.20%,10856,10.40%,11108,10.70%,5180,5.00%,4103,3.90%
E14001122,Brent East,26950,20.00%,11421,8.50%,4553,3.40%,10792,8.00%,12507,9.30%,17418,12.90%,9194,6.80%,14699,10.90%,15695,11.70%,11279,8.40%
E14001123,Brent West,24299,18.20%,11959,8.90%,4785,3.60%,10658,8.00%,14809,11.10%,16388,12.30%,9840,7.40%,14134,10.60%,13837,10.40%,12964,9.70%
E14001124,Brentford and Isleworth,26312,20.40%,15171,11.80%,4772,3.70%,9415,7.30%,10332,8.00%,20183,15.70%,10566,8.20%,12458,9.70%,10784,8.40%,8734,6.80%
E14001125,Brentwood and Ongar,18000,18.30%,14926,15.20%,3315,3.40%,6887,7.00%,5604,5.70%,18525,18.90%,11246,11.50%,10924,11.10%,4839,4.90%,3852,3.90%
E14001126,Bridgwater,17582,17.70%,7058,7.10%,5944,6.00%,12139,12.20%,14734,14.90%,13956,14.10%,9003,9.10%,9321,9.40%,5965,6.00%,3500,3.50%
E14001127,Bridlington and The Wolds,13873,15.00%,6869,7.40%,5162,5.60%,11176,12.10%,11402,12.30%,15006,16.20%,8224,8.90%,10438,11.30%,7202,7.80%,3249,3.50%
E14001128,Brigg and Immingham,14988,16.50%,7356,8.10%,6468,7.10%,9639,10.60%,11740,12.90%,15094,16.60%,8873,9.80%,7151,7.90%,6174,6.80%,3463,3.80%
E14001129,Brighton Kemptown and Peacehaven,14302,15.00%,9522,10.00%,3707,3.90%,8786,9.20%,7555,7.90%,16031,16.80%,8366,8.80%,10114,10.60%,6691,7.00%,10302,10.80%
E14001130,Brighton Pavilion,14300,13.90%,14780,14.30%,2899,2.80%,6557,6.40%,5287,5.10%,19900,19.30%,7749,7.50%,9410,9.10%,4456,4.30%,17682,17.20%
E14001131,Bristol Central,9754,10.40%,18513,19.80%,1799,1.90%,3769,4.00%,3868,4.10%,17092,18.30%,5665,6.00%,5153,5.50%,3013,3.20%,25018,26.70%
E14001132,Bristol East,21084,19.20%,11193,10.20%,4676,4.20%,10222,9.30%,11956,10.90%,18008,16.40%,10137,9.20%,8747,7.90%,7267,6.60%,6767,6.10%
E14001133,Bristol North East,18655,18.90%,8616,8.70%,4399,4.50%,9803,9.90%,10860,11.00%,15570,15.80%,9619,9.70%,7985,8.10%,6113,6.20%,7129,7.20%
E14001134,Bristol North West,21167,19.40%,15395,14.10%,3621,3.30%,8414,7.70%,10454,9.60%,18464,16.90%,8902,8.20%,7014,6.40%,5605,5.10%,10159,9.30%
E14001135,Bristol South,20190,19.40%,11124,10.70%,4786,4.60%,10450,10.00%,12206,11.70%,16305,15.70%,9873,9.50%,7539,7.20%,6780,6.50%,4843,4.70%
E14001136,Broadland and Fakenham,14992,16.10%,9317,10.00%,4634,5.00%,9806,10.50%,8678,9.30%,16841,18.00%,10264,11.00%,11186,12.00%,4365,4.70%,3239,3.50%
E14001137,Bromley and Biggin Hill,19301,19.80%,16015,16.40%,2877,2.90%,6027,6.20%,4558,4.70%,19302,19.80%,10384,10.60%,9628,9.90%,4792,4.90%,4672,4.80%
E14001138,Bromsgrove,18082,18.20%,14265,14.40%,4310,4.30%,7944,8.00%,7047,7.10%,19284,19.40%,10026,10.10%,9169,9.20%,4812,4.90%,4244,4.30%
E14001139,Broxbourne,21402,19.70%,10625,9.80%,4764,4.40%,9436,8.70%,10084,9.30%,17217,15.90%,11920,11.00%,11274,10.40%,6493,6.00%,5176,4.80%
E14001140,Broxtowe,15575,16.50%,11576,12.20%,4521,4.80%,8443,8.90%,10291,10.90%,16271,17.20%,9346,9.90%,6557,6.90%,5491,5.80%,6475,6.80%
E14001141,Buckingham and Bletchley,22270,21.10%,12923,12.20%,4352,4.10%,8786,8.30%,9358,8.90%,17853,16.90%,10415,9.90%,8966,8.50%,5043,4.80%,5670,5.40%
E14001142,Burnley,22882,20.90%,6261,5.70%,5293,4.80%,12388,11.30%,14798,13.50%,14060,12.80%,9413,8.60%,7784,7.10%,10992,10.00%,5680,5.20%
E14001143,Burton and Uttoxeter,21593,19.20%,8971,8.00%,6018,5.30%,11126,9.90%,18211,16.20%,15811,14.10%,9614,8.50%,8548,7.60%,7633,6.80%,5006,4.40%
E14001144,Bury North,19999,19.40%,9653,9.40%,4434,4.30%,9646,9.40%,9969,9.70%,17055,16.50%,10616,10.30%,8135,7.90%,8385,8.10%,5267,5.10%
E14001145,Bury South,23880,22.40%,10621,10.00%,3869,3.60%,9055,8.50%,8560,8.00%,17715,16.60%,11060,10.40%,8395,7.90%,7792,7.30%,5784,5.40%
E14001146,Bury St Edmunds and Stowmarket,17085,16.80%,11197,11.00%,4870,4.80%,10291,10.10%,10625,10.50%,19170,18.90%,10793,10.60%,9110,9.00%,4630,4.60%,3797,3.70%
E14001147,Calder Valley,17492,17.70%,12088,12.20%,4221,4.30%,8700,8.80%,9535,9.60%,18654,18.80%,9651,9.70%,9356,9.40%,5148,5.20%,4202,4.20%
E14001148,Camborne and Redruth,17509,17.70%,7188,7.30%,5285,5.30%,11999,12.10%,10761,10.90%,15694,15.80%,8943,9.00%,11301,11.40%,5489,5.50%,4926,5.00%
E14001149,Cambridge,17403,14.00%,24837,20.00%,3211,2.60%,6510,5.20%,7932,6.40%,17549,14.10%,7013,5.70%,6320,5.10%,4785,3.90%,28523,23.00%
E14001150,Cannock Chase,18041,17.90%,6934,6.90%,6266,6.20%,12023,12.00%,13156,13.10%,15477,15.40%,9696,9.60%,8647,8.60%,6579,6.50%,3699,3.70%
E14001151,Canterbury,16184,15.10%,11679,10.90%,3729,3.50%,8223,7.70%,7314,6.80%,17626,16.40%,8378,7.80%,9340,8.70%,5945,5.50%,18852,17.60%
E14001152,Carlisle,17486,17.00%,7560,7.40%,5771,5.60%,11394,11.10%,15336,14.90%,15439,15.00%,9759,9.50%,8554,8.30%,6879,6.70%,4487,4.40%
E14001153,Carshalton and Wallington,22491,21.40%,12104,11.50%,3942,3.80%,8275,7.90%,7229,6.90%,18353,17.50%,11254,10.70%,9477,9.00%,6284,6.00%,5605,5.30%
E14001154,Castle Point,15456,16.90%,8008,8.70%,4664,5.10%,9886,10.80%,8513,9.30%,14571,15.90%,11349,12.40%,9961,10.90%,5898,6.40%,3247,3.50%
E14001155,Central Devon,15397,16.50%,10510,11.30%,4188,4.50%,8609,9.20%,8196,8.80%,16876,18.10%,8381,9.00%,13749,14.80%,3871,4.20%,3386,3.60%
E14001156,Central Suffolk and North Ipswich,16477,17.50%,10155,10.80%,4566,4.80%,9228,9.80%,8820,9.40%,17083,18.10%,10437,11.10%,9286,9.90%,4161,4.40%,3951,4.20%
E14001157,Chatham and Aylesford,22466,21.20%,8072,7.60%,5274,5.00%,10517,9.90%,11428,10.80%,15910,15.00%,11184,10.60%,9512,9.00%,6830,6.50%,4663,4.40%
E14001158,Cheadle,18154,19.00%,15736,16.50%,2876,3.00%,6709,7.00%,4727,5.00%,19641,20.60%,10287,10.80%,8035,8.40%,4996,5.20%,4317,4.50%
E14001159,Chelmsford,20337,19.00%,14809,13.80%,4102,3.80%,8953,8.40%,8459,7.90%,20162,18.80%,11633,10.90%,8302,7.70%,5125,4.80%,5328,5.00%
E14001160,Chelsea and Fulham,17673,14.80%,27534,23.00%,2616,2.20%,6268,5.20%,5901,4.90%,22972,19.20%,7387,6.20%,10539,8.80%,8240,6.90%,10390,8.70%
E14001161,Cheltenham,17057,17.00%,14862,14.80%,3596,3.60%,8659,8.60%,7292,7.30%,19281,19.20%,10003,10.00%,8171,8.20%,4680,4.70%,6595,6.60%
E14001162,Chesham and Amersham,19864,20.10%,18295,18.50%,2675,2.70%,6199,6.30%,4719,4.80%,19198,19.40%,9075,9.20%,10268,10.40%,4204,4.20%,4568,4.60%
E14001163,Chester North and Neston,14276,15.20%,12359,13.10%,4308,4.60%,8550,9.10%,8616,9.10%,16975,18.00%,8858,9.40%,6944,7.40%,5423,5.80%,7896,8.40%
E14001164,Chester South and Eddisbury,16039,17.10%,15393,16.40%,3551,3.80%,6747,7.20%,6217,6.60%,18593,19.80%,8305,8.90%,10093,10.80%,4345,4.60%,4552,4.90%
E14001165,Chesterfield,15730,16.90%,8017,8.60%,5009,5.40%,11516,12.40%,11888,12.70%,14720,15.80%,9689,10.40%,6908,7.40%,6293,6.70%,3471,3.70%
E14001166,Chichester,16018,15.40%,12015,11.50%,4709,4.50%,10273,9.90%,8372,8.00%,19722,18.90%,10176,9.80%,11632,11.20%,5393,5.20%,5836,5.60%
E14001167,Chingford and Woodford Green,22044,19.90%,14111,12.70%,3573,3.20%,7912,7.10%,7144,6.40%,19228,17.30%,10433,9.40%,12125,10.90%,8027,7.20%,6408,5.80%
E14001168,Chippenham,17299,17.70%,12165,12.40%,4862,5.00%,9337,9.50%,8878,9.10%,17986,18.40%,11009,11.20%,8012,8.20%,4269,4.40%,4127,4.20%
E14001169,Chipping Barnet,22722,20.10%,18196,16.10%,2834,2.50%,6623,5.90%,5454,4.80%,20413,18.10%,9951,8.80%,12128,10.70%,7821,6.90%,6757,6.00%
E14001170,Chorley,18864,18.70%,11055,11.00%,4774,4.70%,9705,9.60%,10096,10.00%,18585,18.40%,10300,10.20%,7997,7.90%,5532,5.50%,4017,4.00%
E14001171,Christchurch,12400,14.10%,10704,12.20%,3820,4.30%,9569,10.90%,6431,7.30%,16954,19.30%,10515,11.90%,10132,11.50%,4634,5.30%,2909,3.30%
E14001172,Cities of London and Westminster,13608,11.30%,31070,25.90%,2336,1.90%,5530,4.60%,4707,3.90%,21037,17.50%,6631,5.50%,9903,8.30%,10309,8.60%,14850,12.40%
E14001173,City of Durham,14584,14.50%,9636,9.60%,4111,4.10%,8558,8.50%,9571,9.50%,14925,14.80%,8370,8.30%,5944,5.90%,7085,7.00%,17894,17.80%
E14001174,Clacton,14775,15.00%,5999,6.10%,5435,5.50%,13839,14.10%,11037,11.20%,13717,14.00%,10054,10.20%,10938,11.10%,9359,9.50%,3036,3.10%
E14001175,Clapham and Brixton Hill,14557,13.90%,22688,21.60%,3170,3.00%,6337,6.00%,7946,7.60%,22421,21.40%,7281,6.90%,6810,6.50%,7062,6.70%,6716,6.40%
E14001176,Colchester,23023,20.10%,11486,10.00%,4723,4.10%,11446,10.00%,9565,8.40%,19671,17.20%,10407,9.10%,8514,7.40%,6214,5.40%,9276,8.10%
E14001177,Colne Valley,16961,18.20%,11525,12.40%,4224,4.50%,7903,8.50%,8433,9.10%,17848,19.20%,9103,9.80%,8236,8.90%,4557,4.90%,4261,4.60%
E14001178,Congleton,15469,17.20%,12887,14.30%,4067,4.50%,7625,8.50%,7005,7.80%,17814,19.80%,9014,10.00%,8534,9.50%,4132,4.60%,3324,3.70%
E14001179,Corby and East Northamptonshire,23329,20.00%,10010,8.60%,6109,5.20%,10854,9.30%,18885,16.20%,17348,14.90%,9952,8.50%,9331,8.00%,5888,5.10%,4887,4.20%
E14001180,Coventry East,27102,22.90%,6494,5.50%,5124,4.30%,12344,10.40%,16903,14.30%,13169,11.10%,10129,8.60%,7154,6.00%,11666,9.90%,8199,6.90%
E14001181,Coventry North West,20836,19.40%,8872,8.30%,5464,5.10%,10411,9.70%,12609,11.80%,15686,14.60%,10507,9.80%,7041,6.60%,7939,7.40%,7926,7.40%
E14001182,Coventry South,20513,17.10%,11638,9.70%,4055,3.40%,8467,7.10%,11223,9.40%,15113,12.60%,9160,7.60%,6455,5.40%,8059,6.70%,25072,20.90%
E14001183,Cramlington and Killingworth,16829,17.40%,9119,9.40%,5186,5.40%,10201,10.60%,9541,9.90%,16909,17.50%,11952,12.40%,5933,6.10%,7041,7.30%,3847,4.00%
E14001184,Crawley,24924,21.00%,9861,8.30%,6105,5.20%,12680,10.70%,13287,11.20%,16975,14.30%,13116,11.10%,8721,7.40%,7287,6.10%,5537,4.70%
E14001185,Crewe and Nantwich,19870,18.10%,9993,9.10%,6627,6.10%,11678,10.70%,15466,14.10%,16930,15.50%,10381,9.50%,7571,6.90%,6677,6.10%,4313,3.90%
E14001186,Croydon East,22501,20.50%,11562,10.50%,4008,3.60%,9405,8.60%,8058,7.30%,18132,16.50%,11460,10.40%,9691,8.80%,8107,7.40%,6926,6.30%
E14001187,Croydon South,19964,19.80%,17170,17.00%,2979,2.90%,6143,6.10%,4635,4.60%,19858,19.70%,10480,10.40%,9234,9.10%,5660,5.60%,4917,4.90%
E14001188,Croydon West,26678,21.80%,10760,8.80%,4259,3.50%,11164,9.10%,10115,8.30%,18180,14.80%,10768,8.80%,10526,8.60%,11201,9.10%,8853,7.20%
E14001189,Dagenham and Rainham,28105,23.60%,7185,6.00%,4972,4.20%,11252,9.40%,11725,9.80%,15148,12.70%,11355,9.50%,11450,9.60%,10012,8.40%,7997,6.70%
E14001190,Darlington,17932,18.40%,7653,7.90%,4791,4.90%,10588,10.90%,12597,12.90%,14940,15.30%,9838,10.10%,6356,6.50%,8417,8.60%,4237,4.40%
E14001191,Dartford,24595,22.60%,11467,10.50%,4817,4.40%,9224,8.50%,9393,8.60%,18210,16.70%,11510,10.60%,9034,8.30%,5755,5.30%,4835,4.40%
E14001192,Daventry,18646,17.70%,13799,13.10%,4777,4.50%,7998,7.60%,11042,10.50%,19247,18.30%,10540,10.00%,10656,10.10%,4572,4.30%,4104,3.90%
E14001193,Derby North,18784,18.20%,9362,9.10%,5122,5.00%,10228,9.90%,12018,11.60%,16082,15.60%,9380,9.10%,6181,6.00%,6703,6.50%,9375,9.10%
E14001194,Derby South,26649,22.50%,6816,5.80%,5905,5.00%,11578,9.80%,17324,14.60%,13178,11.10%,9179,7.70%,7302,6.20%,12836,10.80%,7750,6.50%
E14001195,Derbyshire Dales,13732,15.40%,12252,13.70%,4363,4.90%,7563,8.50%,8362,9.40%,16951,19.00%,7801,8.70%,11033,12.40%,3938,4.40%,3336,3.70%
E14001196,Dewsbury and Batley,24102,23.20%,5656,5.50%,3926,3.80%,9284,8.90%,13727,13.20%,11236,10.80%,8482,8.20%,7631,7.40%,12907,12.40%,6826,6.60%
E14001197,Didcot and Wantage,20997,19.80%,17528,16.50%,4551,4.30%,8087,7.60%,8441,7.90%,19776,18.60%,10263,9.70%,8907,8.40%,3862,3.60%,3802,3.60%
E14001198,Doncaster Central,20798,18.50%,7082,6.30%,6121,5.50%,11695,10.40%,18523,16.50%,15135,13.50%,9729,8.70%,8434,7.50%,10067,9.00%,4556,4.10%
E14001199,Doncaster East and the Isle of Axholme,16343,17.40%,7387,7.90%,5753,6.10%,10113,10.80%,12110,12.90%,14405,15.40%,8742,9.30%,8344,8.90%,6982,7.50%,3497,3.70%
E14001200,Doncaster North,18309,18.90%,5539,5.70%,5885,6.10%,11310,11.70%,14673,15.20%,12865,13.30%,8620,8.90%,7362,7.60%,8463,8.80%,3686,3.80%
E14001201,Dorking and Horley,16698,17.80%,14635,15.60%,3476,3.70%,6671,7.10%,5160,5.50%,18571,19.80%,10218,10.90%,10481,11.20%,4091,4.40%,3815,4.10%
E14001202,Dover and Deal,18307,17.80%,7298,7.10%,5684,5.50%,12140,11.80%,10186,9.90%,17830,17.30%,10366,10.10%,9751,9.50%,7484,7.30%,4025,3.90%
E14001203,Droitwich and Evesham,17154,16.80%,12123,11.90%,5004,4.90%,9885,9.70%,10673,10.50%,17769,17.40%,9960,9.80%,10671,10.50%,5001,4.90%,3740,3.70%
E14001204,Dudley,20765,20.60%,5930,5.90%,5090,5.00%,11889,11.80%,13322,13.20%,12984,12.90%,9713,9.60%,7180,7.10%,9266,9.20%,4838,4.80%
E14001205,Dulwich and West Norwood,20280,18.90%,18775,17.50%,3044,2.80%,6556,6.10%,7350,6.90%,20808,19.40%,7370,6.90%,8045,7.50%,7366,6.90%,7505,7.00%
E14001206,Dunstable and Leighton Buzzard,21900,20.30%,10969,10.20%,5281,4.90%,9667,9.00%,10780,10.00%,18658,17.30%,11548,10.70%,9555,8.80%,5287,4.90%,4335,4.00%
E14001207,Ealing Central and Acton,22706,17.10%,22441,16.90%,3998,3.00%,7538,5.70%,8011,6.00%,23959,18.10%,9457,7.10%,12027,9.10%,10592,8.00%,11697,8.80%
E14001208,Ealing North,26619,20.80%,11423,8.90%,4613,3.60%,10052,7.90%,11177,8.70%,17766,13.90%,10567,8.30%,13864,10.90%,12186,9.50%,9491,7.40%
E14001209,Ealing Southall,25379,20.30%,11762,9.40%,4571,3.70%,9693,7.80%,13453,10.80%,16781,13.40%,8934,7.20%,10173,8.10%,15041,12.00%,9116,7.30%
E14001210,Earley and Woodley,21710,20.50%,15886,15.00%,3575,3.40%,7681,7.30%,7379,7.00%,17877,16.90%,9991,9.50%,7745,7.30%,5187,4.90%,8682,8.20%
E14001211,Easington,16830,18.10%,4952,5.30%,6346,6.80%,11339,12.20%,12817,13.80%,11562,12.40%,8928,9.60%,5423,5.80%,10877,11.70%,4104,4.40%
E14001212,East Grinstead and Uckfield,17247,18.00%,13471,14.10%,3813,4.00%,7524,7.90%,5712,6.00%,19289,20.20%,10059,10.50%,11118,11.60%,3573,3.70%,3802,4.00%
E14001213,East Ham,31994,24.40%,6447,4.90%,4180,3.20%,11601,8.90%,11316,8.60%,12533,9.60%,8612,6.60%,12398,9.50%,18567,14.20%,13386,10.20%
E14001214,East Hampshire,15417,17.00%,14502,16.00%,3517,3.90%,7638,8.40%,5580,6.10%,18182,20.00%,8476,9.30%,10139,11.20%,3519,3.90%,3884,4.30%
E14001215,East Surrey,19611,19.80%,15037,15.20%,3394,3.40%,6820,6.90%,5168,5.20%,19165,19.30%,10497,10.60%,10641,10.70%,4629,4.70%,4203,4.20%
E14001216,East Thanet,19647,18.70%,7034,6.70%,4934,4.70%,12455,11.90%,10718,10.20%,16503,15.70%,9676,9.20%,11028,10.50%,8628,8.20%,4452,4.20%
E14001217,East Wiltshire,19996,19.80%,11945,11.80%,4809,4.80%,8079,8.00%,8471,8.40%,19543,19.30%,11160,11.00%,9006,8.90%,4044,4.00%,4115,4.10%
E14001218,East Worthing and Shoreham,17858,17.90%,10142,10.20%,4481,4.50%,10425,10.50%,7795,7.80%,17905,18.00%,10929,11.00%,10650,10.70%,5246,5.30%,4193,4.20%
E14001219,Eastbourne,17110,16.80%,8477,8.30%,4651,4.60%,11887,11.70%,9259,9.10%,17839,17.50%,10483,10.30%,10052,9.90%,6857,6.70%,5072,5.00%
E14001220,Eastleigh,17723,18.90%,12199,13.00%,4554,4.90%,8852,9.50%,7554,8.10%,17241,18.40%,10343,11.10%,7472,8.00%,3987,4.30%,3629,3.90%
E14001221,Edmonton and Winchmore Hill,28224,22.30%,9675,7.60%,4204,3.30%,10537,8.30%,11372,9.00%,16299,12.90%,9958,7.90%,12588,9.90%,14426,11.40%,9525,7.50%
E14001222,Ellesmere Port and Bromborough,17763,18.70%,7399,7.80%,6024,6.30%,11286,11.90%,11657,12.30%,14690,15.40%,10010,10.50%,5633,5.90%,6615,7.00%,4066,4.30%
E14001223,Eltham and Chislehurst,22692,20.60%,14996,13.60%,3868,3.50%,8275,7.50%,7453,6.70%,18513,16.80%,10318,9.30%,10132,9.20%,7768,7.00%,6405,5.80%
E14001224,Ely and East Cambridgeshire,19488,18.50%,14633,13.90%,4699,4.50%,9059,8.60%,9250,8.80%,19472,18.50%,10245,9.70%,10308,9.80%,4464,4.20%,3851,3.70%
E14001225,Enfield North,30152,23.70%,9992,7.80%,4340,3.40%,10780,8.50%,11197,8.80%,17566,13.80%,10424,8.20%,11065,8.70%,12572,9.90%,9288,7.30%
E14001226,Epping Forest,19469,19.00%,14081,13.70%,3428,3.30%,7454,7.30%,6556,6.40%,17846,17.40%,10713,10.40%,12007,11.70%,6231,6.10%,4829,4.70%
E14001227,Epsom and Ewell,21349,19.80%,18375,17.00%,3307,3.10%,7009,6.50%,5295,4.90%,21138,19.60%,10973,10.20%,9938,9.20%,4924,4.60%,5550,5.10%
E14001228,Erewash,16603,17.40%,7793,8.20%,5708,6.00%,10651,11.20%,13654,14.30%,14552,15.30%,9557,10.00%,7156,7.50%,5958,6.30%,3543,3.70%
E14001229,Erith and Thamesmead,31383,23.30%,9486,7.00%,5414,4.00%,13347,9.90%,12801,9.50%,17889,13.30%,11253,8.30%,10869,8.10%,12615,9.30%,9910,7.30%
E14001230,Esher and Walton,22543,21.90%,20394,19.80%,2547,2.50%,5727,5.60%,4344,4.20%,19941,19.40%,8711,8.50%,10104,9.80%,4116,4.00%,4503,4.40%
E14001231,Exeter,13789,13.60%,10117,9.90%,3719,3.70%,8667,8.50%,9495,9.30%,14943,14.70%,8760,8.60%,6588,6.50%,4499,4.40%,21119,20.80%
E14001232,Exmouth and Exeter East,17536,17.50%,11860,11.90%,4462,4.50%,9658,9.70%,8459,8.50%,19100,19.10%,10832,10.80%,10097,10.10%,4215,4.20%,3711,3.70%
E14001233,Fareham and Waterlooville,16096,16.30%,11211,11.30%,4860,4.90%,10247,10.40%,8278,8.40%,19289,19.50%,11175,11.30%,9154,9.30%,5092,5.20%,3406,3.40%
E14001234,Farnham and Bordon,18976,18.90%,16323,16.30%,3487,3.50%,7318,7.30%,5790,5.80%,19427,19.40%,9088,9.10%,10706,10.70%,3935,3.90%,5146,5.10%
E14001235,Faversham and Mid Kent,19248,19.40%,10548,10.60%,4508,4.60%,8888,9.00%,9140,9.20%,17311,17.50%,10015,10.10%,10149,10.20%,5474,5.50%,3793,3.80%
E14001236,Feltham and Heston,28783,21.60%,8234,6.20%,6168,4.60%,12802,9.60%,15672,11.80%,15860,11.90%,11702,8.80%,11292,8.50%,13724,10.30%,8915,6.70%
E14001237,Filton and Bradley Stoke,20487,19.10%,14357,13.40%,4251,4.00%,8535,8.00%,8779,8.20%,18944,17.60%,11668,10.90%,6852,6.40%,3924,3.70%,9545,8.90%
E14001238,Finchley and Golders Green,26034,20.60%,21121,16.70%,2969,2.40%,6866,5.40%,5961,4.70%,21693,17.20%,9199,7.30%,13604,10.80%,10220,8.10%,8461,6.70%
E14001239,Folkestone and Hythe,15111,16.50%,7623,8.30%,4819,5.20%,10653,11.60%,8619,9.40%,15466,16.80%,9624,10.50%,9262,10.10%,7226,7.90%,3430,3.70%
E14001240,Forest of Dean,14700,16.10%,8937,9.80%,4734,5.20%,9501,10.40%,9620,10.50%,15047,16.40%,9033,9.90%,10611,11.60%,5251,5.70%,4124,4.50%
E14001241,Frome and East Somerset,17032,18.50%,9469,10.30%,4714,5.10%,9058,9.80%,9754,10.60%,15871,17.20%,8131,8.80%,10513,11.40%,3876,4.20%,3729,4.00%
E14001242,Fylde,14349,14.90%,12335,12.80%,4111,4.30%,8693,9.00%,7352,7.60%,19030,19.80%,10982,11.40%,9910,10.30%,5748,6.00%,3766,3.90%
E14001243,Gainsborough,16036,16.90%,8888,9.30%,5061,5.30%,10182,10.70%,9733,10.20%,16652,17.50%,9510,10.00%,9171,9.60%,6293,6.60%,3627,3.80%
E14001244,Gateshead Central and Whickham,17340,17.70%,8752,8.90%,4733,4.80%,10378,10.60%,11325,11.60%,15041,15.40%,9919,10.10%,5456,5.60%,9264,9.50%,5772,5.90%
E14001245,Gedling,18050,17.90%,10295,10.20%,4892,4.80%,9926,9.80%,10110,10.00%,18346,18.10%,11023,10.90%,8412,8.30%,5795,5.70%,4231,4.20%
E14001246,Gillingham and Rainham,20239,19.80%,8174,8.00%,4617,4.50%,10462,10.20%,10188,10.00%,16330,16.00%,11095,10.80%,8908,8.70%,6496,6.30%,5805,5.70%
E14001247,Glastonbury and Somerton,15007,16.30%,9257,10.10%,4304,4.70%,9209,10.00%,9034,9.80%,16814,18.30%,8683,9.40%,11867,12.90%,4066,4.40%,3722,4.00%
E14001248,Gloucester,22701,19.50%,8928,7.70%,6036,5.20%,13905,11.90%,13290,11.40%,17705,15.20%,12327,10.60%,7793,6.70%,7377,6.30%,6354,5.50%
E14001249,Godalming and Ash,18146,18.80%,16545,17.10%,3280,3.40%,6768,7.00%,5171,5.40%,19140,19.80%,8936,9.30%,10366,10.70%,3643,3.80%,4483,4.60%
E14001250,Goole and Pocklington,17518,16.90%,11780,11.40%,5210,5.00%,9437,9.10%,12083,11.70%,18308,17.70%,9769,9.40%,9766,9.40%,5633,5.40%,3899,3.80%
E14001251,Gorton and Denton,27069,23.80%,6168,5.40%,4638,4.10%,10693,9.40%,12897,11.30%,12847,11.30%,9851,8.70%,7840,6.90%,13440,11.80%,8252,7.30%
E14001252,Gosport,16701,17.30%,8373,8.70%,5191,5.40%,11347,11.80%,9654,10.00%,17740,18.40%,10612,11.00%,7503,7.80%,5449,5.70%,3697,3.80%
E14001253,Grantham and Bourne,17644,17.80%,9713,9.80%,5102,5.20%,10309,10.40%,11490,11.60%,16543,16.70%,9790,9.90%,9125,9.20%,5350,5.40%,3792,3.80%
E14001254,Gravesham,22346,20.90%,8562,8.00%,5154,4.80%,10552,9.90%,11545,10.80%,16052,15.00%,10500,9.80%,9831,9.20%,7456,7.00%,4903,4.60%
E14001255,Great Grimsby and Cleethorpes,21241,19.80%,4513,4.20%,6817,6.30%,12985,12.10%,19800,18.40%,12208,11.40%,8031,7.50%,6822,6.40%,10230,9.50%,4785,4.50%
E14001256,Great Yarmouth,17029,17.10%,5323,5.30%,5875,5.90%,13086,13.10%,14833,14.90%,13068,13.10%,9099,9.10%,9054,9.10%,8396,8.40%,3985,4.00%
E14001257,Greenwich and Woolwich,22100,18.80%,21607,18.40%,3473,3.00%,8162,6.90%,7324,6.20%,20987,17.90%,7840,6.70%,8100,6.90%,8559,7.30%,9303,7.90%
E14001258,Guildford,16958,16.70%,17018,16.70%,2982,2.90%,6275,6.20%,5284,5.20%,18085,17.80%,8201,8.10%,8357,8.20%,3721,3.70%,14855,14.60%
E14001259,Hackney North and Stoke Newington,26193,22.50%,14427,12.40%,2996,2.60%,7135,6.10%,7375,6.30%,21158,18.20%,8554,7.40%,9002,7.70%,11129,9.60%,8299,7.10%
E14001260,Hackney South and Shoreditch,18017,16.00%,18738,16.60%,3223,2.90%,7362,6.50%,8182,7.30%,21476,19.10%,6943,6.20%,8367,7.40%,10896,9.70%,9353,8.30%
E14001261,Halesowen,18297,19.30%,7140,7.50%,4663,4.90%,10615,11.20%,10711,11.30%,14564,15.40%,10128,10.70%,7001,7.40%,7194,7.60%,4424,4.70%
E14001262,Halifax,22505,20.90%,8274,7.70%,4732,4.40%,10620,9.90%,13036,12.10%,14928,13.90%,10154,9.40%,8157,7.60%,9842,9.10%,5336,5.00%
E14001263,Hamble Valley,19325,18.90%,14432,14.10%,4236,4.10%,8764,8.60%,6672,6.50%,21130,20.60%,10828,10.60%,9123,8.90%,3823,3.70%,4037,3.90%
E14001264,Hammersmith and Chiswick,18821,16.20%,22930,19.70%,3149,2.70%,6500,5.60%,6519,5.60%,23043,19.80%,7642,6.60%,9982,8.60%,8452,7.30%,9193,7.90%
E14001265,Hampstead and Highgate,19400,16.60%,28987,24.80%,2200,1.90%,5421,4.60%,4568,3.90%,23252,19.90%,6489,5.60%,9704,8.30%,8297,7.10%,8562,7.30%
E14001266,"Harborough, Oadby and Wigston",18207,18.00%,12722,12.50%,4004,3.90%,8844,8.70%,9291,9.20%,17877,17.60%,10320,10.20%,8630,8.50%,5408,5.30%,6103,6.00%
E14001267,Harlow,23161,20.80%,8827,7.90%,5349,4.80%,11166,10.00%,12173,11.00%,17293,15.60%,11376,10.20%,10349,9.30%,6577,5.90%,4849,4.40%
E14001268,Harpenden and Berkhamsted,20215,21.20%,19533,20.50%,2346,2.50%,5103,5.40%,4230,4.40%,19508,20.50%,8281,8.70%,8720,9.20%,2928,3.10%,4275,4.50%
E14001269,Harrogate and Knaresborough,16984,16.80%,15182,15.00%,3981,3.90%,9033,8.90%,7580,7.50%,20015,19.80%,9646,9.50%,9403,9.30%,4395,4.30%,4963,4.90%
E14001270,Harrow East,22076,18.70%,13550,11.50%,2995,2.50%,8474,7.20%,7963,6.70%,16363,13.80%,10318,8.70%,17222,14.60%,10815,9.10%,8530,7.20%
E14001271,Harrow West,24835,20.50%,14875,12.30%,3532,2.90%,8561,7.10%,8131,6.70%,18238,15.00%,10144,8.40%,12713,10.50%,10983,9.00%,9375,7.70%
E14001272,Hartlepool,17652,19.10%,5272,5.70%,5062,5.50%,11056,12.00%,11738,12.70%,12650,13.70%,8244,8.90%,5595,6.10%,10531,11.40%,4538,4.90%
E14001273,Harwich and North Essex,16332,16.60%,9983,10.20%,4600,4.70%,10259,10.50%,8547,8.70%,16738,17.10%,9716,9.90%,10267,10.50%,5415,5.50%,6246,6.40%
E14001274,Hastings and Rye,18061,17.20%,7912,7.50%,4829,4.60%,12191,11.60%,9356,8.90%,17611,16.80%,10166,9.70%,12503,11.90%,7884,7.50%,4304,4.10%
E14001275,Havant,16768,17.60%,9047,9.50%,4877,5.10%,11038,11.60%,9306,9.80%,15425,16.20%,9382,9.90%,9254,9.70%,6366,6.70%,3542,3.70%
E14001276,Hayes and Harlington,28961,22.90%,8126,6.40%,5504,4.40%,11696,9.30%,13684,10.80%,14474,11.50%,10357,8.20%,10518,8.30%,13691,10.80%,9393,7.40%
E14001277,Hazel Grove,16850,17.80%,11126,11.80%,4089,4.30%,8521,9.00%,7853,8.30%,17697,18.70%,11294,12.00%,7995,8.50%,5417,5.70%,3608,3.80%
E14001278,Hemel Hempstead,21194,20.50%,11519,11.20%,4248,4.10%,8841,8.60%,9509,9.20%,17636,17.10%,10742,10.40%,9911,9.60%,5416,5.20%,4280,4.10%
E14001279,Hendon,27209,20.80%,15849,12.10%,3709,2.80%,8790,6.70%,8398,6.40%,19140,14.60%,9838,7.50%,15642,12.00%,11182,8.50%,11113,8.50%
E14001280,Henley and Thame,17021,17.90%,16857,17.70%,3467,3.60%,6295,6.60%,5691,6.00%,18987,19.90%,8821,9.30%,10696,11.20%,3509,3.70%,3895,4.10%
E14001281,Hereford and South Herefordshire,16321,16.90%,8652,9.00%,4802,5.00%,11040,11.40%,11226,11.60%,16173,16.80%,8641,9.00%,10656,11.00%,5235,5.40%,3739,3.90%
E14001282,Herne Bay and Sandwich,15966,16.10%,8680,8.80%,4761,4.80%,11200,11.30%,8736,8.80%,17427,17.60%,10360,10.50%,11378,11.50%,6507,6.60%,3994,4.00%
E14001283,Hertford and Stortford,20600,19.50%,16333,15.50%,3899,3.70%,7702,7.30%,6957,6.60%,21225,20.10%,11273,10.70%,9239,8.70%,4111,3.90%,4360,4.10%
E14001284,Hertsmere,20989,19.80%,14828,14.00%,3350,3.20%,7561,7.10%,6181,5.80%,18644,17.60%,10636,10.00%,12097,11.40%,5679,5.40%,5943,5.60%
E14001285,Hexham,14476,15.70%,12764,13.90%,4068,4.40%,8165,8.90%,7244,7.90%,17389,18.90%,8557,9.30%,10251,11.10%,5537,6.00%,3621,3.90%
E14001286,Heywood and Middleton North,21272,21.20%,7059,7.00%,4499,4.50%,9911,9.90%,12258,12.20%,13825,13.80%,9715,9.70%,7805,7.80%,8858,8.80%,4968,5.00%
E14001287,High Peak,15273,16.80%,10704,11.80%,5007,5.50%,9090,10.00%,9361,10.30%,16289,17.90%,8463,9.30%,8658,9.50%,4550,5.00%,3539,3.90%
E14001288,Hinckley and Bosworth,16999,17.20%,10799,11.00%,5208,5.30%,9273,9.40%,11623,11.80%,17065,17.30%,9978,10.10%,8952,9.10%,4920,5.00%,3729,3.80%
E14001289,Hitchin,19890,20.10%,15399,15.60%,3791,3.80%,7133,7.20%,6392,6.50%,19813,20.10%,9976,10.10%,8721,8.80%,3712,3.80%,3892,3.90%
E14001290,Holborn and St Pancras,14852,14.00%,16867,15.90%,2601,2.50%,6288,5.90%,5645,5.30%,17104,16.10%,6152,5.80%,7494,7.10%,9793,9.20%,19221,18.10%
E14001291,Honiton and Sidmouth,13720,15.00%,9961,10.90%,4391,4.80%,9700,10.60%,7997,8.70%,16954,18.50%,9266,10.10%,12625,13.80%,4088,4.50%,2969,3.20%
E14001292,Hornchurch and Upminster,21138,19.70%,11771,10.90%,4286,4.00%,9061,8.40%,7910,7.40%,17603,16.40%,13372,12.40%,10462,9.70%,6796,6.30%,5111,4.80%
E14001293,Hornsey and Friern Barnet,18518,18.00%,20062,19.50%,2608,2.50%,5248,5.10%,5241,5.10%,21963,21.30%,6649,6.40%,10087,9.80%,6642,6.40%,6083,5.90%
E14001294,Horsham,19431,18.70%,15185,14.60%,4149,4.00%,8354,8.00%,6255,6.00%,21226,20.40%,11128,10.70%,10045,9.70%,3860,3.70%,4249,4.10%
E14001295,Houghton and Sunderland South,17877,17.80%,6196,6.20%,5678,5.70%,12258,12.20%,12415,12.40%,13785,13.70%,11125,11.10%,6060,6.00%,10800,10.80%,4246,4.20%
E14001296,Hove and Portslade,16958,16.70%,15127,14.90%,3341,3.30%,7825,7.70%,6037,5.90%,20820,20.50%,8948,8.80%,11122,11.00%,5682,5.60%,5675,5.60%
E14001297,Huddersfield,22577,20.20%,7870,7.00%,4790,4.30%,10599,9.50%,12839,11.50%,14755,13.20%,8824,7.90%,7735,6.90%,11540,10.30%,10514,9.40%
E14001298,Huntingdon,19266,17.80%,14631,13.50%,4854,4.50%,9277,8.60%,10045,9.30%,20664,19.10%,11638,10.80%,8889,8.20%,4784,4.40%,3959,3.70%
E14001299,Hyndburn,18988,20.20%,5727,6.10%,4962,5.30%,10495,11.20%,11543,12.30%,12960,13.80%,8577,9.10%,7464,7.90%,8537,9.10%,4772,5.10%
E14001300,Ilford North,25228,21.10%,13120,11.00%,3230,2.70%,8795,7.40%,7172,6.00%,16961,14.20%,10437,8.70%,13589,11.40%,11401,9.50%,9547,8.00%
E14001301,Ilford South,32324,24.70%,9827,7.50%,3619,2.80%,10330,7.90%,9239,7.10%,15302,11.70%,9927,7.60%,13045,10.00%,15385,11.80%,11672,8.90%
E14001302,Ipswich,22788,19.80%,9062,7.90%,5436,4.70%,12912,11.20%,14444,12.60%,17275,15.00%,11168,9.70%,8154,7.10%,7711,6.70%,5867,5.10%
E14001303,Isle of Wight East,9771,14.00%,5527,7.90%,3681,5.30%,9319,13.40%,6937,10.00%,11465,16.50%,6873,9.90%,8859,12.70%,4866,7.00%,2327,3.30%
E14001304,Isle of Wight West,11102,15.70%,5903,8.30%,3763,5.30%,8942,12.60%,6861,9.70%,12314,17.40%,7021,9.90%,8231,11.60%,4153,5.90%,2546,3.60%
E14001305,Islington North,17632,16.10%,20849,19.00%,3075,2.80%,6308,5.70%,7018,6.40%,21981,20.00%,7143,6.50%,7713,7.00%,9521,8.70%,8588,7.80%
E14001306,Islington South and Finsbury,16832,14.50%,24778,21.40%,2973,2.60%,6750,5.80%,6902,6.00%,20548,17.70%,7124,6.10%,7943,6.90%,9764,8.40%,12342,10.60%
E14001307,Jarrow and Gateshead East,17242,18.40%,5738,6.10%,5374,5.70%,11675,12.40%,12447,13.30%,12668,13.50%,9861,10.50%,4857,5.20%,9908,10.60%,4075,4.30%
E14001308,Keighley and Ilkley,19449,19.60%,10286,10.40%,4280,4.30%,9252,9.30%,9977,10.00%,15663,15.80%,8919,9.00%,8942,9.00%,7664,7.70%,4948,5.00%
E14001309,Kenilworth and Southam,15642,16.70%,16622,17.70%,3520,3.80%,6224,6.60%,5688,6.10%,18278,19.50%,8709,9.30%,9153,9.80%,3523,3.80%,6309,6.70%
E14001310,Kensington and Bayswater,18242,13.70%,30525,23.00%,2707,2.00%,7089,5.30%,6449,4.90%,22702,17.10%,7387,5.60%,12412,9.30%,11892,9.00%,13462,10.10%
E14001311,Kettering,21819,19.70%,10044,9.10%,5310,4.80%,10821,9.80%,14497,13.10%,17852,16.10%,10896,9.90%,9392,8.50%,5555,5.00%,4414,4.00%
E14001312,Kingston and Surbiton,21701,18.90%,18516,16.10%,3399,3.00%,7575,6.60%,6326,5.50%,21613,18.80%,9738,8.50%,10076,8.80%,6305,5.50%,9874,8.60%
E14001313,Kingston upon Hull East,21469,20.80%,4090,4.00%,6437,6.20%,13865,13.40%,16971,16.40%,11304,10.90%,8691,8.40%,5481,5.30%,10347,10.00%,4601,4.50%
E14001314,Kingston upon Hull North and Cottingham,21807,18.90%,6728,5.80%,6326,5.50%,11966,10.40%,16767,14.50%,15287,13.20%,9386,8.10%,6627,5.70%,10067,8.70%,10538,9.10%
E14001315,Kingston upon Hull West and Haltemprice,18965,18.10%,7168,6.80%,6101,5.80%,12097,11.50%,15065,14.40%,15297,14.60%,9907,9.40%,7059,6.70%,8550,8.10%,4756,4.50%
E14001316,Kingswinford and South Staffordshire,13832,15.60%,10180,11.50%,4312,4.90%,8346,9.40%,7686,8.70%,17200,19.40%,10800,12.20%,7904,8.90%,4775,5.40%,3500,4.00%
E14001317,Knowsley,18585,19.90%,4967,5.30%,4428,4.70%,10572,11.30%,12429,13.30%,11991,12.80%,9986,10.70%,6148,6.60%,10299,11.00%,4195,4.50%
E14001318,Lancaster and Wyre,14803,15.30%,9599,9.90%,4089,4.20%,8415,8.70%,8316,8.60%,15319,15.80%,7714,8.00%,8232,8.50%,5459,5.60%,14887,15.40%
E14001319,Leeds Central and Headingley,11510,10.80%,9556,9.00%,2455,2.30%,5752,5.40%,6276,5.90%,12808,12.00%,6544,6.20%,4300,4.00%,5985,5.60%,41176,38.70%
E14001320,Leeds East,24861,22.10%,8227,7.30%,5215,4.60%,11294,10.00%,13047,11.60%,14711,13.10%,11123,9.90%,7591,6.70%,10302,9.20%,6210,5.50%
E14001321,Leeds North East,19226,20.00%,15577,16.20%,2668,2.80%,6874,7.10%,5915,6.10%,17834,18.50%,8466,8.80%,7176,7.50%,6898,7.20%,5546,5.80%
E14001322,Leeds North West,17357,18.70%,15067,16.20%,3314,3.60%,6847,7.40%,5935,6.40%,18653,20.10%,9439,10.20%,7567,8.20%,4163,4.50%,4380,4.70%
E14001323,Leeds South,28030,22.50%,8681,7.00%,5217,4.20%,12498,10.00%,17989,14.50%,13877,11.20%,10031,8.10%,6911,5.60%,12256,9.90%,8900,7.20%
E14001324,Leeds South West and Morley,17896,18.70%,9660,10.10%,4690,4.90%,9108,9.50%,10429,10.90%,16007,16.70%,11120,11.60%,7039,7.40%,5828,6.10%,3943,4.10%
E14001325,Leeds West and Pudsey,19910,19.80%,9278,9.20%,4804,4.80%,9691,9.60%,11923,11.80%,15966,15.90%,10320,10.20%,6823,6.80%,7230,7.20%,4784,4.70%
E14001326,Leicester East,27379,22.00%,5545,4.40%,4399,3.50%,11501,9.20%,24794,19.90%,10951,8.80%,9361,7.50%,6987,5.60%,15138,12.10%,8599,6.90%
E14001327,Leicester South,22700,19.10%,7895,6.60%,3382,2.80%,8520,7.20%,15461,13.00%,11791,9.90%,7755,6.50%,6054,5.10%,12480,10.50%,22763,19.20%
E14001328,Leicester West,27478,22.00%,6166,4.90%,5230,4.20%,12481,10.00%,20881,16.70%,12750,10.20%,9263,7.40%,7205,5.80%,11479,9.20%,12181,9.70%
E14001329,Leigh and Atherton,20217,18.70%,7817,7.20%,5713,5.30%,11758,10.90%,13449,12.40%,16447,15.20%,11217,10.40%,8664,8.00%,8423,7.80%,4472,4.10%
E14001330,Lewes,15353,16.10%,11408,12.00%,4037,4.20%,8841,9.30%,6929,7.30%,18418,19.40%,10001,10.50%,11295,11.90%,4873,5.10%,3942,4.10%
E14001331,Lewisham East,24551,20.90%,12621,10.80%,4181,3.60%,9972,8.50%,9189,7.80%,19582,16.70%,9447,8.10%,9948,8.50%,10101,8.60%,7602,6.50%
E14001332,Lewisham North,20140,17.20%,18002,15.40%,3842,3.30%,8249,7.00%,8526,7.30%,22619,19.30%,8137,6.90%,8199,7.00%,8846,7.60%,10570,9.00%
E14001333,Lewisham West and East Dulwich,19990,20.10%,17513,17.60%,2755,2.80%,5750,5.80%,5520,5.50%,21375,21.50%,7256,7.30%,7899,7.90%,5993,6.00%,5542,5.60%
E14001334,Leyton and Wanstead,22515,19.20%,15184,13.00%,3881,3.30%,7756,6.60%,8137,6.90%,20602,17.60%,8683,7.40%,12778,10.90%,9826,8.40%,7883,6.70%
E14001335,Lichfield,16335,17.00%,12196,12.70%,4515,4.70%,8675,9.00%,9077,9.40%,18568,19.30%,9334,9.70%,8823,9.20%,4897,5.10%,3779,3.90%
E14001336,Lincoln,19098,16.30%,8061,6.90%,5695,4.90%,12479,10.60%,14162,12.10%,16106,13.70%,10224,8.70%,7651,6.50%,7427,6.30%,16468,14.00%
E14001337,Liverpool Garston,17668,18.80%,9731,10.30%,4010,4.30%,9406,10.00%,9303,9.90%,15579,16.60%,9456,10.00%,6002,6.40%,8223,8.70%,4726,5.00%
E14001338,Liverpool Riverside,16280,13.80%,7482,6.40%,3833,3.30%,9586,8.10%,12622,10.70%,12335,10.50%,8149,6.90%,5683,4.80%,14030,11.90%,27737,23.60%
E14001339,Liverpool Walton,20314,19.90%,4721,4.60%,4509,4.40%,11467,11.30%,14243,14.00%,12476,12.20%,11002,10.80%,6500,6.40%,11231,11.00%,5385,5.30%
E14001340,Liverpool Wavertree,15952,15.50%,9504,9.30%,3345,3.30%,7574,7.40%,8660,8.40%,15694,15.30%,8493,8.30%,6228,6.10%,9742,9.50%,17551,17.10%
E14001341,Liverpool West Derby,18204,18.70%,5817,6.00%,4212,4.30%,10899,11.20%,11516,11.80%,13617,14.00%,10451,10.70%,6710,6.90%,10402,10.70%,5467,5.60%
E14001342,Loughborough,15568,15.50%,10532,10.50%,4450,4.40%,7993,7.90%,9851,9.80%,14828,14.70%,8226,8.20%,6562,6.50%,5430,5.40%,17284,17.20%
E14001343,Louth and Horncastle,14296,14.80%,6910,7.20%,5690,5.90%,11716,12.10%,11041,11.40%,15907,16.50%,9171,9.50%,11519,11.90%,7255,7.50%,3104,3.20%
E14001344,Lowestoft,15877,16.80%,6103,6.50%,5618,5.90%,13056,13.80%,12742,13.50%,13504,14.30%,8984,9.50%,8433,8.90%,6798,7.20%,3436,3.60%
E14001345,Luton North,27208,23.50%,7541,6.50%,4562,3.90%,10350,8.90%,12048,10.40%,14965,12.90%,10373,9.00%,9847,8.50%,10875,9.40%,7989,6.90%
E14001346,Luton South and South Bedfordshire,27562,22.30%,7660,6.20%,5056,4.10%,10736,8.70%,14800,12.00%,14072,11.40%,9645,7.80%,10840,8.80%,12543,10.20%,10586,8.60%
E14001347,Macclesfield,15959,16.70%,14624,15.30%,3838,4.00%,7898,8.30%,7096,7.40%,19157,20.00%,9617,10.10%,9150,9.60%,4636,4.90%,3596,3.80%
E14001348,Maidenhead,20363,19.50%,18784,18.00%,3559,3.40%,6588,6.30%,5488,5.30%,20291,19.50%,9673,9.30%,10014,9.60%,4968,4.80%,4477,4.30%
E14001349,Maidstone and Malling,21487,19.80%,11856,10.90%,4671,4.30%,9238,8.50%,10532,9.70%,19554,18.00%,11714,10.80%,9505,8.70%,5677,5.20%,4542,4.20%
E14001350,Makerfield,18628,18.10%,7336,7.10%,5836,5.70%,10931,10.60%,13920,13.50%,16066,15.60%,10708,10.40%,7577,7.30%,7726,7.50%,4430,4.30%
E14001351,Maldon,16775,16.80%,12112,12.10%,4327,4.30%,9220,9.20%,7944,7.90%,18271,18.30%,11188,11.20%,11458,11.50%,5157,5.20%,3523,3.50%
E14001352,Manchester Central,21816,17.80%,12803,10.50%,4287,3.50%,9641,7.90%,12192,10.00%,17290,14.10%,9778,8.00%,6873,5.60%,11744,9.60%,15993,13.10%
E14001353,Manchester Rusholme,19733,17.80%,7265,6.60%,2546,2.30%,6548,5.90%,8432,7.60%,11335,10.20%,6233,5.60%,5498,5.00%,12007,10.80%,31067,28.10%
E14001354,Manchester Withington,14021,15.40%,16150,17.70%,2045,2.20%,4796,5.30%,5043,5.50%,17372,19.10%,6829,7.50%,5556,6.10%,5977,6.60%,13243,14.50%
E14001355,Mansfield,19249,18.30%,6429,6.10%,6594,6.30%,13062,12.40%,16787,15.90%,14139,13.40%,9350,8.90%,7790,7.40%,8144,7.70%,3785,3.60%
E14001356,Melksham and Devizes,15859,17.00%,11874,12.70%,4448,4.80%,8490,9.10%,8998,9.70%,17549,18.80%,9228,9.90%,9464,10.20%,3976,4.30%,3306,3.50%
E14001357,Melton and Syston,16647,17.60%,9861,10.50%,4997,5.30%,9151,9.70%,10812,11.50%,15895,16.80%,9396,10.00%,9113,9.70%,4704,5.00%,3779,4.00%
E14001358,Meriden and Solihull East,19605,19.70%,13499,13.60%,4051,4.10%,8797,8.80%,8256,8.30%,16834,16.90%,10011,10.10%,7241,7.30%,6584,6.60%,4552,4.60%
E14001359,Mid Bedfordshire,19868,19.90%,13818,13.90%,4054,4.10%,6954,7.00%,6919,6.90%,19641,19.70%,10321,10.40%,9377,9.40%,3692,3.70%,4978,5.00%
E14001360,Mid Buckinghamshire,18816,19.20%,16629,17.00%,3368,3.40%,6275,6.40%,5085,5.20%,20111,20.60%,9774,10.00%,10520,10.80%,3373,3.40%,3846,3.90%
E14001361,Mid Cheshire,17598,18.70%,10130,10.80%,5139,5.50%,9478,10.10%,11127,11.80%,15144,16.10%,9199,9.80%,7011,7.40%,5699,6.10%,3606,3.80%
E14001362,Mid Derbyshire,14614,16.60%,11571,13.10%,4780,5.40%,8089,9.20%,7769,8.80%,17291,19.60%,9400,10.70%,6820,7.80%,3979,4.50%,3682,4.20%
E14001363,Mid Dorset and North Poole,15866,16.70%,11431,12.00%,4357,4.60%,9579,10.10%,7656,8.00%,18407,19.30%,10526,11.10%,9457,9.90%,4032,4.20%,3837,4.00%
E14001364,Mid Leicestershire,18808,18.50%,11701,11.50%,4717,4.60%,8679,8.50%,9929,9.80%,18349,18.10%,10986,10.80%,8997,8.90%,5096,5.00%,4378,4.30%
E14001365,Mid Norfolk,15715,16.30%,8295,8.60%,5080,5.30%,10841,11.30%,11099,11.50%,15938,16.60%,9838,10.20%,10828,11.30%,5226,5.40%,3325,3.50%
E14001366,Mid Sussex,19308,19.60%,15505,15.80%,3576,3.60%,7542,7.70%,5443,5.50%,20144,20.50%,10417,10.60%,8969,9.10%,3471,3.50%,4023,4.10%
E14001367,Middlesbrough and Thornaby East,24142,21.70%,4636,4.20%,4934,4.40%,12420,11.20%,14356,12.90%,11380,10.20%,8621,7.70%,5957,5.40%,14845,13.30%,10048,9.00%
E14001368,Middlesbrough South and East Cleveland,16734,18.10%,6694,7.20%,5654,6.10%,10926,11.80%,10500,11.40%,14238,15.40%,8798,9.50%,6031,6.50%,8717,9.40%,4116,4.50%
E14001369,Milton Keynes Central,27735,22.00%,16099,12.80%,4493,3.60%,9970,7.90%,13470,10.70%,19573,15.60%,11646,9.30%,8309,6.60%,6777,5.40%,7744,6.20%
E14001370,Milton Keynes North,20481,20.60%,12820,12.90%,3963,4.00%,8108,8.10%,9225,9.30%,17343,17.40%,10252,10.30%,7940,8.00%,4973,5.00%,4500,4.50%
E14001371,Mitcham and Morden,24582,19.90%,12389,10.00%,4681,3.80%,10754,8.70%,10066,8.10%,19105,15.40%,10861,8.80%,13631,11.00%,9701,7.80%,7992,6.50%
E14001372,Morecambe and Lunesdale,16326,16.60%,9162,9.30%,5284,5.40%,11009,11.20%,9762,9.90%,16913,17.20%,9448,9.60%,10487,10.70%,5868,6.00%,4047,4.10%
E14001373,New Forest East,15148,16.70%,10107,11.10%,5453,6.00%,9057,10.00%,8327,9.20%,16467,18.10%,9785,10.80%,8763,9.70%,4544,5.00%,3130,3.40%
E14001374,New Forest West,11893,14.00%,10784,12.70%,3934,4.60%,8917,10.50%,6462,7.60%,16323,19.20%,8983,10.60%,10648,12.50%,4204,4.90%,2858,3.40%
E14001375,Newark,17752,16.90%,12320,11.70%,4843,4.60%,9673,9.20%,11219,10.70%,18680,17.80%,9706,9.20%,10123,9.60%,6049,5.80%,4697,4.50%
E14001376,Newbury,18508,19.00%,14741,15.10%,4304,4.40%,8823,9.00%,8093,8.30%,17086,17.50%,9757,10.00%,8604,8.80%,4034,4.10%,3706,3.80%
E14001377,Newcastle upon Tyne Central and West,25089,19.20%,7890,6.00%,5285,4.00%,12245,9.40%,14120,10.80%,13865,10.60%,10121,7.70%,7439,5.70%,14902,11.40%,19787,15.10%
E14001378,Newcastle upon Tyne East and Wallsend,18748,16.30%,8624,7.50%,5120,4.50%,12069,10.50%,13265,11.50%,15252,13.30%,10981,9.60%,5866,5.10%,11519,10.00%,13463,11.70%
E14001379,Newcastle upon Tyne North,17265,16.20%,16815,15.80%,3185,3.00%,7058,6.60%,6927,6.50%,18224,17.10%,9382,8.80%,5652,5.30%,6549,6.10%,15676,14.70%
E14001380,Newcastle-under-Lyme,15361,16.50%,7904,8.50%,4604,5.00%,9370,10.10%,11942,12.90%,14227,15.30%,8858,9.50%,6664,7.20%,5652,6.10%,8318,9.00%
E14001381,Newton Abbot,14633,15.70%,9073,9.70%,4755,5.10%,10834,11.60%,9092,9.70%,16947,18.20%,9512,10.20%,10534,11.30%,4751,5.10%,3224,3.50%
E14001382,Newton Aycliffe and Spennymoor,16620,17.60%,6645,7.00%,5681,6.00%,11303,12.00%,12914,13.70%,14061,14.90%,8910,9.40%,6139,6.50%,8206,8.70%,4037,4.30%
E14001383,Normanton and Hemsworth,19155,18.60%,6718,6.50%,6213,6.00%,11015,10.70%,18200,17.70%,14075,13.70%,9183,8.90%,7078,6.90%,7627,7.40%,3735,3.60%
E14001384,North Bedfordshire,20060,19.20%,14256,13.70%,4448,4.30%,8005,7.70%,7806,7.50%,20241,19.40%,11099,10.70%,9994,9.60%,4195,4.00%,4110,3.90%
E14001385,North Cornwall,16702,16.80%,7657,7.70%,5319,5.40%,11239,11.30%,10666,10.80%,15224,15.40%,8080,8.10%,15540,15.70%,5275,5.30%,3454,3.50%
E14001386,North Cotswolds,16073,17.40%,13455,14.60%,3898,4.20%,7548,8.20%,6425,7.00%,17746,19.20%,9003,9.80%,11215,12.10%,3589,3.90%,3368,3.60%
E14001387,North Devon,16418,16.60%,7937,8.00%,5248,5.30%,11499,11.70%,10089,10.20%,16292,16.50%,8844,9.00%,13689,13.90%,5083,5.20%,3512,3.60%
E14001388,North Dorset,15151,16.30%,10164,10.90%,4631,5.00%,8762,9.40%,8601,9.20%,17174,18.40%,9395,10.10%,11708,12.60%,3971,4.30%,3598,3.90%
E14001389,North Durham,16246,17.10%,7348,7.70%,5257,5.50%,11057,11.60%,11495,12.10%,14663,15.40%,9929,10.50%,6413,6.80%,8489,8.90%,4072,4.30%
E14001390,North East Cambridgeshire,17630,17.20%,6527,6.40%,6117,6.00%,11751,11.50%,16181,15.80%,13942,13.60%,9731,9.50%,9759,9.50%,7458,7.30%,3366,3.30%
E14001391,North East Derbyshire,15195,16.40%,8899,9.60%,4856,5.30%,10260,11.10%,10678,11.60%,15591,16.90%,9655,10.40%,8217,8.90%,5739,6.20%,3349,3.60%
E14001392,North East Hampshire,19600,19.40%,18920,18.70%,3307,3.30%,6686,6.60%,4852,4.80%,20821,20.60%,10130,10.00%,9238,9.20%,3366,3.30%,4037,4.00%
E14001393,North East Hertfordshire,19439,18.90%,15143,14.70%,4168,4.10%,8565,8.30%,7714,7.50%,19087,18.60%,10148,9.90%,10149,9.90%,4484,4.40%,3895,3.80%
E14001394,North East Somerset and Hanham,16800,17.60%,11729,12.30%,4136,4.30%,8859,9.30%,8008,8.40%,17479,18.30%,10802,11.30%,9235,9.70%,3663,3.80%,4832,5.10%
E14001395,North Herefordshire,13580,15.00%,10203,11.30%,4008,4.40%,9036,10.00%,8117,9.00%,16659,18.40%,8231,9.10%,13005,14.40%,4505,5.00%,3208,3.50%
E14001396,North Norfolk,11411,13.10%,7779,8.90%,4718,5.40%,10806,12.40%,9144,10.50%,14814,17.00%,8373,9.60%,12172,14.00%,5232,6.00%,2519,2.90%
E14001397,North Northumberland,13342,14.50%,9358,10.20%,5111,5.60%,9950,10.80%,9791,10.70%,16312,17.80%,8541,9.30%,9604,10.50%,7096,7.70%,2759,3.00%
E14001398,North Shropshire,16626,16.50%,9302,9.20%,5139,5.10%,10809,10.70%,11516,11.40%,17162,17.00%,9448,9.40%,11422,11.30%,5354,5.30%,4163,4.10%
E14001399,North Somerset,16670,17.70%,14608,15.50%,3611,3.80%,7833,8.30%,6566,7.00%,19186,20.40%,9979,10.60%,8743,9.30%,3367,3.60%,3659,3.90%
E14001400,North Warwickshire and Bedworth,16773,17.90%,7283,7.80%,5504,5.90%,10100,10.80%,12617,13.50%,14169,15.10%,9561,10.20%,7755,8.30%,6180,6.60%,3723,4.00%
E14001401,North West Cambridgeshire,24233,21.20%,11927,10.40%,5133,4.50%,9873,8.60%,12906,11.30%,18916,16.60%,11937,10.50%,8805,7.70%,5830,5.10%,4658,4.10%
E14001402,North West Essex,20659,19.80%,15201,14.50%,3883,3.70%,7738,7.40%,6583,6.30%,20313,19.40%,10423,10.00%,11319,10.80%,4063,3.90%,4345,4.20%
E14001403,North West Hampshire,21319,19.70%,14695,13.60%,4924,4.60%,9419,8.70%,9680,8.90%,19737,18.20%,11323,10.50%,9000,8.30%,4418,4.10%,3701,3.40%
E14001404,North West Leicestershire,17584,17.70%,10474,10.50%,5819,5.90%,9233,9.30%,12456,12.50%,16806,16.90%,9517,9.60%,8132,8.20%,4848,4.90%,4482,4.50%
E14001405,North West Norfolk,16908,16.40%,7568,7.30%,6079,5.90%,12590,12.20%,13922,13.50%,15812,15.30%,9705,9.40%,10564,10.20%,6688,6.50%,3266,3.20%
E14001406,Northampton North,25238,19.70%,8430,6.60%,5614,4.40%,11922,9.30%,20617,16.10%,16780,13.10%,11396,8.90%,10627,8.30%,8370,6.50%,9275,7.20%
E14001407,Northampton South,22880,20.70%,11315,10.30%,4451,4.00%,8943,8.10%,12681,11.50%,17324,15.70%,11261,10.20%,9513,8.60%,5450,4.90%,6570,6.00%
E14001408,Norwich North,17145,17.30%,8117,8.20%,5214,5.30%,11709,11.80%,11894,12.00%,15705,15.80%,10766,10.90%,8658,8.70%,5712,5.80%,4206,4.20%
E14001409,Norwich South,15468,14.70%,10892,10.40%,3907,3.70%,9375,8.90%,10632,10.10%,16261,15.50%,8342,7.90%,7213,6.90%,6281,6.00%,16857,16.00%
E14001410,Nottingham East,20355,16.70%,9539,7.80%,3944,3.20%,9097,7.50%,13280,10.90%,14371,11.80%,7641,6.30%,7140,5.90%,10985,9.00%,25562,21.00%
E14001411,Nottingham North and Kimberley,24326,22.40%,6111,5.60%,5264,4.80%,12028,11.10%,15410,14.20%,13012,12.00%,9420,8.70%,6739,6.20%,10155,9.30%,6283,5.80%
E14001412,Nottingham South,17454,16.00%,7598,6.90%,3639,3.30%,8098,7.40%,11583,10.60%,10930,10.00%,6938,6.30%,5257,4.80%,7971,7.30%,29896,27.30%
E14001413,Nuneaton,19145,19.20%,7821,7.90%,5274,5.30%,10509,10.60%,14113,14.20%,14954,15.00%,10052,10.10%,6608,6.60%,6885,6.90%,4124,4.10%
E14001414,Old Bexley and Sidcup,19070,18.90%,12227,12.10%,4022,4.00%,7884,7.80%,6549,6.50%,17817,17.60%,13201,13.10%,9247,9.10%,5759,5.70%,5315,5.30%
E14001415,Oldham East and Saddleworth,24440,22.50%,7666,7.10%,4425,4.10%,9825,9.00%,12288,11.30%,14667,13.50%,9538,8.80%,8783,8.10%,10692,9.80%,6284,5.80%
E14001416,"Oldham West, Chadderton and Royton",26776,23.90%,5562,5.00%,4863,4.30%,10048,9.00%,13841,12.40%,12787,11.40%,9862,8.80%,7580,6.80%,12943,11.60%,7765,6.90%
E14001417,Orpington,19876,20.20%,14627,14.90%,3307,3.40%,7285,7.40%,5649,5.80%,17607,17.90%,11087,11.30%,8713,8.90%,5594,5.70%,4482,4.60%
E14001418,Ossett and Denby Dale,16225,17.40%,10896,11.70%,4342,4.70%,7926,8.50%,9847,10.60%,16893,18.10%,9659,10.40%,7948,8.50%,5191,5.60%,4294,4.60%
E14001419,Oxford East,19959,17.00%,16356,13.90%,4423,3.80%,9426,8.00%,10818,9.20%,17147,14.60%,8078,6.90%,6351,5.40%,6819,5.80%,18082,15.40%
E14001420,Oxford West and Abingdon,16464,15.50%,18949,17.80%,3199,3.00%,5815,5.50%,5777,5.40%,17055,16.00%,7673,7.20%,6361,6.00%,3705,3.50%,21265,20.00%
E14001421,Peckham,18818,17.40%,13647,12.60%,3719,3.40%,8467,7.80%,10732,9.90%,17996,16.60%,7435,6.90%,7038,6.50%,9656,8.90%,10595,9.80%
E14001422,Pendle and Clitheroe,21839,20.10%,8687,8.00%,5408,5.00%,10996,10.10%,13013,12.00%,16203,14.90%,8845,8.10%,9805,9.00%,8799,8.10%,5201,4.80%
E14001423,Penistone and Stocksbridge,14614,16.40%,9578,10.80%,4634,5.20%,9133,10.30%,9122,10.20%,16097,18.10%,9581,10.80%,7645,8.60%,5098,5.70%,3517,4.00%
E14001424,Penrith and Solway,14996,15.40%,9130,9.40%,5631,5.80%,10375,10.70%,11722,12.10%,16146,16.60%,7946,8.20%,12177,12.50%,5842,6.00%,3275,3.40%
E14001425,Peterborough,28963,22.30%,7973,6.10%,5942,4.60%,12809,9.90%,20757,16.00%,15160,11.70%,11377,8.80%,9259,7.10%,10993,8.50%,6434,5.00%
E14001426,Plymouth Moor View,19528,19.40%,6088,6.10%,5587,5.60%,12707,12.60%,13193,13.10%,14103,14.00%,10515,10.50%,6820,6.80%,7290,7.20%,4778,4.70%
E14001427,Plymouth Sutton and Devonport,16522,15.40%,7808,7.30%,5043,4.70%,10871,10.10%,12269,11.40%,15366,14.30%,9267,8.60%,7758,7.20%,7734,7.20%,14750,13.70%
E14001428,"Pontefract, Castleford and Knottingley",19039,18.90%,6572,6.50%,6588,6.50%,11088,11.00%,16901,16.70%,13932,13.80%,9612,9.50%,6098,6.00%,7627,7.60%,3455,3.40%
E14001429,Poole,16488,17.00%,11214,11.50%,4317,4.40%,10117,10.40%,9107,9.40%,17373,17.90%,10001,10.30%,9516,9.80%,5250,5.40%,3814,3.90%
E14001430,Poplar and Limehouse,25700,18.50%,28207,20.30%,3805,2.70%,8369,6.00%,7468,5.40%,21403,15.40%,8768,6.30%,7885,5.70%,13763,9.90%,13243,9.60%
E14001431,Portsmouth North,19922,19.90%,7721,7.70%,4870,4.90%,10709,10.70%,10532,10.50%,16327,16.30%,10531,10.50%,8770,8.80%,6071,6.10%,4680,4.70%
E14001432,Portsmouth South,17261,16.00%,9066,8.40%,4296,4.00%,9719,9.00%,9760,9.00%,15764,14.60%,8224,7.60%,7989,7.40%,7203,6.70%,18590,17.20%
E14001433,Preston,22945,19.90%,7260,6.30%,4910,4.30%,11149,9.70%,14724,12.70%,14101,12.20%,10633,9.20%,6620,5.70%,10192,8.80%,12951,11.20%
E14001434,Putney,19410,17.40%,24377,21.90%,2739,2.50%,5795,5.20%,5542,5.00%,22377,20.10%,7520,6.80%,9249,8.30%,6675,6.00%,7636,6.90%
E14001435,Queen's Park and Maida Vale,21649,17.50%,17217,13.90%,3767,3.00%,9054,7.30%,9451,7.60%,19579,15.80%,8000,6.50%,10481,8.50%,14417,11.60%,10351,8.30%
E14001436,Rawmarsh and Conisbrough,17704,18.80%,5611,6.00%,5587,5.90%,11493,12.20%,13303,14.10%,12852,13.60%,9322,9.90%,6808,7.20%,7900,8.40%,3680,3.90%
E14001437,Rayleigh and Wickford,16939,17.60%,11028,11.40%,4303,4.50%,8803,9.10%,7229,7.50%,17433,18.10%,12838,13.30%,9692,10.00%,4710,4.90%,3527,3.70%
E14001438,Reading Central,20823,17.90%,18008,15.50%,3953,3.40%,9272,8.00%,9885,8.50%,19434,16.70%,9384,8.10%,7538,6.50%,7028,6.00%,11010,9.50%
E14001439,Reading West and Mid Berkshire,18954,19.90%,13777,14.50%,3720,3.90%,7776,8.20%,7257,7.60%,16843,17.70%,9932,10.40%,8550,9.00%,4232,4.40%,4201,4.40%
E14001440,Redcar,16741,17.90%,5324,5.70%,5956,6.40%,11806,12.70%,11586,12.40%,13304,14.30%,8669,9.30%,5644,6.10%,9958,10.70%,4298,4.60%
E14001441,Redditch,18623,18.80%,9153,9.30%,5195,5.30%,11175,11.30%,11132,11.30%,15830,16.00%,9771,9.90%,8189,8.30%,5824,5.90%,3918,4.00%
E14001442,Reigate,21812,20.10%,17936,16.50%,3365,3.10%,7177,6.60%,5747,5.30%,21331,19.60%,11063,10.20%,10494,9.70%,4988,4.60%,4654,4.30%
E14001443,Ribble Valley,17227,17.40%,12599,12.70%,4437,4.50%,7839,7.90%,7674,7.70%,19559,19.70%,10846,10.90%,9473,9.60%,4980,5.00%,4462,4.50%
E14001444,Richmond and Northallerton,14346,15.40%,10607,11.40%,4510,4.80%,8245,8.90%,8720,9.40%,18283,19.60%,9415,10.10%,10684,11.50%,5022,5.40%,3215,3.50%
E14001445,Richmond Park,23299,20.90%,26203,23.50%,1933,1.70%,4458,4.00%,3473,3.10%,22949,20.60%,7457,6.70%,10194,9.10%,5143,4.60%,6373,5.70%
E14001446,Rochdale,23584,22.90%,6171,6.00%,4110,4.00%,9143,8.90%,12545,12.20%,12833,12.50%,8691,8.40%,7709,7.50%,11666,11.30%,6451,6.30%
E14001447,Rochester and Strood,20565,20.00%,8850,8.60%,5043,4.90%,9751,9.50%,10313,10.00%,16732,16.20%,10897,10.60%,9288,9.00%,6661,6.50%,4944,4.80%
E14001448,Romford,21645,20.00%,10832,10.00%,4299,4.00%,9214,8.50%,7899,7.30%,17921,16.60%,12576,11.60%,11245,10.40%,7108,6.60%,5525,5.10%
E14001449,Romsey and Southampton North,15829,16.10%,14104,14.30%,3766,3.80%,7285,7.40%,7271,7.40%,18033,18.30%,9037,9.20%,9396,9.50%,4439,4.50%,9453,9.60%
E14001450,Rossendale and Darwen,19015,18.80%,9295,9.20%,4948,4.90%,9741,9.60%,10980,10.80%,17191,17.00%,10185,10.00%,8931,8.80%,6580,6.50%,4542,4.50%
E14001451,Rother Valley,16499,18.00%,7809,8.50%,5250,5.70%,9885,10.80%,10311,11.20%,14640,16.00%,9588,10.50%,7603,8.30%,6570,7.20%,3569,3.90%
E14001452,Rotherham,21436,19.80%,6086,5.60%,5568,5.10%,12916,11.90%,14642,13.50%,13276,12.30%,9959,9.20%,7810,7.20%,11466,10.60%,5055,4.70%
E14001453,Rugby,21051,19.20%,12107,11.10%,5303,4.80%,9625,8.80%,14563,13.30%,18350,16.80%,10294,9.40%,8032,7.30%,5144,4.70%,4938,4.50%
E14001454,"Ruislip, Northwood and Pinner",19008,19.00%,18108,18.10%,2645,2.60%,5808,5.80%,4540,4.50%,18750,18.80%,10169,10.20%,9608,9.60%,6156,6.20%,5081,5.10%
E14001455,Runcorn and Helsby,16989,18.20%,8997,9.70%,5129,5.50%,9441,10.10%,10964,11.80%,14716,15.80%,9730,10.40%,6265,6.70%,6910,7.40%,3996,4.30%
E14001456,Runnymede and Weybridge,20363,19.20%,16865,15.90%,3622,3.40%,7325,6.90%,6289,5.90%,19870,18.70%,10093,9.50%,10384,9.80%,5108,4.80%,6189,5.80%
E14001457,Rushcliffe,17975,17.90%,18147,18.10%,3282,3.30%,6448,6.40%,5917,5.90%,20397,20.30%,9112,9.10%,8131,8.10%,4288,4.30%,6544,6.50%
E14001458,Rutland and Stamford,15735,16.70%,12847,13.60%,4049,4.30%,7701,8.20%,7875,8.40%,18339,19.50%,8998,9.50%,10286,10.90%,4373,4.60%,4035,4.30%
E14001459,Salford,20971,17.40%,11467,9.50%,4475,3.70%,9856,8.20%,12772,10.60%,18606,15.40%,11164,9.30%,6712,5.60%,10893,9.00%,13682,11.30%
E14001460,Salisbury,15821,17.10%,12230,13.20%,3963,4.30%,8356,9.00%,7329,7.90%,18222,19.70%,9641,10.40%,9531,10.30%,4014,4.30%,3404,3.70%
E14001461,Scarborough and Whitby,15149,15.60%,6894,7.10%,6210,6.40%,11869,12.20%,11995,12.30%,15371,15.80%,7872,8.10%,11178,11.50%,6890,7.10%,3757,3.90%
E14001462,Scunthorpe,19753,18.70%,6116,5.80%,7067,6.70%,12678,12.00%,17756,16.80%,13528,12.80%,8516,8.10%,6496,6.20%,8911,8.50%,4629,4.40%
E14001463,Sefton Central,14122,15.60%,11177,12.30%,3522,3.90%,8178,9.00%,6218,6.80%,18934,20.90%,11498,12.70%,7494,8.30%,5667,6.20%,3975,4.40%
E14001464,Selby,18288,18.10%,10887,10.80%,5949,5.90%,9580,9.50%,11234,11.10%,17625,17.50%,10022,9.90%,8644,8.60%,4900,4.90%,3752,3.70%
E14001465,Sevenoaks,19881,20.00%,15345,15.40%,3622,3.60%,7108,7.10%,6313,6.30%,17922,18.00%,10204,10.30%,10324,10.40%,4614,4.60%,4140,4.20%
E14001466,Sheffield Brightside and Hillsborough,25088,22.80%,5009,4.60%,4739,4.30%,12697,11.50%,14992,13.60%,11742,10.70%,8928,8.10%,6911,6.30%,13074,11.90%,6864,6.20%
E14001467,Sheffield Central,10017,11.10%,10391,11.60%,2052,2.30%,4636,5.20%,5064,5.60%,11865,13.20%,5410,6.00%,4300,4.80%,5730,6.40%,30481,33.90%
E14001468,Sheffield Hallam,16111,17.30%,18106,19.50%,2297,2.50%,5089,5.50%,4141,4.50%,19018,20.50%,7947,8.50%,6781,7.30%,3434,3.70%,10045,10.80%
E14001469,Sheffield Heeley,20542,19.40%,8394,7.90%,4520,4.30%,11820,11.20%,12742,12.10%,15206,14.40%,9403,8.90%,7198,6.80%,9380,8.90%,6468,6.10%
E14001470,Sheffield South East,19793,19.00%,6767,6.50%,5315,5.10%,12244,11.80%,12992,12.50%,13593,13.10%,10688,10.30%,7914,7.60%,9609,9.20%,5163,5.00%
E14001471,Sherwood Forest,18410,17.90%,9079,8.80%,6245,6.10%,11012,10.70%,12541,12.20%,16432,16.00%,10154,9.90%,8352,8.10%,6946,6.70%,3774,3.70%
E14001472,Shipley,17626,18.10%,12432,12.80%,4014,4.10%,8316,8.50%,8132,8.30%,18877,19.40%,10514,10.80%,8047,8.30%,5438,5.60%,4026,4.10%
E14001473,Shrewsbury,16945,16.90%,10479,10.50%,4816,4.80%,10650,10.60%,9759,9.70%,18453,18.40%,10073,10.10%,9397,9.40%,5143,5.10%,4395,4.40%
E14001474,Sittingbourne and Sheppey,22749,20.10%,7723,6.80%,6164,5.50%,11318,10.00%,14215,12.60%,16101,14.20%,11434,10.10%,10365,9.20%,8671,7.70%,4273,3.80%
E14001475,Skipton and Ripon,15174,15.60%,12594,12.90%,4536,4.60%,8530,8.70%,8488,8.70%,18479,18.90%,8929,9.20%,13206,13.50%,4173,4.30%,3467,3.60%
E14001476,Sleaford and North Hykeham,16569,17.20%,9642,10.00%,4932,5.10%,9607,10.00%,9254,9.60%,18352,19.00%,10605,11.00%,8580,8.90%,4992,5.20%,3814,4.00%
E14001477,Slough,34440,25.00%,10976,8.00%,5267,3.80%,11557,8.40%,13921,10.10%,17172,12.50%,11341,8.20%,11620,8.40%,12509,9.10%,8739,6.40%
E14001478,Smethwick,26397,23.00%,5698,5.00%,4778,4.20%,11900,10.40%,15222,13.20%,12452,10.80%,8955,7.80%,7076,6.20%,13975,12.20%,8443,7.30%
E14001479,Solihull West and Shirley,17129,18.50%,14509,15.70%,3383,3.70%,7228,7.80%,5809,6.30%,18038,19.50%,10057,10.90%,7041,7.60%,4912,5.30%,4259,4.60%
E14001480,South Basildon and East Thurrock,20378,20.10%,7651,7.50%,5188,5.10%,10489,10.30%,11404,11.20%,15330,15.10%,11058,10.90%,9052,8.90%,6534,6.40%,4382,4.30%
E14001481,South Cambridgeshire,18870,18.00%,20024,19.10%,3588,3.40%,7002,6.70%,6385,6.10%,20200,19.30%,9115,8.70%,8959,8.50%,4219,4.00%,6550,6.20%
E14001482,South Cotswolds,16163,17.10%,14924,15.80%,3936,4.20%,7603,8.00%,6896,7.30%,17750,18.80%,8544,9.00%,10980,11.60%,3778,4.00%,3954,4.20%
E14001483,South Derbyshire,17736,18.70%,10303,10.90%,5575,5.90%,8837,9.30%,10913,11.50%,16324,17.20%,9109,9.60%,7403,7.80%,4748,5.00%,3703,3.90%
E14001484,South Devon,13655,15.10%,9763,10.80%,3983,4.40%,9194,10.10%,7838,8.60%,16439,18.10%,7644,8.40%,13983,15.40%,4865,5.40%,3326,3.70%
E14001485,South Dorset,14859,15.10%,8670,8.80%,5856,5.90%,11808,12.00%,10228,10.40%,17662,17.90%,10163,10.30%,10482,10.60%,5397,5.50%,3332,3.40%
E14001486,South East Cornwall,13801,15.20%,8303,9.10%,4711,5.20%,10026,11.00%,9298,10.20%,15901,17.50%,8445,9.30%,12522,13.80%,4715,5.20%,3233,3.60%
E14001487,South Holland and The Deepings,18593,17.00%,7930,7.20%,6488,5.90%,11842,10.80%,17432,15.90%,16305,14.90%,10518,9.60%,10946,10.00%,5928,5.40%,3497,3.20%
E14001488,South Leicestershire,18555,18.30%,12144,12.00%,4772,4.70%,8417,8.30%,9267,9.10%,19220,18.90%,11075,10.90%,9722,9.60%,4239,4.20%,4101,4.00%
E14001489,South Norfolk,17182,18.60%,12134,13.10%,3947,4.30%,8241,8.90%,6992,7.60%,17867,19.30%,9847,10.60%,9216,10.00%,3569,3.90%,3553,3.80%
E14001490,South Northamptonshire,18733,18.40%,14497,14.30%,4453,4.40%,7573,7.50%,8051,7.90%,19676,19.40%,10851,10.70%,10220,10.10%,3558,3.50%,3951,3.90%
E14001491,South Ribble,16388,17.30%,10545,11.10%,4643,4.90%,8799,9.30%,8830,9.30%,17956,19.00%,10800,11.40%,7877,8.30%,5101,5.40%,3772,4.00%
E14001492,South Shields,15443,17.40%,6213,7.00%,4783,5.40%,10216,11.50%,10461,11.80%,13221,14.90%,9046,10.20%,5293,6.00%,9873,11.10%,4224,4.80%
E14001493,South Shropshire,13592,14.30%,10788,11.40%,4387,4.60%,9267,9.80%,8520,9.00%,17354,18.30%,8654,9.10%,14186,14.90%,4911,5.20%,3287,3.50%
E14001494,South Suffolk,14962,16.20%,10277,11.10%,4370,4.70%,9229,10.00%,8531,9.20%,16975,18.40%,9414,10.20%,10743,11.60%,4316,4.70%,3523,3.80%
E14001495,South West Devon,16689,17.20%,10569,10.90%,4906,5.10%,9307,9.60%,8297,8.60%,18931,19.50%,11041,11.40%,8878,9.20%,4432,4.60%,3928,4.10%
E14001496,South West Hertfordshire,19717,19.90%,15710,15.90%,3394,3.40%,6498,6.60%,5491,5.50%,18990,19.20%,9824,9.90%,10263,10.40%,4385,4.40%,4787,4.80%
E14001497,South West Norfolk,17798,17.20%,7701,7.40%,6311,6.10%,11700,11.30%,14153,13.70%,15777,15.20%,10058,9.70%,10511,10.20%,6318,6.10%,3221,3.10%
E14001498,South West Wiltshire,16943,17.50%,9483,9.80%,5496,5.70%,10324,10.70%,11378,11.70%,16511,17.00%,9719,10.00%,8988,9.30%,4646,4.80%,3449,3.60%
E14001499,Southampton Itchen,20082,18.20%,8619,7.80%,5268,4.80%,12127,11.00%,12203,11.10%,16005,14.50%,10144,9.20%,8754,8.00%,6801,6.20%,10058,9.10%
E14001500,Southampton Test,20287,18.40%,9151,8.30%,4730,4.30%,10566,9.60%,12893,11.70%,15651,14.20%,9033,8.20%,8139,7.40%,7576,6.90%,12506,11.30%
E14001501,Southend East and Rochford,18701,19.00%,8936,9.10%,4319,4.40%,10129,10.30%,9027,9.20%,15636,15.90%,10271,10.50%,9295,9.50%,7414,7.50%,4517,4.60%
E14001502,Southend West and Leigh,19421,18.90%,11179,10.90%,4027,3.90%,9553,9.30%,7756,7.50%,18738,18.20%,11558,11.20%,10277,10.00%,6277,6.10%,4047,3.90%
E14001503,Southgate and Wood Green,23272,18.10%,14737,11.50%,4507,3.50%,9332,7.30%,10133,7.90%,20526,16.00%,9697,7.50%,15545,12.10%,12168,9.50%,8558,6.70%
E14001504,Southport,15303,15.70%,9356,9.60%,4581,4.70%,10910,11.20%,9227,9.50%,17450,17.90%,9854,10.10%,9488,9.70%,7000,7.20%,4203,4.30%
E14001505,Spelthorne,19594,19.00%,12191,11.80%,4729,4.60%,8232,8.00%,7804,7.60%,19039,18.50%,12410,12.10%,9139,8.90%,5618,5.50%,4200,4.10%
E14001506,Spen Valley,18326,19.30%,8855,9.30%,4863,5.10%,8909,9.40%,10939,11.50%,15619,16.40%,9795,10.30%,7624,8.00%,6205,6.50%,3996,4.20%
E14001507,St Albans,21018,21.10%,19398,19.50%,2666,2.70%,5801,5.80%,5055,5.10%,19741,19.80%,8392,8.40%,8228,8.30%,4341,4.40%,4882,4.90%
E14001508,St Austell and Newquay,17030,17.10%,7016,7.00%,6164,6.20%,12107,12.10%,11834,11.90%,15044,15.10%,9042,9.10%,12026,12.10%,5689,5.70%,3804,3.80%
E14001509,St Helens North,18115,18.10%,7730,7.70%,5284,5.30%,11060,11.00%,13299,13.30%,15550,15.50%,9978,10.00%,6615,6.60%,8605,8.60%,3929,3.90%
E14001510,St Helens South and Whiston,16812,17.70%,7105,7.50%,4981,5.30%,10485,11.10%,12567,13.30%,14656,15.50%,9732,10.30%,5970,6.30%,8348,8.80%,4187,4.40%
E14001511,St Ives,13641,15.40%,7180,8.10%,4604,5.20%,10139,11.50%,8411,9.50%,15449,17.50%,7734,8.70%,13345,15.10%,4655,5.30%,3347,3.80%
E14001512,St Neots and Mid Cambridgeshire,21447,20.30%,17229,16.30%,4231,4.00%,8210,7.80%,7581,7.20%,19460,18.40%,10530,10.00%,8383,7.90%,3946,3.70%,4685,4.40%
E14001513,Stafford,16085,17.00%,10662,11.30%,4624,4.90%,8908,9.40%,10015,10.60%,17801,18.80%,9681,10.20%,7841,8.30%,5046,5.30%,3883,4.10%
E14001514,Staffordshire Moorlands,13337,15.60%,7994,9.40%,4955,5.80%,8755,10.30%,10015,11.80%,14358,16.80%,8207,9.60%,9625,11.30%,4689,5.50%,3294,3.90%
E14001515,Stalybridge and Hyde,19387,19.90%,7686,7.90%,4849,5.00%,9778,10.00%,10967,11.30%,15055,15.50%,10530,10.80%,7454,7.70%,7342,7.50%,4307,4.40%
E14001516,Stevenage,20041,20.00%,10287,10.30%,4660,4.70%,9735,9.70%,9328,9.30%,17252,17.30%,10789,10.80%,8263,8.30%,5324,5.30%,4292,4.30%
E14001517,Stockport,20842,19.90%,11315,10.80%,4386,4.20%,9687,9.20%,10310,9.80%,17638,16.80%,10937,10.40%,7404,7.10%,7808,7.40%,4516,4.30%
E14001518,Stockton North,19728,19.90%,5999,6.10%,5356,5.40%,11199,11.30%,13339,13.50%,13382,13.50%,8840,8.90%,5598,5.60%,10950,11.00%,4733,4.80%
E14001519,Stockton West,17176,18.80%,10787,11.80%,4349,4.80%,7541,8.30%,7248,7.90%,18137,19.90%,10004,11.00%,6371,7.00%,5429,5.90%,4300,4.70%
E14001520,Stoke-on-Trent Central,22421,19.90%,4793,4.20%,5769,5.10%,12765,11.30%,19890,17.60%,11887,10.50%,9260,8.20%,7262,6.40%,9836,8.70%,9058,8.00%
E14001521,Stoke-on-Trent North,19990,19.90%,5109,5.10%,5706,5.70%,11901,11.90%,16279,16.20%,11895,11.90%,9129,9.10%,7347,7.30%,8321,8.30%,4640,4.60%
E14001522,Stoke-on-Trent South,17965,19.00%,7258,7.70%,5070,5.40%,10090,10.70%,12852,13.60%,14080,14.90%,8762,9.30%,7410,7.80%,6727,7.10%,4275,4.50%
E14001523,"Stone, Great Wyrley and Penkridge",14697,15.80%,10373,11.20%,4895,5.30%,8486,9.10%,9300,10.00%,17338,18.70%,9792,10.50%,8961,9.70%,5557,6.00%,3438,3.70%
E14001524,Stourbridge,16848,18.10%,8087,8.70%,4513,4.90%,10525,11.30%,10172,11.00%,14700,15.80%,9563,10.30%,7290,7.80%,6959,7.50%,4231,4.60%
E14001525,Stratford and Bow,23338,18.30%,17345,13.60%,4065,3.20%,8961,7.00%,9269,7.30%,20134,15.80%,8362,6.50%,10279,8.00%,13636,10.70%,12325,9.70%
E14001526,Stratford-on-Avon,15223,16.00%,14603,15.40%,4013,4.20%,7958,8.40%,7083,7.40%,18364,19.30%,8903,9.40%,11287,11.90%,4253,4.50%,3398,3.60%
E14001527,Streatham and Croydon North,21502,18.10%,16367,13.80%,3853,3.20%,8122,6.80%,8769,7.40%,21912,18.50%,9644,8.10%,11973,10.10%,9065,7.60%,7374,6.20%
E14001528,Stretford and Urmston,20492,20.10%,10672,10.50%,4115,4.00%,8799,8.60%,9194,9.00%,17353,17.10%,10840,10.70%,6959,6.80%,7546,7.40%,5800,5.70%
E14001529,Stroud,16267,16.90%,12244,12.80%,4549,4.70%,9512,9.90%,8551,8.90%,18135,18.90%,8857,9.20%,10189,10.60%,4069,4.20%,3649,3.80%
E14001530,Suffolk Coastal,13760,14.80%,9853,10.60%,4603,4.90%,9934,10.70%,9051,9.70%,17494,18.80%,10019,10.70%,10556,11.30%,4896,5.30%,3077,3.30%
E14001531,Sunderland Central,16264,16.70%,6279,6.40%,4932,5.10%,10796,11.10%,11186,11.50%,14325,14.70%,9859,10.10%,5660,5.80%,11033,11.30%,7083,7.30%
E14001532,Surrey Heath,17901,18.20%,15755,16.10%,3605,3.70%,7296,7.40%,5600,5.70%,19368,19.70%,11082,11.30%,8968,9.10%,4341,4.40%,4213,4.30%
E14001533,Sussex Weald,15436,17.00%,11439,12.60%,3640,4.00%,8011,8.80%,5910,6.50%,16850,18.50%,9298,10.20%,12727,14.00%,4217,4.60%,3343,3.70%
E14001534,Sutton and Cheam,21491,20.50%,14774,14.10%,3560,3.40%,7607,7.30%,6116,5.80%,18848,18.00%,10950,10.50%,10221,9.80%,5998,5.70%,5060,4.80%
E14001535,Sutton Coldfield,17745,18.40%,15530,16.10%,3388,3.50%,6871,7.10%,5901,6.10%,19748,20.40%,10253,10.60%,7436,7.70%,5347,5.50%,4467,4.60%
E14001536,Swindon North,22178,20.80%,10537,9.90%,5554,5.20%,11177,10.50%,11575,10.90%,16445,15.50%,11452,10.80%,7676,7.20%,5549,5.20%,4251,4.00%
E14001537,Swindon South,21736,19.20%,11117,9.80%,5365,4.70%,11966,10.60%,15417,13.60%,16363,14.50%,11326,10.00%,7839,6.90%,7091,6.30%,4799,4.20%
E14001538,Tamworth,18279,18.20%,9011,9.00%,5556,5.50%,10885,10.80%,13402,13.40%,15375,15.30%,9908,9.90%,7743,7.70%,6112,6.10%,4101,4.10%
E14001539,Tatton,17570,18.00%,17707,18.10%,3119,3.20%,6630,6.80%,5843,6.00%,19331,19.80%,8745,8.90%,10190,10.40%,4829,4.90%,3903,4.00%
E14001540,Taunton and Wellington,19271,17.90%,10801,10.00%,5222,4.80%,11869,11.00%,10515,9.70%,19923,18.50%,11270,10.40%,9614,8.90%,5148,4.80%,4273,4.00%
E14001541,Telford,22210,21.20%,7857,7.50%,5925,5.70%,12033,11.50%,14255,13.60%,14013,13.40%,9356,8.90%,6885,6.60%,7736,7.40%,4535,4.30%
E14001542,Tewkesbury,17476,18.10%,11865,12.30%,4456,4.60%,9338,9.70%,7940,8.20%,18123,18.80%,10863,11.20%,8510,8.80%,4136,4.30%,3903,4.00%
E14001543,The Wrekin,18853,17.40%,11060,10.20%,5426,5.00%,10414,9.60%,11573,10.70%,18521,17.10%,10768,9.90%,8831,8.20%,6518,6.00%,6377,5.90%
E14001544,Thirsk and Malton,14692,15.20%,9964,10.30%,5254,5.40%,9964,10.30%,10325,10.70%,16800,17.40%,8617,8.90%,12956,13.40%,5043,5.20%,3174,3.30%
E14001545,Thornbury and Yate,17247,17.60%,12689,12.90%,4606,4.70%,8861,9.00%,8904,9.10%,18324,18.70%,10986,11.20%,8907,9.10%,3899,4.00%,3740,3.80%
E14001546,Thurrock,28539,23.60%,8318,6.90%,5480,4.50%,11570,9.60%,14161,11.70%,16733,13.90%,11169,9.20%,10263,8.50%,7821,6.50%,6754,5.60%
E14001547,Tipton and Wednesbury,25266,22.20%,4533,4.00%,5857,5.10%,14298,12.50%,17539,15.40%,11075,9.70%,9173,8.00%,6660,5.80%,13147,11.50%,6447,5.70%
E14001548,Tiverton and Minehead,14272,15.60%,8840,9.70%,4541,5.00%,9805,10.70%,9312,10.20%,15555,17.00%,8167,8.90%,13073,14.30%,4585,5.00%,3110,3.40%
E14001549,Tonbridge,18679,19.20%,13884,14.30%,3777,3.90%,7638,7.90%,6677,6.90%,17788,18.30%,10083,10.40%,10152,10.40%,4373,4.50%,4161,4.30%
E14001550,Tooting,17560,16.40%,23725,22.10%,2485,2.30%,5286,4.90%,5334,5.00%,23478,21.90%,7664,7.10%,8533,8.00%,6464,6.00%,6758,6.30%
E14001551,Torbay,16740,16.00%,7259,7.00%,5465,5.20%,13256,12.70%,11790,11.30%,16192,15.50%,10011,9.60%,12281,11.80%,7381,7.10%,4028,3.90%
E14001552,Torridge and Tavistock,14514,15.20%,8155,8.50%,4880,5.10%,11102,11.60%,9470,9.90%,15711,16.50%,8442,8.80%,14850,15.60%,5189,5.40%,3136,3.30%
E14001553,Tottenham,26842,19.70%,12246,9.00%,4960,3.60%,10600,7.80%,14047,10.30%,19404,14.20%,8581,6.30%,13156,9.70%,14856,10.90%,11586,8.50%
E14001554,Truro and Falmouth,14521,15.30%,10083,10.60%,4116,4.30%,9241,9.70%,7722,8.10%,17049,18.00%,8164,8.60%,10945,11.50%,4337,4.60%,8710,9.20%
E14001555,Tunbridge Wells,20838,19.80%,16437,15.60%,3512,3.30%,8009,7.60%,6921,6.60%,20025,19.00%,10060,9.50%,10860,10.30%,4497,4.30%,4265,4.00%
E14001556,Twickenham,21457,20.00%,22476,20.90%,2347,2.20%,5090,4.70%,4249,4.00%,22742,21.20%,8199,7.60%,9463,8.80%,4709,4.40%,6602,6.20%
E14001557,Tynemouth,16703,17.50%,11635,12.20%,3934,4.10%,8954,9.40%,7847,8.20%,18322,19.20%,10332,10.80%,6197,6.50%,7272,7.60%,4055,4.30%
E14001558,Uxbridge and South Ruislip,23807,20.10%,13689,11.60%,4446,3.80%,8325,7.00%,8260,7.00%,19493,16.50%,11595,9.80%,9775,8.30%,8016,6.80%,10926,9.20%
E14001559,Vauxhall and Camberwell Green,14680,14.20%,17295,16.70%,3345,3.20%,7375,7.10%,9367,9.10%,18575,18.00%,7160,6.90%,7018,6.80%,8269,8.00%,10248,9.90%
E14001560,Wakefield and Rothwell,20132,19.00%,9265,8.70%,5170,4.90%,10006,9.40%,15011,14.20%,15853,15.00%,10456,9.90%,7456,7.00%,8218,7.80%,4462,4.20%
E14001561,Wallasey,17766,18.40%,6859,7.10%,4726,4.90%,10978,11.40%,10599,11.00%,15468,16.00%,10837,11.20%,6824,7.10%,7998,8.30%,4378,4.50%
E14001562,Walsall and Bloxwich,27807,23.70%,5378,4.60%,4802,4.10%,12806,10.90%,16067,13.70%,11881,10.10%,8095,6.90%,7779,6.60%,14617,12.50%,8083,6.90%
E14001563,Walthamstow,25539,20.90%,14226,11.60%,4000,3.30%,8622,7.00%,9073,7.40%,20767,17.00%,8238,6.70%,12539,10.20%,10801,8.80%,8612,7.00%
E14001564,Warrington North,17227,17.80%,9027,9.30%,4774,4.90%,9660,10.00%,12705,13.10%,15378,15.90%,10434,10.80%,6883,7.10%,6496,6.70%,4062,4.20%
E14001565,Warrington South,18514,18.20%,13000,12.80%,4447,4.40%,8708,8.60%,10550,10.40%,18551,18.20%,10772,10.60%,7135,7.00%,5433,5.30%,4558,4.50%
E14001566,Warwick and Leamington,18375,17.40%,18106,17.20%,4047,3.80%,7978,7.60%,8378,7.90%,18273,17.30%,8779,8.30%,7325,6.90%,5155,4.90%,9045,8.60%
E14001567,Washington and Gateshead South,17287,18.30%,6176,6.50%,5151,5.40%,11782,12.50%,12951,13.70%,12712,13.40%,10093,10.70%,5207,5.50%,9202,9.70%,4000,4.20%
E14001568,Watford,22928,20.80%,13326,12.10%,4095,3.70%,8662,7.90%,8698,7.90%,19307,17.50%,10507,9.50%,10085,9.10%,6594,6.00%,6049,5.50%
E14001569,Waveney Valley,13020,14.80%,9117,10.30%,4532,5.10%,9097,10.30%,9325,10.60%,15391,17.50%,8463,9.60%,12002,13.60%,4387,5.00%,2859,3.20%
E14001570,Weald of Kent,16267,17.50%,11991,12.90%,3815,4.10%,7217,7.80%,6511,7.00%,17377,18.70%,9128,9.80%,12260,13.20%,4650,5.00%,3622,3.90%
E14001571,Wellingborough and Rushden,21919,19.50%,8224,7.30%,5861,5.20%,11676,10.40%,17798,15.80%,16062,14.30%,10932,9.70%,8698,7.70%,6528,5.80%,4761,4.20%
E14001572,Wells and Mendip Hills,14274,16.10%,11253,12.70%,3782,4.30%,8131,9.20%,7546,8.50%,16879,19.00%,8163,9.20%,10951,12.40%,3801,4.30%,3825,4.30%
E14001573,Welwyn Hatfield,21353,18.80%,13635,12.00%,4277,3.80%,9057,8.00%,8995,7.90%,18363,16.10%,10489,9.20%,8906,7.80%,5498,4.80%,13177,11.60%
E14001574,West Bromwich,23469,21.20%,6008,5.40%,5266,4.70%,12279,11.10%,15275,13.80%,12966,11.70%,9880,8.90%,7045,6.40%,11620,10.50%,7080,6.40%
E14001575,West Dorset,13590,14.50%,11015,11.80%,4230,4.50%,9047,9.70%,7497,8.00%,18836,20.10%,9021,9.60%,12560,13.40%,4311,4.60%,3482,3.70%
E14001576,West Ham and Beckton,27630,20.10%,12911,9.40%,5125,3.70%,11307,8.20%,12318,9.00%,17758,12.90%,9134,6.70%,13759,10.00%,14375,10.50%,12906,9.40%
E14001577,West Lancashire,16525,16.50%,9303,9.30%,4238,4.20%,9217,9.20%,11188,11.10%,16330,16.30%,9099,9.10%,8078,8.00%,6466,6.40%,9998,10.00%
E14001578,West Suffolk,21733,18.40%,10784,9.10%,6534,5.50%,11732,9.90%,14371,12.20%,19334,16.40%,12428,10.50%,10974,9.30%,5994,5.10%,4264,3.60%
E14001579,West Worcestershire,15147,15.40%,13665,13.90%,4217,4.30%,8814,9.00%,7473,7.60%,18926,19.30%,9318,9.50%,11942,12.20%,4730,4.80%,3990,4.10%
E14001580,Westmorland and Lonsdale,12511,13.80%,10331,11.40%,5283,5.80%,9286,10.20%,9141,10.10%,16155,17.80%,7272,8.00%,13438,14.80%,4206,4.60%,3299,3.60%
E14001581,Weston-super-Mare,17149,17.70%,8013,8.30%,5048,5.20%,12183,12.60%,11134,11.50%,15657,16.20%,9790,10.10%,8502,8.80%,5334,5.50%,4104,4.20%
E14001582,Wetherby and Easingwold,15625,17.10%,15205,16.60%,3304,3.60%,6509,7.10%,6318,6.90%,17707,19.30%,8680,9.50%,10397,11.40%,4110,4.50%,3671,4.00%
E14001583,Whitehaven and Workington,15874,17.10%,7469,8.00%,7240,7.80%,11827,12.70%,12342,13.30%,13860,14.90%,7940,8.50%,5797,6.20%,7715,8.30%,2972,3.20%
E14001584,Widnes and Halewood,17299,18.70%,6679,7.20%,5295,5.70%,10706,11.60%,11378,12.30%,13665,14.80%,9789,10.60%,5976,6.50%,7356,8.00%,4244,4.60%
E14001585,Wigan,19305,18.40%,7754,7.40%,5380,5.10%,10729,10.20%,15297,14.60%,15955,15.20%,10022,9.60%,7427,7.10%,8424,8.00%,4600,4.40%
E14001586,Wimbledon,21385,19.40%,25009,22.70%,2509,2.30%,5464,4.90%,4403,4.00%,22155,20.10%,8547,7.70%,9771,8.90%,5468,5.00%,5684,5.10%
E14001587,Winchester,18449,17.60%,18800,17.90%,3402,3.20%,6682,6.40%,5999,5.70%,20158,19.20%,8463,8.10%,9602,9.20%,3745,3.60%,9464,9.00%
E14001588,Windsor,21364,19.30%,16478,14.90%,3937,3.60%,6964,6.30%,6863,6.20%,19546,17.60%,9988,9.00%,9625,8.70%,5631,5.10%,10475,9.40%
E14001589,Wirral West,14353,16.30%,12887,14.70%,3445,3.90%,7085,8.10%,5886,6.70%,18487,21.00%,10122,11.50%,6878,7.80%,4908,5.60%,3829,4.40%
E14001590,Witham,18617,18.20%,11767,11.50%,4584,4.50%,9788,9.60%,8795,8.60%,18284,17.90%,11080,10.80%,10486,10.20%,5093,5.00%,3893,3.80%
E14001591,Witney,18101,18.60%,13565,13.90%,4559,4.70%,8085,8.30%,7770,8.00%,18738,19.30%,10070,10.40%,9334,9.60%,3528,3.60%,3510,3.60%
E14001592,Woking,20961,20.20%,17964,17.30%,3473,3.30%,7730,7.40%,6068,5.80%,18930,18.20%,9833,9.50%,9254,8.90%,5127,4.90%,4604,4.40%
E14001593,Wokingham,20262,20.60%,20213,20.60%,2790,2.80%,5895,6.00%,4108,4.20%,19995,20.40%,9499,9.70%,7890,8.00%,3443,3.50%,4133,4.20%
E14001594,Wolverhampton North East,22290,21.30%,4947,4.70%,5311,5.10%,12433,11.90%,15557,14.90%,12300,11.80%,9225,8.80%,6225,6.00%,10106,9.70%,6134,5.90%
E14001595,Wolverhampton South East,27846,23.30%,4566,3.80%,5595,4.70%,14674,12.30%,19107,16.00%,11816,9.90%,8992,7.50%,6781,5.70%,13357,11.20%,7010,5.90%
E14001596,Wolverhampton West,21711,19.30%,9024,8.00%,4584,4.10%,10771,9.60%,13518,12.00%,16398,14.60%,9701,8.60%,8062,7.20%,11145,9.90%,7742,6.90%
E14001597,Worcester,18265,17.60%,10201,9.80%,4897,4.70%,10613,10.20%,11287,10.90%,17790,17.10%,10187,9.80%,7397,7.10%,5865,5.60%,7370,7.10%
E14001598,Worsley and Eccles,20568,19.30%,10777,10.10%,4904,4.60%,9771,9.20%,11216,10.50%,17456,16.40%,11596,10.90%,7489,7.00%,8050,7.50%,4803,4.50%
E14001599,Worthing West,15729,15.80%,11217,11.20%,4397,4.40%,10453,10.50%,7594,7.60%,19116,19.20%,11610,11.60%,10224,10.30%,5643,5.70%,3747,3.80%
E14001600,Wycombe,22208,20.90%,12996,12.20%,3977,3.70%,9019,8.50%,8018,7.50%,17753,16.70%,9203,8.70%,9927,9.30%,6847,6.40%,6340,6.00%
E14001601,Wyre Forest,17044,16.80%,9054,8.90%,5567,5.50%,11565,11.40%,12129,11.90%,16145,15.90%,9950,9.80%,9716,9.60%,6612,6.50%,3826,3.80%
E14001602,Wythenshawe and Sale East,25024,22.40%,10611,9.50%,4682,4.20%,10092,9.00%,12018,10.80%,16353,14.70%,10853,9.70%,7035,6.30%,9559,8.60%,5354,4.80%
E14001603,Yeovil,17975,17.10%,8996,8.60%,5978,5.70%,12920,12.30%,12188,11.60%,17573,16.80%,10557,10.10%,10049,9.60%,5057,4.80%,3580,3.40%
E14001604,York Central,15267,14.00%,12049,11.00%,4579,4.20%,8866,8.10%,10645,9.70%,16176,14.80%,8093,7.40%,6905,6.30%,4873,4.50%,21817,20.00%
E14001605,York Outer,15471,16.50%,13291,14.20%,4018,4.30%,8279,8.80%,7661,8.20%,18148,19.40%,9841,10.50%,7706,8.20%,4258,4.60%,4877,5.20%
W07000081,Aberafan Maesteg,17225,18.60%,4985,5.40%,6243,6.70%,12511,13.50%,13011,14.10%,12051,13.00%,8509,9.20%,5345,5.80%,8551,9.20%,4144,4.50%
W07000082,Alyn and Deeside,18573,18.20%,8275,8.10%,6170,6.00%,11442,11.20%,13754,13.50%,15968,15.60%,10829,10.60%,6991,6.80%,5693,5.60%,4375,4.30%
W07000083,Bangor Aberconwy,14375,15.60%,7812,8.50%,4499,4.90%,9817,10.60%,8245,8.90%,15744,17.10%,7663,8.30%,10032,10.90%,5244,5.70%,8831,9.60%
W07000084,Blaenau Gwent and Rhymney,16891,17.90%,4181,4.40%,6436,6.80%,12937,13.70%,15390,16.30%,11227,11.90%,8268,8.80%,5623,6.00%,9515,10.10%,3931,4.20%
W07000085,"Brecon, Radnor and Cwm Tawe",14420,15.70%,7745,8.40%,4827,5.20%,9721,10.60%,9042,9.80%,15893,17.30%,8602,9.30%,12814,13.90%,5483,6.00%,3507,3.80%
W07000086,Bridgend,16425,17.30%,9053,9.50%,5206,5.50%,10318,10.90%,9675,10.20%,17724,18.60%,9484,10.00%,6799,7.20%,6301,6.60%,4070,4.30%
W07000087,Caerfyrddin,15396,16.40%,7476,8.00%,4620,4.90%,9838,10.50%,9287,9.90%,15848,16.90%,8490,9.00%,12665,13.50%,5895,6.30%,4334,4.60%
W07000088,Caerphilly,18084,18.80%,7515,7.80%,5353,5.60%,10301,10.70%,11513,11.90%,14846,15.40%,10489,10.90%,6316,6.60%,7461,7.70%,4495,4.70%
W07000089,Cardiff East,20731,19.20%,10618,9.80%,3873,3.60%,9613,8.90%,9071,8.40%,15583,14.40%,9661,8.90%,6424,5.90%,8694,8.00%,13741,12.70%
W07000090,Cardiff North,16795,17.90%,14270,15.20%,2967,3.20%,6544,7.00%,5345,5.70%,18942,20.20%,10097,10.80%,5944,6.30%,4603,4.90%,8384,8.90%
W07000091,Cardiff South and Penarth,16349,15.40%,12019,11.30%,3302,3.10%,7717,7.20%,7173,6.70%,16413,15.40%,8480,8.00%,6181,5.80%,7221,6.80%,21603,20.30%
W07000092,Cardiff West,20962,20.40%,12594,12.30%,3712,3.60%,8774,8.60%,8377,8.20%,17628,17.20%,9421,9.20%,6689,6.50%,8012,7.80%,6339,6.20%
W07000093,Ceredigion Preseli,13604,14.50%,8070,8.60%,4163,4.40%,8753,9.30%,7885,8.40%,15513,16.50%,7399,7.90%,14766,15.70%,4698,5.00%,8970,9.60%
W07000094,Clwyd East,15817,16.50%,9116,9.50%,5211,5.40%,10141,10.60%,9645,10.00%,17564,18.30%,9585,10.00%,9126,9.50%,5727,6.00%,4184,4.40%
W07000095,Clwyd North,17766,17.80%,7047,7.00%,5192,5.20%,12491,12.50%,10711,10.70%,16077,16.10%,9392,9.40%,8665,8.70%,8206,8.20%,4430,4.40%
W07000096,Dwyfor Meirionnydd,15865,16.80%,7484,7.90%,5109,5.40%,10514,11.10%,9913,10.50%,16024,17.00%,7776,8.20%,12403,13.10%,5369,5.70%,4022,4.30%
W07000097,Gower,16209,16.80%,10714,11.10%,4480,4.70%,9139,9.50%,7906,8.20%,18701,19.40%,10842,11.30%,7321,7.60%,5315,5.50%,5637,5.90%
W07000098,Llanelli,17015,18.10%,6335,6.70%,5146,5.50%,11815,12.60%,11270,12.00%,14933,15.90%,9200,9.80%,7232,7.70%,6767,7.20%,4335,4.60%
W07000099,Merthyr Tydfil and Aberdare,18677,18.70%,5637,5.70%,5869,5.90%,11869,11.90%,13729,13.80%,14242,14.30%,9544,9.60%,6626,6.60%,8800,8.80%,4659,4.70%
W07000100,Mid and South Pembrokeshire,17289,17.10%,6957,6.90%,6224,6.20%,12837,12.70%,10706,10.60%,16079,15.90%,8440,8.40%,11705,11.60%,6953,6.90%,3824,3.80%
W07000101,Monmouthshire,14718,15.80%,12371,13.30%,4120,4.40%,8341,9.00%,8562,9.20%,18369,19.80%,8437,9.10%,9727,10.50%,4628,5.00%,3684,4.00%
W07000102,Montgomeryshire and Glyndwr,16761,17.10%,7050,7.20%,5299,5.40%,11315,11.60%,11477,11.70%,15043,15.40%,8504,8.70%,12538,12.80%,5744,5.90%,4059,4.20%
W07000103,Neath and Swansea East,17474,17.60%,6746,6.80%,5931,6.00%,11792,11.80%,11695,11.80%,14768,14.80%,10695,10.70%,5844,5.90%,7545,7.60%,7038,7.10%
W07000104,Newport East,22188,20.20%,7815,7.10%,5322,4.80%,11786,10.70%,14751,13.40%,15498,14.10%,10872,9.90%,6540,5.90%,9586,8.70%,5729,5.20%
W07000105,Newport West and Islwyn,19236,18.90%,9786,9.60%,5420,5.30%,10154,10.00%,11643,11.50%,16943,16.70%,10750,10.60%,6370,6.30%,6747,6.60%,4540,4.50%
W07000106,Pontypridd,18844,18.60%,7592,7.50%,5381,5.30%,10566,10.40%,11358,11.20%,15878,15.70%,10462,10.30%,6977,6.90%,7458,7.40%,6921,6.80%
W07000107,Rhondda and Ogmore,18492,18.50%,4776,4.80%,6029,6.00%,13437,13.40%,14713,14.70%,12384,12.40%,9373,9.40%,7020,7.00%,9181,9.20%,4663,4.70%
W07000108,Swansea West,17387,16.60%,7293,7.00%,4656,4.50%,11110,10.60%,11644,11.10%,13407,12.80%,9440,9.00%,5701,5.50%,9287,8.90%,14618,14.00%
W07000109,Torfaen,17163,18.60%,6516,7.10%,5360,5.80%,11045,12.00%,12337,13.40%,14229,15.40%,9378,10.20%,5741,6.20%,6658,7.20%,3850,4.20%
W07000110,Vale of Glamorgan,17609,18.70%,9963,10.60%,4476,4.70%,10036,10.60%,7662,8.10%,16968,18.00%,9883,10.50%,7361,7.80%,6008,6.40%,4425,4.70%
W07000111,Wrexham,18008,18.20%,7743,7.80%,5492,5.50%,10594,10.70%,13311,13.40%,15189,15.30%,9901,10.00%,7220,7.30%,6540,6.60%,5081,5.10%
W07000112,Ynys Môn,11731,17.00%,5557,8.10%,3784,5.50%,7868,11.40%,6885,10.00%,11764,17.10%,6220,9.00%,7445,10.80%,4586,6.70%,3039,4.40%